<?xml version="1.1" encoding="UTF-8"?>

<project i18n.job.generated.documetation="Generated documentation" i18n.job.project.name="Project Name" i18n.job.generated.date="GENERATION DATE" i18n.job.author="AUTHOR" i18n.job.summary="Summary" i18n.job.project.description="Project Description" i18n.job.job.description="Description" i18n.job.job.preview.picture="Preview Picture" i18n.job.job.setting="Settings" i18n.job.context.list="Context List" i18n.job.component.list="Component List" i18n.job.components.description="Components Description" i18n.job.source.code="Source Code" i18n.job.properties="Properties" i18n.job.values="Values" i18n.job.name="Name" i18n.job.language="Language" i18n.job.description="Description" i18n.job.author.min="Author" i18n.job.version="Version" i18n.job.purpose="Purpose" i18n.job.status="Status" i18n.job.creation="Creation" i18n.job.modification="Modification" i18n.job.extract.settings="Extra settings" i18n.job.value="Value" i18n.job.stats.logs="Status &amp; Logs" i18n.job.context="Context" i18n.job.promt="Prompt" i18n.job.need.promt="Need Prompt?" i18n.job.type="Type" i18n.job.source="Source" i18n.job.component.name="Component Name" i18n.job.component.type="Component Type" i18n.job.component="Component" i18n.job.unique.name="UNIQUE NAME" i18n.job.input="INPUT(S)" i18n.job.label="LABEL" i18n.job.output="OUTPUT(S)" i18n.job.component.parameters="Component Parameters:" i18n.job.schema.for="Schema for " i18n.job.column="Column" i18n.job.key="Key" i18n.job.length="Length" i18n.job.precision="Precision" i18n.job.nullable="Nullable" i18n.job.comment="Comment" i18n.job.original.function.parameters="Original Function Parameters:" i18n.job.ended="ended" i18n.job.content="content" i18n.route.manifest.type="Type" i18n.route.manifest.value="Value" i18n.route.resource.name="Name" i18n.route.resource.version="Version" i18n.route.resource.path="Path" name="Final_Project" logo="pictures/logo.jpg" title="Generated by Talend Data Fabric" link="http://www.talend.com" language="java" generatedDate="Apr 30, 2017 12:31:12 AM" versionName="Talend Data Fabric VERSION " version="6.3.1.20161216_1026" docType="Jobs" company="">
  <pro-description><![CDATA[]]></pro-description>
  <job name="FactResellerSales_SQLServer" author="user@talend.com" i18n.job.extract.settings.type="i18n.job.extract.settings" i18n.job.stats.logs.type="i18n.job.stats.logs" version="0.1" purpose="" status="" creation="Apr 25, 2017 10:33:52 PM" modification="Apr 29, 2017 7:06:20 PM">
    <description><![CDATA[<br/>]]></description>
    <preview picture="pictures/FactResellerSales_SQLServer_0.1.png"/>
    <contextList>
      <context name="Default"/>
    </contextList>
    <jobSetting>
      <extra>
        <jobParameter name="COMP_DEFAULT_FILE_DIR" value=""/>
        <jobParameter name="Multi thread execution" value="true"/>
        <jobParameter name="Implicit tContextLoad" value="false"/>
      </extra>
      <Statslogs>
        <jobParameter name="Use statistics (tStatCatcher)" value="false"/>
        <jobParameter name="Use logs (tLogCatcher)" value="false"/>
        <jobParameter name="Use volumetrics (tFlowMeterCatcher)" value="false"/>
        <jobParameter name="On Console" value="false"/>
        <jobParameter name="On Files" value="false"/>
        <jobParameter name="On Databases" value="false"/>
        <jobParameter name="Catch components statistics" value="false"/>
        <jobParameter name="Catch runtime errors" value="true"/>
        <jobParameter name="Catch user errors" value="true"/>
        <jobParameter name="Catch user warnings" value="true"/>
      </Statslogs>
    </jobSetting>
    <componentList>
      <componentItem name="CNTL_Job_Tracking_Stats_CHILD_1" link="CNTL_Job_Tracking_Stats_CHILD_1" type="CNTL_Job_Tracking_Stats_CHILD" leftTopX="128" leftTopY="64" rightBottomX="160" rightBottomY="96"/>
      <componentItem name="tMSSqlInput_1" link="tMSSqlInput_1" type="tMSSqlInput" leftTopX="384" leftTopY="128" rightBottomX="416" rightBottomY="160"/>
      <componentItem name="tMSSqlInput_2" link="tMSSqlInput_2" type="tMSSqlInput" leftTopX="416" leftTopY="192" rightBottomX="448" rightBottomY="224"/>
      <componentItem name="tMSSqlInput_3" link="tMSSqlInput_3" type="tMSSqlInput" leftTopX="448" leftTopY="256" rightBottomX="480" rightBottomY="288"/>
      <componentItem name="tMSSqlInput_4" link="tMSSqlInput_4" type="tMSSqlInput" leftTopX="480" leftTopY="320" rightBottomX="512" rightBottomY="352"/>
      <componentItem name="tMSSqlInput_6" link="tMSSqlInput_6" type="tMSSqlInput" leftTopX="352" leftTopY="64" rightBottomX="384" rightBottomY="96"/>
      <componentItem name="tMSSqlOutput_1" link="tMSSqlOutput_1" type="tMSSqlOutput" leftTopX="1088" leftTopY="64" rightBottomX="1120" rightBottomY="96"/>
      <componentItem name="tMSSqlOutput_2" link="tMSSqlOutput_2" type="tMSSqlOutput" leftTopX="1088" leftTopY="224" rightBottomX="1120" rightBottomY="256"/>
      <componentItem name="tMap_1" link="tMap_1" type="tMap" leftTopX="800" leftTopY="64" rightBottomX="832" rightBottomY="96"/>
    </componentList>
    <internalNodeComponents>
      <component icon="pictures/tMSSqlInput_1.png" uniqueName="tMSSqlInput_1" label="__TABLE__">
        <input>none</input>
        <output link="tMap_1">tMap_1</output>
        <componentType>tMSSqlInput</componentType>
        <parameters>
          <column name="Unique Name" value="tMSSqlInput_1"/>
          <column name="Component Name" value="tMSSqlInput"/>
          <column name="Version" value="0.102 (ALPHA)"/>
          <column name="Family" value="Databases/MS_SQL_Server"/>
          <column name="Start" value="false"/>
          <column name="Startable" value="true"/>
          <column name="SUBTREE_START" value="false"/>
          <column name="END_OF_FLOW" value="false"/>
          <column name="Activate" value="true"/>
          <column name="DUMMY" value="false"/>
          <column name="tStatCatcher Statistics" value="false"/>
          <column name="Help" value="org.talend.help.tMSSqlInput"/>
          <column name="Update components" value="true"/>
          <column name="IREPORT_PATH" value=""/>
          <column name="JAVA_LIBRARY_PATH" value="C:\Program Files (x86)\Talend-Studio-6.3\studio\configuration\lib\java"/>
          <column name="Subjob color" value=""/>
          <column name="Title color" value=""/>
          <column name="Enable parallel execution" value="false"/>
          <column name="Number of parallel executions" value="2"/>
          <column name="" value="false"/>
          <column name="Use an existing connection" value="false"/>
          <column name="Component List" value=""/>
          <column name="Property Type" value="repository: DB (MSSQL):SQLServer_Target"/>
          <column name="Host" value="&quot;localhost&quot;"/>
          <column name="JDBC Provider" value="JTDS"/>
          <column name="Database Driver" value="MSSQL"/>
          <column name="Port" value="&quot;1433&quot;"/>
          <column name="Schema" value="&quot;&quot;"/>
          <column name="Database" value="&quot;retail_dw&quot;"/>
          <column name="Username" value="&quot;sa&quot;"/>
          <column name="Password" value="************"/>
          <column name="REPOSITORY_ALLOW_AUTO_SWITCH" value="true"/>
          <column name="Schema" value="Built-In"/>
          <column name="Table Name" value="&quot;DimDate&quot;"/>
          <column name="Query Type" value="Built-In"/>
          <column name="Guess Schema" value="&quot;&quot;"/>
          <column name="Query" value="&quot;SELECT DimDate.DateSK,
		DimDate.FullDateAK,
		DimDate.FullDateTimeAK
FROM	DimDate&quot;"/>
          <column name="Specify a data source alias" value="false"/>
          <column name="Data source alias" value="&quot;&quot;"/>
          <column name="Mapping" value="id_MSSQL"/>
          <column name="Additional JDBC Parameters" value="&quot;&quot;"/>
          <column name="Encoding" value="&quot;ISO-8859-15&quot;"/>
          <column name="Trim all the String/Char columns" value="true"/>
          <column name="Trim column" value="[{TRIM=false, SCHEMA_COLUMN=DateSK}, {TRIM=false, SCHEMA_COLUMN=FullDateAK}, {TRIM=false, SCHEMA_COLUMN=FullDateTimeAK}]"/>
          <column name="Label format" value="__TABLE__"/>
          <column name="Hint format" value="&lt;b&gt;__UNIQUE_NAME__&lt;/b&gt;&lt;br&gt;__COMMENT__"/>
          <column name="Connection format" value="row"/>
          <column name="Show Information" value="false"/>
          <column name="Comment" value=""/>
          <column name="Use an existing validation rule" value="false"/>
          <column name="Validation Rule Type" value=""/>
        </parameters>
        <schemas>
          <schema name="DimDate">
            <column name="DateSK" key="true" type="int" length="10" precision="" nullable="false" comment=""/>
            <column name="FullDateAK" key="false" type="java.util.Date" length="10" precision="" nullable="true" comment=""/>
            <column name="FullDateTimeAK" key="false" type="java.util.Date" length="23" precision="3" nullable="true" comment=""/>
          </schema>
        </schemas>
      </component>
      <component icon="pictures/tMSSqlInput_2.png" uniqueName="tMSSqlInput_2" label="__TABLE__">
        <input>none</input>
        <output link="tMap_1">tMap_1</output>
        <componentType>tMSSqlInput</componentType>
        <parameters>
          <column name="Unique Name" value="tMSSqlInput_2"/>
          <column name="Component Name" value="tMSSqlInput"/>
          <column name="Version" value="0.102 (ALPHA)"/>
          <column name="Family" value="Databases/MS_SQL_Server"/>
          <column name="Start" value="false"/>
          <column name="Startable" value="true"/>
          <column name="SUBTREE_START" value="false"/>
          <column name="END_OF_FLOW" value="false"/>
          <column name="Activate" value="true"/>
          <column name="DUMMY" value="false"/>
          <column name="tStatCatcher Statistics" value="false"/>
          <column name="Help" value="org.talend.help.tMSSqlInput"/>
          <column name="Update components" value="true"/>
          <column name="IREPORT_PATH" value=""/>
          <column name="JAVA_LIBRARY_PATH" value="C:\Program Files (x86)\Talend-Studio-6.3\studio\configuration\lib\java"/>
          <column name="Subjob color" value=""/>
          <column name="Title color" value=""/>
          <column name="Enable parallel execution" value="false"/>
          <column name="Number of parallel executions" value="2"/>
          <column name="" value="false"/>
          <column name="Use an existing connection" value="false"/>
          <column name="Component List" value=""/>
          <column name="Property Type" value="repository: DB (MSSQL):SQLServer_Target"/>
          <column name="Host" value="&quot;localhost&quot;"/>
          <column name="JDBC Provider" value="JTDS"/>
          <column name="Database Driver" value="MSSQL"/>
          <column name="Port" value="&quot;1433&quot;"/>
          <column name="Schema" value="&quot;&quot;"/>
          <column name="Database" value="&quot;retail_dw&quot;"/>
          <column name="Username" value="&quot;sa&quot;"/>
          <column name="Password" value="************"/>
          <column name="REPOSITORY_ALLOW_AUTO_SWITCH" value="true"/>
          <column name="Schema" value="Built-In"/>
          <column name="Table Name" value="&quot;DimStore&quot;"/>
          <column name="Query Type" value="Built-In"/>
          <column name="Guess Schema" value="&quot;&quot;"/>
          <column name="Query" value="&quot;SELECT DimStore.StoreSK,
		DimStore.StoreID,
		DimStore.StoreKey,
		DimStore.GeographySK
FROM	DimStore&quot;"/>
          <column name="Specify a data source alias" value="false"/>
          <column name="Data source alias" value="&quot;&quot;"/>
          <column name="Mapping" value="id_MSSQL"/>
          <column name="Additional JDBC Parameters" value="&quot;&quot;"/>
          <column name="Encoding" value="&quot;ISO-8859-15&quot;"/>
          <column name="Trim all the String/Char columns" value="true"/>
          <column name="Trim column" value="[{TRIM=false, SCHEMA_COLUMN=StoreSK}, {TRIM=false, SCHEMA_COLUMN=StoreID}, {TRIM=false, SCHEMA_COLUMN=StoreKey}, {TRIM=false, SCHEMA_COLUMN=GeographySK}]"/>
          <column name="Label format" value="__TABLE__"/>
          <column name="Hint format" value="&lt;b&gt;__UNIQUE_NAME__&lt;/b&gt;&lt;br&gt;__COMMENT__"/>
          <column name="Connection format" value="row"/>
          <column name="Show Information" value="false"/>
          <column name="Comment" value=""/>
          <column name="Use an existing validation rule" value="false"/>
          <column name="Validation Rule Type" value=""/>
        </parameters>
        <schemas>
          <schema name="DimStore">
            <column name="StoreSK" key="true" type="int" length="10" precision="" nullable="false" comment=""/>
            <column name="StoreID" key="false" type="int" length="10" precision="" nullable="false" comment=""/>
            <column name="StoreKey" key="false" type="int" length="10" precision="" nullable="false" comment=""/>
            <column name="GeographySK" key="false" type="int" length="10" precision="" nullable="false" comment=""/>
          </schema>
        </schemas>
      </component>
      <component icon="pictures/tMSSqlInput_3.png" uniqueName="tMSSqlInput_3" label="__TABLE__">
        <input>none</input>
        <output link="tMap_1">tMap_1</output>
        <componentType>tMSSqlInput</componentType>
        <parameters>
          <column name="Unique Name" value="tMSSqlInput_3"/>
          <column name="Component Name" value="tMSSqlInput"/>
          <column name="Version" value="0.102 (ALPHA)"/>
          <column name="Family" value="Databases/MS_SQL_Server"/>
          <column name="Start" value="false"/>
          <column name="Startable" value="true"/>
          <column name="SUBTREE_START" value="false"/>
          <column name="END_OF_FLOW" value="false"/>
          <column name="Activate" value="true"/>
          <column name="DUMMY" value="false"/>
          <column name="tStatCatcher Statistics" value="false"/>
          <column name="Help" value="org.talend.help.tMSSqlInput"/>
          <column name="Update components" value="true"/>
          <column name="IREPORT_PATH" value=""/>
          <column name="JAVA_LIBRARY_PATH" value="C:\Program Files (x86)\Talend-Studio-6.3\studio\configuration\lib\java"/>
          <column name="Subjob color" value=""/>
          <column name="Title color" value=""/>
          <column name="Enable parallel execution" value="false"/>
          <column name="Number of parallel executions" value="2"/>
          <column name="" value="false"/>
          <column name="Use an existing connection" value="false"/>
          <column name="Component List" value=""/>
          <column name="Property Type" value="repository: DB (MSSQL):SQLServer_Target"/>
          <column name="Host" value="&quot;localhost&quot;"/>
          <column name="JDBC Provider" value="JTDS"/>
          <column name="Database Driver" value="MSSQL"/>
          <column name="Port" value="&quot;1433&quot;"/>
          <column name="Schema" value="&quot;&quot;"/>
          <column name="Database" value="&quot;retail_dw&quot;"/>
          <column name="Username" value="&quot;sa&quot;"/>
          <column name="Password" value="************"/>
          <column name="REPOSITORY_ALLOW_AUTO_SWITCH" value="true"/>
          <column name="Schema" value="Built-In"/>
          <column name="Table Name" value="&quot;DimProduct&quot;"/>
          <column name="Query Type" value="Built-In"/>
          <column name="Guess Schema" value="&quot;&quot;"/>
          <column name="Query" value="&quot;SELECT DimProduct.ProductSK,
		DimProduct.ProductKey,
		DimProduct.Product_ID,
		DimProduct.Brand_ID,
		DimProduct.ProductLabel
FROM	DimProduct&quot;"/>
          <column name="Specify a data source alias" value="false"/>
          <column name="Data source alias" value="&quot;&quot;"/>
          <column name="Mapping" value="id_MSSQL"/>
          <column name="Additional JDBC Parameters" value="&quot;&quot;"/>
          <column name="Encoding" value="&quot;ISO-8859-15&quot;"/>
          <column name="Trim all the String/Char columns" value="true"/>
          <column name="Trim column" value="[{TRIM=false, SCHEMA_COLUMN=ProductSK}, {TRIM=false, SCHEMA_COLUMN=ProductKey}, {TRIM=false, SCHEMA_COLUMN=Product_ID}, {TRIM=false, SCHEMA_COLUMN=Brand_ID}, {TRIM=false, SCHEMA_COLUMN=ProductLabel}]"/>
          <column name="Label format" value="__TABLE__"/>
          <column name="Hint format" value="&lt;b&gt;__UNIQUE_NAME__&lt;/b&gt;&lt;br&gt;__COMMENT__"/>
          <column name="Connection format" value="row"/>
          <column name="Show Information" value="false"/>
          <column name="Comment" value=""/>
          <column name="Use an existing validation rule" value="false"/>
          <column name="Validation Rule Type" value=""/>
        </parameters>
        <schemas>
          <schema name="DimProduct">
            <column name="ProductSK" key="true" type="int" length="10" precision="" nullable="false" comment=""/>
            <column name="ProductKey" key="false" type="int" length="10" precision="" nullable="false" comment=""/>
            <column name="Product_ID" key="false" type="String" length="24" precision="" nullable="false" comment=""/>
            <column name="Brand_ID" key="false" type="String" length="24" precision="" nullable="false" comment=""/>
            <column name="ProductLabel" key="false" type="String" length="24" precision="" nullable="false" comment=""/>
          </schema>
        </schemas>
      </component>
      <component icon="pictures/tMSSqlInput_4.png" uniqueName="tMSSqlInput_4" label="__TABLE__">
        <input>none</input>
        <output link="tMap_1">tMap_1</output>
        <componentType>tMSSqlInput</componentType>
        <parameters>
          <column name="Unique Name" value="tMSSqlInput_4"/>
          <column name="Component Name" value="tMSSqlInput"/>
          <column name="Version" value="0.102 (ALPHA)"/>
          <column name="Family" value="Databases/MS_SQL_Server"/>
          <column name="Start" value="false"/>
          <column name="Startable" value="true"/>
          <column name="SUBTREE_START" value="false"/>
          <column name="END_OF_FLOW" value="false"/>
          <column name="Activate" value="true"/>
          <column name="DUMMY" value="false"/>
          <column name="tStatCatcher Statistics" value="false"/>
          <column name="Help" value="org.talend.help.tMSSqlInput"/>
          <column name="Update components" value="true"/>
          <column name="IREPORT_PATH" value=""/>
          <column name="JAVA_LIBRARY_PATH" value="C:\Program Files (x86)\Talend-Studio-6.3\studio\configuration\lib\java"/>
          <column name="Subjob color" value=""/>
          <column name="Title color" value=""/>
          <column name="Enable parallel execution" value="false"/>
          <column name="Number of parallel executions" value="2"/>
          <column name="" value="false"/>
          <column name="Use an existing connection" value="false"/>
          <column name="Component List" value=""/>
          <column name="Property Type" value="repository: DB (MSSQL):SQLServer_Target"/>
          <column name="Host" value="&quot;localhost&quot;"/>
          <column name="JDBC Provider" value="JTDS"/>
          <column name="Database Driver" value="MSSQL"/>
          <column name="Port" value="&quot;1433&quot;"/>
          <column name="Schema" value="&quot;&quot;"/>
          <column name="Database" value="&quot;retail_dw&quot;"/>
          <column name="Username" value="&quot;sa&quot;"/>
          <column name="Password" value="************"/>
          <column name="REPOSITORY_ALLOW_AUTO_SWITCH" value="true"/>
          <column name="Schema" value="Built-In"/>
          <column name="Table Name" value="&quot;DimPromotion&quot;"/>
          <column name="Query Type" value="Built-In"/>
          <column name="Guess Schema" value="&quot;&quot;"/>
          <column name="Query" value="&quot;SELECT DimPromotion.PromotionSK,
		DimPromotion.PromotionID,
		DimPromotion.PromotionKey,
		DimPromotion.PromotionLabel
FROM	DimPromotion&quot;"/>
          <column name="Specify a data source alias" value="false"/>
          <column name="Data source alias" value="&quot;&quot;"/>
          <column name="Mapping" value="id_MSSQL"/>
          <column name="Additional JDBC Parameters" value="&quot;&quot;"/>
          <column name="Encoding" value="&quot;ISO-8859-15&quot;"/>
          <column name="Trim all the String/Char columns" value="true"/>
          <column name="Trim column" value="[{TRIM=false, SCHEMA_COLUMN=PromotionSK}, {TRIM=false, SCHEMA_COLUMN=PromotionID}, {TRIM=false, SCHEMA_COLUMN=PromotionKey}, {TRIM=false, SCHEMA_COLUMN=PromotionLabel}]"/>
          <column name="Label format" value="__TABLE__"/>
          <column name="Hint format" value="&lt;b&gt;__UNIQUE_NAME__&lt;/b&gt;&lt;br&gt;__COMMENT__"/>
          <column name="Connection format" value="row"/>
          <column name="Show Information" value="false"/>
          <column name="Comment" value=""/>
          <column name="Use an existing validation rule" value="false"/>
          <column name="Validation Rule Type" value=""/>
        </parameters>
        <schemas>
          <schema name="DimPromotion">
            <column name="PromotionSK" key="true" type="int" length="10" precision="" nullable="false" comment=""/>
            <column name="PromotionID" key="false" type="int" length="10" precision="" nullable="false" comment=""/>
            <column name="PromotionKey" key="false" type="int" length="10" precision="" nullable="false" comment=""/>
            <column name="PromotionLabel" key="false" type="String" length="12" precision="" nullable="false" comment=""/>
          </schema>
        </schemas>
      </component>
      <component icon="pictures/tMSSqlInput_6.png" uniqueName="tMSSqlInput_6" label="__TABLE__">
        <input>none</input>
        <output link="tMap_1">tMap_1</output>
        <componentType>tMSSqlInput</componentType>
        <parameters>
          <column name="Unique Name" value="tMSSqlInput_6"/>
          <column name="Component Name" value="tMSSqlInput"/>
          <column name="Version" value="0.102 (ALPHA)"/>
          <column name="Family" value="Databases/MS_SQL_Server"/>
          <column name="Start" value="true"/>
          <column name="Startable" value="true"/>
          <column name="SUBTREE_START" value="true"/>
          <column name="END_OF_FLOW" value="false"/>
          <column name="Activate" value="true"/>
          <column name="DUMMY" value="false"/>
          <column name="tStatCatcher Statistics" value="false"/>
          <column name="Help" value="org.talend.help.tMSSqlInput"/>
          <column name="Update components" value="true"/>
          <column name="IREPORT_PATH" value=""/>
          <column name="JAVA_LIBRARY_PATH" value="C:\Program Files (x86)\Talend-Studio-6.3\studio\configuration\lib\java"/>
          <column name="Subjob color" value=""/>
          <column name="Title color" value=""/>
          <column name="Enable parallel execution" value="false"/>
          <column name="Number of parallel executions" value="2"/>
          <column name="" value="false"/>
          <column name="Use an existing connection" value="false"/>
          <column name="Component List" value=""/>
          <column name="Property Type" value="repository: DB (MSSQL):SQLServer_SOR"/>
          <column name="Host" value="&quot;localhost&quot;"/>
          <column name="JDBC Provider" value="JTDS"/>
          <column name="Database Driver" value="MSSQL"/>
          <column name="Port" value="&quot;1433&quot;"/>
          <column name="Schema" value="&quot;&quot;"/>
          <column name="Database" value="&quot;retail_sor_na&quot;"/>
          <column name="Username" value="&quot;sa&quot;"/>
          <column name="Password" value="************"/>
          <column name="REPOSITORY_ALLOW_AUTO_SWITCH" value="true"/>
          <column name="Schema" value="Built-In"/>
          <column name="Table Name" value="&quot;FactResellerSales&quot;"/>
          <column name="Query Type" value="Built-In"/>
          <column name="Guess Schema" value="&quot;&quot;"/>
          <column name="Query" value="&quot;SELECT FactResellerSales.SalesID,
		FactResellerSales.SalesDate,
		FactResellerSales.StoreID,
		FactResellerSales.ProductLabel,
		FactResellerSales.PromotionID,
		FactResellerSales.GeographyKey,
		FactResellerSales.SalesQuantity,
		FactResellerSales.ReturnQuantity,
		FactResellerSales.SalesAmount,
		FactResellerSales.ReturnAmount,
		FactResellerSales.DiscountAmount,
		FactResellerSales.DiscountPct,
		FactResellerSales.TotalCost,
		FactResellerSales.ETLLoadID,
		FactResellerSales.LoadDate,
		FactResellerSales.UpdateDate,
		FactResellerSales.SOR_ID
FROM	FactResellerSales&quot;"/>
          <column name="Specify a data source alias" value="false"/>
          <column name="Data source alias" value="&quot;&quot;"/>
          <column name="Mapping" value="id_MSSQL"/>
          <column name="Additional JDBC Parameters" value="&quot;&quot;"/>
          <column name="Encoding" value="&quot;ISO-8859-15&quot;"/>
          <column name="Trim all the String/Char columns" value="true"/>
          <column name="Trim column" value="[{TRIM=false, SCHEMA_COLUMN=SalesID}, {TRIM=false, SCHEMA_COLUMN=SalesDate}, {TRIM=false, SCHEMA_COLUMN=StoreID}, {TRIM=false, SCHEMA_COLUMN=ProductLabel}, {TRIM=false, SCHEMA_COLUMN=PromotionID}, {TRIM=false, SCHEMA_COLUMN=GeographyKey}, {TRIM=false, SCHEMA_COLUMN=SalesQuantity}, {TRIM=false, SCHEMA_COLUMN=ReturnQuantity}, {TRIM=false, SCHEMA_COLUMN=SalesAmount}, {TRIM=false, SCHEMA_COLUMN=ReturnAmount}, {TRIM=false, SCHEMA_COLUMN=DiscountAmount}, {TRIM=false, SCHEMA_COLUMN=DiscountPct}, {TRIM=false, SCHEMA_COLUMN=TotalCost}, {TRIM=false, SCHEMA_COLUMN=ETLLoadID}, {TRIM=false, SCHEMA_COLUMN=LoadDate}, {TRIM=false, SCHEMA_COLUMN=UpdateDate}, {TRIM=false, SCHEMA_COLUMN=SOR_ID}]"/>
          <column name="Label format" value="__TABLE__"/>
          <column name="Hint format" value="&lt;b&gt;__UNIQUE_NAME__&lt;/b&gt;&lt;br&gt;__COMMENT__"/>
          <column name="Connection format" value="row"/>
          <column name="Show Information" value="false"/>
          <column name="Comment" value=""/>
          <column name="Use an existing validation rule" value="false"/>
          <column name="Validation Rule Type" value=""/>
        </parameters>
        <schemas>
          <schema name="FactResellerSales">
            <column name="SalesID" key="true" type="int" length="10" precision="" nullable="false" comment=""/>
            <column name="SalesDate" key="false" type="java.util.Date" length="23" precision="3" nullable="false" comment=""/>
            <column name="StoreID" key="false" type="int" length="10" precision="" nullable="false" comment=""/>
            <column name="ProductLabel" key="false" type="String" length="24" precision="" nullable="true" comment=""/>
            <column name="PromotionID" key="false" type="Integer" length="10" precision="" nullable="true" comment=""/>
            <column name="GeographyKey" key="false" type="Integer" length="10" precision="" nullable="true" comment=""/>
            <column name="SalesQuantity" key="false" type="int" length="10" precision="" nullable="false" comment=""/>
            <column name="ReturnQuantity" key="false" type="int" length="10" precision="" nullable="false" comment=""/>
            <column name="SalesAmount" key="false" type="float" length="15" precision="2" nullable="false" comment=""/>
            <column name="ReturnAmount" key="false" type="Float" length="15" precision="2" nullable="true" comment=""/>
            <column name="DiscountAmount" key="false" type="Float" length="15" precision="2" nullable="true" comment=""/>
            <column name="DiscountPct" key="false" type="Float" length="10" precision="4" nullable="true" comment=""/>
            <column name="TotalCost" key="false" type="Float" length="15" precision="2" nullable="true" comment=""/>
            <column name="ETLLoadID" key="false" type="Integer" length="10" precision="" nullable="true" comment=""/>
            <column name="LoadDate" key="false" type="java.util.Date" length="23" precision="3" nullable="true" comment=""/>
            <column name="UpdateDate" key="false" type="java.util.Date" length="23" precision="3" nullable="true" comment=""/>
            <column name="SOR_ID" key="false" type="Integer" length="20" precision="" nullable="true" comment=""/>
          </schema>
        </schemas>
      </component>
      <component icon="pictures/tMSSqlOutput_1.png" uniqueName="tMSSqlOutput_1" label="__TABLE__">
        <input link="tMap_1">tMap_1</input>
        <output>none</output>
        <componentType>tMSSqlOutput</componentType>
        <parameters>
          <column name="Unique Name" value="tMSSqlOutput_1"/>
          <column name="Component Name" value="tMSSqlOutput"/>
          <column name="Version" value="0.102 (ALPHA)"/>
          <column name="Family" value="Databases/MS_SQL_Server"/>
          <column name="Startable" value="false"/>
          <column name="SUBTREE_START" value="false"/>
          <column name="END_OF_FLOW" value="true"/>
          <column name="Activate" value="true"/>
          <column name="DUMMY" value="false"/>
          <column name="tStatCatcher Statistics" value="false"/>
          <column name="Help" value="org.talend.help.tMSSqlOutput"/>
          <column name="Update components" value="true"/>
          <column name="IREPORT_PATH" value=""/>
          <column name="JAVA_LIBRARY_PATH" value="C:\Program Files (x86)\Talend-Studio-6.3\studio\configuration\lib\java"/>
          <column name="Subjob color" value=""/>
          <column name="Title color" value=""/>
          <column name="Enable parallel execution" value="true"/>
          <column name="Number of parallel executions" value="4"/>
          <column name="" value="false"/>
          <column name="Property Type" value="repository: DB (MSSQL):SQLServer_Target"/>
          <column name="Use an existing connection" value="false"/>
          <column name="Component List" value=""/>
          <column name="JDBC Provider" value="JTDS"/>
          <column name="Host" value="&quot;localhost&quot;"/>
          <column name="Port" value="&quot;1433&quot;"/>
          <column name="Schema" value="&quot;&quot;"/>
          <column name="Database" value="&quot;retail_dw&quot;"/>
          <column name="Database Driver" value="MSSQL"/>
          <column name="Username" value="&quot;sa&quot;"/>
          <column name="Password" value="************"/>
          <column name="Table" value="&quot;FactSales&quot;"/>
          <column name="Action on table" value="NONE"/>
          <column name="Turn on Identity insert" value="false"/>
          <column name="Action on data" value="INSERT"/>
          <column name="Specify identity field" value="false"/>
          <column name="Identity field" value="SalesDateSK"/>
          <column name="Start value" value="1"/>
          <column name="Step" value="1"/>
          <column name="REPOSITORY_ALLOW_AUTO_SWITCH" value="true"/>
          <column name="Schema" value="Built-In"/>
          <column name="Reject Schema" value="Built-In"/>
          <column name="Specify a data source alias" value="false"/>
          <column name="Data source alias" value="&quot;&quot;"/>
          <column name="Die on error" value="true"/>
          <column name="Mapping" value="id_MSSQL"/>
          <column name="Additional JDBC Parameters" value="&quot;&quot;"/>
          <column name="Encoding" value="&quot;ISO-8859-15&quot;"/>
          <column name="Commit every" value="200000"/>
          <column name="Additional columns" value="[]"/>
          <column name="Use field options" value="false"/>
          <column name="Field options" value="[{UPDATE_KEY=false, DELETE_KEY=false, UPDATABLE=true, INSERTABLE=true, SCHEMA_COLUMN=SalesDateSK}, {UPDATE_KEY=false, DELETE_KEY=false, UPDATABLE=true, INSERTABLE=true, SCHEMA_COLUMN=SalesDate}, {UPDATE_KEY=false, DELETE_KEY=false, UPDATABLE=true, INSERTABLE=true, SCHEMA_COLUMN=ChannelSK}, {UPDATE_KEY=false, DELETE_KEY=false, UPDATABLE=true, INSERTABLE=true, SCHEMA_COLUMN=StoreSK}, {UPDATE_KEY=false, DELETE_KEY=false, UPDATABLE=true, INSERTABLE=true, SCHEMA_COLUMN=ProductSK}, {UPDATE_KEY=false, DELETE_KEY=false, UPDATABLE=true, INSERTABLE=true, SCHEMA_COLUMN=PromotionSK}, {UPDATE_KEY=false, DELETE_KEY=false, UPDATABLE=true, INSERTABLE=true, SCHEMA_COLUMN=GeographySK}, {UPDATE_KEY=false, DELETE_KEY=false, UPDATABLE=true, INSERTABLE=true, SCHEMA_COLUMN=SalesQuantity}, {UPDATE_KEY=false, DELETE_KEY=false, UPDATABLE=true, INSERTABLE=true, SCHEMA_COLUMN=ReturnQuantity}, {UPDATE_KEY=false, DELETE_KEY=false, UPDATABLE=true, INSERTABLE=true, SCHEMA_COLUMN=SalesAmount}, {UPDATE_KEY=false, DELETE_KEY=false, UPDATABLE=true, INSERTABLE=true, SCHEMA_COLUMN=ReturnAmount}, {UPDATE_KEY=false, DELETE_KEY=false, UPDATABLE=true, INSERTABLE=true, SCHEMA_COLUMN=DiscountAmount}, {UPDATE_KEY=false, DELETE_KEY=false, UPDATABLE=true, INSERTABLE=true, SCHEMA_COLUMN=TotalCost}, {UPDATE_KEY=false, DELETE_KEY=false, UPDATABLE=true, INSERTABLE=true, SCHEMA_COLUMN=Local_CurrencySK}, {UPDATE_KEY=false, DELETE_KEY=false, UPDATABLE=true, INSERTABLE=true, SCHEMA_COLUMN=SalesAmount_Local}, {UPDATE_KEY=false, DELETE_KEY=false, UPDATABLE=true, INSERTABLE=true, SCHEMA_COLUMN=ReturnAmount_Local}, {UPDATE_KEY=false, DELETE_KEY=false, UPDATABLE=true, INSERTABLE=true, SCHEMA_COLUMN=DiscountAmount_Local}, {UPDATE_KEY=false, DELETE_KEY=false, UPDATABLE=true, INSERTABLE=true, SCHEMA_COLUMN=TotalCost_Local}, {UPDATE_KEY=false, DELETE_KEY=false, UPDATABLE=true, INSERTABLE=true, SCHEMA_COLUMN=SOR_ID}, {UPDATE_KEY=false, DELETE_KEY=false, UPDATABLE=true, INSERTABLE=true, SCHEMA_COLUMN=SOR_LoadDate}, {UPDATE_KEY=false, DELETE_KEY=false, UPDATABLE=true, INSERTABLE=true, SCHEMA_COLUMN=SOR_UpdateDate}, {UPDATE_KEY=false, DELETE_KEY=false, UPDATABLE=true, INSERTABLE=true, SCHEMA_COLUMN=DI_Job_ID}]"/>
          <column name="Ignore date out of range" value="false"/>
          <column name="Enable debug mode" value="false"/>
          <column name="Support null in &quot;SQL WHERE&quot; statement" value="false"/>
          <column name="Use Batch Size" value="true"/>
          <column name="Batch Size" value="400000"/>
          <column name="Label format" value="__TABLE__"/>
          <column name="Hint format" value="&lt;b&gt;__UNIQUE_NAME__&lt;/b&gt;&lt;br&gt;__COMMENT__"/>
          <column name="Connection format" value="row"/>
          <column name="Show Information" value="false"/>
          <column name="Comment" value=""/>
          <column name="Use an existing validation rule" value="false"/>
          <column name="Validation Rule Type" value=""/>
        </parameters>
        <schemas>
          <schema name="FactSales">
            <column name="SalesDateSK" key="false" type="int" length="10" precision="" nullable="false" comment=""/>
            <column name="SalesDate" key="false" type="java.util.Date" length="10" precision="" nullable="false" comment=""/>
            <column name="ChannelSK" key="false" type="int" length="10" precision="" nullable="false" comment=""/>
            <column name="StoreSK" key="false" type="int" length="10" precision="" nullable="false" comment=""/>
            <column name="ProductSK" key="false" type="int" length="10" precision="" nullable="false" comment=""/>
            <column name="PromotionSK" key="false" type="int" length="10" precision="" nullable="false" comment=""/>
            <column name="GeographySK" key="false" type="int" length="10" precision="" nullable="false" comment=""/>
            <column name="SalesQuantity" key="false" type="int" length="10" precision="" nullable="false" comment=""/>
            <column name="ReturnQuantity" key="false" type="Integer" length="10" precision="" nullable="true" comment=""/>
            <column name="SalesAmount" key="false" type="float" length="15" precision="2" nullable="false" comment=""/>
            <column name="ReturnAmount" key="false" type="Float" length="15" precision="2" nullable="true" comment=""/>
            <column name="DiscountAmount" key="false" type="Float" length="15" precision="2" nullable="true" comment=""/>
            <column name="TotalCost" key="false" type="Float" length="15" precision="2" nullable="true" comment=""/>
            <column name="Local_CurrencySK" key="false" type="Integer" length="10" precision="" nullable="true" comment=""/>
            <column name="SalesAmount_Local" key="false" type="Float" length="15" precision="2" nullable="true" comment=""/>
            <column name="ReturnAmount_Local" key="false" type="Float" length="15" precision="2" nullable="true" comment=""/>
            <column name="DiscountAmount_Local" key="false" type="Float" length="15" precision="2" nullable="true" comment=""/>
            <column name="TotalCost_Local" key="false" type="Float" length="15" precision="2" nullable="true" comment=""/>
            <column name="SOR_ID" key="false" type="int" length="10" precision="" nullable="false" comment=""/>
            <column name="SOR_LoadDate" key="false" type="java.util.Date" length="23" precision="3" nullable="true" comment=""/>
            <column name="SOR_UpdateDate" key="false" type="java.util.Date" length="23" precision="3" nullable="true" comment=""/>
            <column name="DI_Job_ID" key="false" type="String" length="20" precision="" nullable="false" comment=""/>
          </schema>
        </schemas>
      </component>
      <component icon="pictures/tMSSqlOutput_2.png" uniqueName="tMSSqlOutput_2" label="__TABLE__">
        <input link="tMap_1">tMap_1</input>
        <input link="tMSSqlInput_1">tMSSqlInput_1</input>
        <input link="tMSSqlInput_2">tMSSqlInput_2</input>
        <input link="tMSSqlInput_3">tMSSqlInput_3</input>
        <input link="tMSSqlInput_4">tMSSqlInput_4</input>
        <output>none</output>
        <componentType>tMSSqlOutput</componentType>
        <parameters>
          <column name="Unique Name" value="tMSSqlOutput_2"/>
          <column name="Component Name" value="tMSSqlOutput"/>
          <column name="Version" value="0.102 (ALPHA)"/>
          <column name="Family" value="Databases/MS_SQL_Server"/>
          <column name="Startable" value="false"/>
          <column name="SUBTREE_START" value="false"/>
          <column name="END_OF_FLOW" value="true"/>
          <column name="Activate" value="true"/>
          <column name="DUMMY" value="false"/>
          <column name="tStatCatcher Statistics" value="false"/>
          <column name="Help" value="org.talend.help.tMSSqlOutput"/>
          <column name="Update components" value="true"/>
          <column name="IREPORT_PATH" value=""/>
          <column name="JAVA_LIBRARY_PATH" value="C:\Program Files (x86)\Talend-Studio-6.3\studio\configuration\lib\java"/>
          <column name="Subjob color" value=""/>
          <column name="Title color" value=""/>
          <column name="Enable parallel execution" value="true"/>
          <column name="Number of parallel executions" value="4"/>
          <column name="" value="false"/>
          <column name="Property Type" value="repository: DB (MSSQL):SQLServer_Target"/>
          <column name="Use an existing connection" value="false"/>
          <column name="Component List" value=""/>
          <column name="JDBC Provider" value="JTDS"/>
          <column name="Host" value="&quot;localhost&quot;"/>
          <column name="Port" value="&quot;1433&quot;"/>
          <column name="Schema" value="&quot;&quot;"/>
          <column name="Database" value="&quot;retail_dw&quot;"/>
          <column name="Database Driver" value="MSSQL"/>
          <column name="Username" value="&quot;sa&quot;"/>
          <column name="Password" value="************"/>
          <column name="Table" value="&quot;FactSales_Rejects&quot;"/>
          <column name="Action on table" value="NONE"/>
          <column name="Turn on Identity insert" value="false"/>
          <column name="Action on data" value="INSERT"/>
          <column name="Specify identity field" value="false"/>
          <column name="Identity field" value="SalesDateSK"/>
          <column name="Start value" value="1"/>
          <column name="Step" value="1"/>
          <column name="REPOSITORY_ALLOW_AUTO_SWITCH" value="true"/>
          <column name="Schema" value="Built-In"/>
          <column name="Reject Schema" value="Built-In"/>
          <column name="Specify a data source alias" value="false"/>
          <column name="Data source alias" value="&quot;&quot;"/>
          <column name="Die on error" value="true"/>
          <column name="Mapping" value="id_MSSQL"/>
          <column name="Additional JDBC Parameters" value="&quot;&quot;"/>
          <column name="Encoding" value="&quot;ISO-8859-15&quot;"/>
          <column name="Commit every" value="200000"/>
          <column name="Additional columns" value="[]"/>
          <column name="Use field options" value="false"/>
          <column name="Field options" value="[{UPDATE_KEY=false, DELETE_KEY=false, UPDATABLE=true, INSERTABLE=true, SCHEMA_COLUMN=SalesDateSK}, {UPDATE_KEY=false, DELETE_KEY=false, UPDATABLE=true, INSERTABLE=true, SCHEMA_COLUMN=SalesDate}, {UPDATE_KEY=false, DELETE_KEY=false, UPDATABLE=true, INSERTABLE=true, SCHEMA_COLUMN=ChannelSK}, {UPDATE_KEY=false, DELETE_KEY=false, UPDATABLE=true, INSERTABLE=true, SCHEMA_COLUMN=StoreSK}, {UPDATE_KEY=false, DELETE_KEY=false, UPDATABLE=true, INSERTABLE=true, SCHEMA_COLUMN=ProductSK}, {UPDATE_KEY=false, DELETE_KEY=false, UPDATABLE=true, INSERTABLE=true, SCHEMA_COLUMN=PromotionSK}, {UPDATE_KEY=false, DELETE_KEY=false, UPDATABLE=true, INSERTABLE=true, SCHEMA_COLUMN=GeographySK}, {UPDATE_KEY=false, DELETE_KEY=false, UPDATABLE=true, INSERTABLE=true, SCHEMA_COLUMN=SalesQuantity}, {UPDATE_KEY=false, DELETE_KEY=false, UPDATABLE=true, INSERTABLE=true, SCHEMA_COLUMN=ReturnQuantity}, {UPDATE_KEY=false, DELETE_KEY=false, UPDATABLE=true, INSERTABLE=true, SCHEMA_COLUMN=SalesAmount}, {UPDATE_KEY=false, DELETE_KEY=false, UPDATABLE=true, INSERTABLE=true, SCHEMA_COLUMN=ReturnAmount}, {UPDATE_KEY=false, DELETE_KEY=false, UPDATABLE=true, INSERTABLE=true, SCHEMA_COLUMN=DiscountAmount}, {UPDATE_KEY=false, DELETE_KEY=false, UPDATABLE=true, INSERTABLE=true, SCHEMA_COLUMN=TotalCost}, {UPDATE_KEY=false, DELETE_KEY=false, UPDATABLE=true, INSERTABLE=true, SCHEMA_COLUMN=Local_CurrencySK}, {UPDATE_KEY=false, DELETE_KEY=false, UPDATABLE=true, INSERTABLE=true, SCHEMA_COLUMN=SalesAmount_Local}, {UPDATE_KEY=false, DELETE_KEY=false, UPDATABLE=true, INSERTABLE=true, SCHEMA_COLUMN=ReturnAmount_Local}, {UPDATE_KEY=false, DELETE_KEY=false, UPDATABLE=true, INSERTABLE=true, SCHEMA_COLUMN=DiscountAmount_Local}, {UPDATE_KEY=false, DELETE_KEY=false, UPDATABLE=true, INSERTABLE=true, SCHEMA_COLUMN=TotalCost_Local}, {UPDATE_KEY=false, DELETE_KEY=false, UPDATABLE=true, INSERTABLE=true, SCHEMA_COLUMN=RejectRow}, {UPDATE_KEY=false, DELETE_KEY=false, UPDATABLE=true, INSERTABLE=true, SCHEMA_COLUMN=RejectReason}, {UPDATE_KEY=false, DELETE_KEY=false, UPDATABLE=true, INSERTABLE=true, SCHEMA_COLUMN=RejectReasonCode}, {UPDATE_KEY=false, DELETE_KEY=false, UPDATABLE=true, INSERTABLE=true, SCHEMA_COLUMN=SOR_ID}, {UPDATE_KEY=false, DELETE_KEY=false, UPDATABLE=true, INSERTABLE=true, SCHEMA_COLUMN=SOR_LoadDate}, {UPDATE_KEY=false, DELETE_KEY=false, UPDATABLE=true, INSERTABLE=true, SCHEMA_COLUMN=SOR_UpdateDate}, {UPDATE_KEY=false, DELETE_KEY=false, UPDATABLE=true, INSERTABLE=true, SCHEMA_COLUMN=DI_Job_ID}]"/>
          <column name="Ignore date out of range" value="false"/>
          <column name="Enable debug mode" value="false"/>
          <column name="Support null in &quot;SQL WHERE&quot; statement" value="false"/>
          <column name="Use Batch Size" value="true"/>
          <column name="Batch Size" value="400000"/>
          <column name="Label format" value="__TABLE__"/>
          <column name="Hint format" value="&lt;b&gt;__UNIQUE_NAME__&lt;/b&gt;&lt;br&gt;__COMMENT__"/>
          <column name="Connection format" value="row"/>
          <column name="Show Information" value="false"/>
          <column name="Comment" value=""/>
          <column name="Use an existing validation rule" value="false"/>
          <column name="Validation Rule Type" value=""/>
        </parameters>
        <schemas>
          <schema name="FactSales_Rejects">
            <column name="SalesDateSK" key="false" type="int" length="10" precision="" nullable="false" comment=""/>
            <column name="SalesDate" key="false" type="java.util.Date" length="10" precision="" nullable="false" comment=""/>
            <column name="ChannelSK" key="false" type="int" length="10" precision="" nullable="false" comment=""/>
            <column name="StoreSK" key="false" type="int" length="10" precision="" nullable="false" comment=""/>
            <column name="ProductSK" key="false" type="int" length="10" precision="" nullable="false" comment=""/>
            <column name="PromotionSK" key="false" type="int" length="10" precision="" nullable="false" comment=""/>
            <column name="GeographySK" key="false" type="int" length="10" precision="" nullable="false" comment=""/>
            <column name="SalesQuantity" key="false" type="Integer" length="10" precision="" nullable="true" comment=""/>
            <column name="ReturnQuantity" key="false" type="Integer" length="10" precision="" nullable="true" comment=""/>
            <column name="SalesAmount" key="false" type="Float" length="15" precision="2" nullable="true" comment=""/>
            <column name="ReturnAmount" key="false" type="Float" length="15" precision="2" nullable="true" comment=""/>
            <column name="DiscountAmount" key="false" type="Float" length="15" precision="2" nullable="true" comment=""/>
            <column name="TotalCost" key="false" type="Float" length="15" precision="2" nullable="true" comment=""/>
            <column name="Local_CurrencySK" key="false" type="Integer" length="10" precision="" nullable="true" comment=""/>
            <column name="SalesAmount_Local" key="false" type="Float" length="15" precision="2" nullable="true" comment=""/>
            <column name="ReturnAmount_Local" key="false" type="Float" length="15" precision="2" nullable="true" comment=""/>
            <column name="DiscountAmount_Local" key="false" type="Float" length="15" precision="2" nullable="true" comment=""/>
            <column name="TotalCost_Local" key="false" type="Float" length="15" precision="2" nullable="true" comment=""/>
            <column name="RejectRow" key="false" type="Integer" length="10" precision="" nullable="true" comment=""/>
            <column name="RejectReason" key="false" type="String" length="50" precision="" nullable="true" comment=""/>
            <column name="RejectReasonCode" key="false" type="Integer" length="10" precision="" nullable="true" comment=""/>
            <column name="SOR_ID" key="false" type="int" length="10" precision="" nullable="false" comment=""/>
            <column name="SOR_LoadDate" key="false" type="java.util.Date" length="23" precision="3" nullable="true" comment=""/>
            <column name="SOR_UpdateDate" key="false" type="java.util.Date" length="23" precision="3" nullable="true" comment=""/>
            <column name="DI_Job_ID" key="false" type="String" length="20" precision="" nullable="false" comment=""/>
          </schema>
        </schemas>
      </component>
    </internalNodeComponents>
    <externalNodeComponents>
      <component icon="pictures/CNTL_Job_Tracking_Stats_CHILD_1.png" uniqueName="CNTL_Job_Tracking_Stats_CHILD_1" label="CNTL_Job_Tracking_Stats_CHILD">
        <input>none</input>
        <output>none</output>
        <componentType>CNTL_Job_Tracking_Stats_CHILD</componentType>
        <parameters>
          <column name="Version">Latest</column>
          <column name="Show Information">false</column>
          <column name="Comment"></column>
        </parameters>
        <!--CNTL_Job_Tracking_Stats_CHILD_1-->
      </component>
      <component icon="pictures/tMap_1.png" uniqueName="tMap_1" label="__UNIQUE_NAME__">
        <input link="tMap_1">tMap_1</input>
        <input link="tMSSqlInput_1">tMSSqlInput_1</input>
        <input link="tMSSqlInput_2">tMSSqlInput_2</input>
        <input link="tMSSqlInput_3">tMSSqlInput_3</input>
        <input link="tMSSqlInput_4">tMSSqlInput_4</input>
        <output link="tMSSqlOutput_1">tMSSqlOutput_1</output>
        <output link="tMSSqlOutput_2">tMSSqlOutput_2</output>
        <componentType>tMap</componentType>
        <!--tMap_1-->
      </component>
    </externalNodeComponents>
    <connections>
      <connection label="reseller" lineStyle="0" metaname="tMSSqlInput_6" offsetLabelX="0" offsetLabelY="0" source="tMSSqlInput_6" target="tMap_1"/>
      <connection label="op_valid" lineStyle="0" metaname="op_valid" offsetLabelX="0" offsetLabelY="0" source="tMap_1" target="tMSSqlOutput_1"/>
      <connection label="op_invalid" lineStyle="0" metaname="op_invalid" offsetLabelX="0" offsetLabelY="0" source="tMap_1" target="tMSSqlOutput_2"/>
      <connection label="date" lineStyle="8" metaname="tMSSqlInput_1" offsetLabelX="0" offsetLabelY="0" source="tMSSqlInput_1" target="tMap_1"/>
      <connection label="store" lineStyle="8" metaname="tMSSqlInput_2" offsetLabelX="0" offsetLabelY="0" source="tMSSqlInput_2" target="tMap_1"/>
      <connection label="prod" lineStyle="8" metaname="tMSSqlInput_3" offsetLabelX="0" offsetLabelY="0" source="tMSSqlInput_3" target="tMap_1"/>
      <connection label="promo" lineStyle="8" metaname="tMSSqlInput_4" offsetLabelX="0" offsetLabelY="0" source="tMSSqlInput_4" target="tMap_1"/>
    </connections>
  </job>
</project>
