<?xml version="1.1" encoding="UTF-8"?>

<project i18n.job.generated.documetation="Generated documentation" i18n.job.project.name="Project Name" i18n.job.generated.date="GENERATION DATE" i18n.job.author="AUTHOR" i18n.job.summary="Summary" i18n.job.project.description="Project Description" i18n.job.job.description="Description" i18n.job.job.preview.picture="Preview Picture" i18n.job.job.setting="Settings" i18n.job.context.list="Context List" i18n.job.component.list="Component List" i18n.job.components.description="Components Description" i18n.job.source.code="Source Code" i18n.job.properties="Properties" i18n.job.values="Values" i18n.job.name="Name" i18n.job.language="Language" i18n.job.description="Description" i18n.job.author.min="Author" i18n.job.version="Version" i18n.job.purpose="Purpose" i18n.job.status="Status" i18n.job.creation="Creation" i18n.job.modification="Modification" i18n.job.extract.settings="Extra settings" i18n.job.value="Value" i18n.job.stats.logs="Status &amp; Logs" i18n.job.context="Context" i18n.job.promt="Prompt" i18n.job.need.promt="Need Prompt?" i18n.job.type="Type" i18n.job.source="Source" i18n.job.component.name="Component Name" i18n.job.component.type="Component Type" i18n.job.component="Component" i18n.job.unique.name="UNIQUE NAME" i18n.job.input="INPUT(S)" i18n.job.label="LABEL" i18n.job.output="OUTPUT(S)" i18n.job.component.parameters="Component Parameters:" i18n.job.schema.for="Schema for " i18n.job.column="Column" i18n.job.key="Key" i18n.job.length="Length" i18n.job.precision="Precision" i18n.job.nullable="Nullable" i18n.job.comment="Comment" i18n.job.original.function.parameters="Original Function Parameters:" i18n.job.ended="ended" i18n.job.content="content" i18n.route.manifest.type="Type" i18n.route.manifest.value="Value" i18n.route.resource.name="Name" i18n.route.resource.version="Version" i18n.route.resource.path="Path" name="Final_Project" logo="pictures/logo.jpg" title="Generated by Talend Data Fabric" link="http://www.talend.com" language="java" generatedDate="Apr 30, 2017 12:30:18 AM" versionName="Talend Data Fabric VERSION " version="6.3.1.20161216_1026" docType="Jobs" company="">
  <pro-description><![CDATA[]]></pro-description>
  <job name="DimPromotion" author="user@talend.com" i18n.job.extract.settings.type="i18n.job.extract.settings" i18n.job.stats.logs.type="i18n.job.stats.logs" version="0.1" purpose="" status="" creation="Apr 23, 2017 9:34:06 PM" modification="Apr 29, 2017 3:01:24 PM">
    <description><![CDATA[<br/>]]></description>
    <preview picture="pictures/DimPromotion_0.1.png"/>
    <contextList>
      <context name="Default"/>
    </contextList>
    <jobSetting>
      <extra>
        <jobParameter name="COMP_DEFAULT_FILE_DIR" value=""/>
        <jobParameter name="Multi thread execution" value="false"/>
        <jobParameter name="Implicit tContextLoad" value="false"/>
      </extra>
      <Statslogs>
        <jobParameter name="Use statistics (tStatCatcher)" value="false"/>
        <jobParameter name="Use logs (tLogCatcher)" value="false"/>
        <jobParameter name="Use volumetrics (tFlowMeterCatcher)" value="false"/>
        <jobParameter name="On Console" value="false"/>
        <jobParameter name="On Files" value="false"/>
        <jobParameter name="On Databases" value="false"/>
        <jobParameter name="Catch components statistics" value="false"/>
        <jobParameter name="Catch runtime errors" value="true"/>
        <jobParameter name="Catch user errors" value="true"/>
        <jobParameter name="Catch user warnings" value="true"/>
      </Statslogs>
    </jobSetting>
    <componentList>
      <componentItem name="CNTL_Job_Tracking_Stats_CHILD_1" link="CNTL_Job_Tracking_Stats_CHILD_1" type="CNTL_Job_Tracking_Stats_CHILD" leftTopX="128" leftTopY="64" rightBottomX="160" rightBottomY="96"/>
      <componentItem name="tMSSqlInput_1" link="tMSSqlInput_1" type="tMSSqlInput" leftTopX="352" leftTopY="192" rightBottomX="384" rightBottomY="224"/>
      <componentItem name="tMSSqlInput_2" link="tMSSqlInput_2" type="tMSSqlInput" leftTopX="384" leftTopY="288" rightBottomX="416" rightBottomY="320"/>
      <componentItem name="tMSSqlInput_3" link="tMSSqlInput_3" type="tMSSqlInput" leftTopX="384" leftTopY="512" rightBottomX="416" rightBottomY="544"/>
      <componentItem name="tMSSqlOutput_1" link="tMSSqlOutput_1" type="tMSSqlOutput" leftTopX="864" leftTopY="64" rightBottomX="896" rightBottomY="96"/>
      <componentItem name="tMSSqlOutput_2" link="tMSSqlOutput_2" type="tMSSqlOutput" leftTopX="864" leftTopY="192" rightBottomX="896" rightBottomY="224"/>
      <componentItem name="tMSSqlOutput_3" link="tMSSqlOutput_3" type="tMSSqlOutput" leftTopX="864" leftTopY="416" rightBottomX="896" rightBottomY="448"/>
      <componentItem name="tMap_1" link="tMap_1" type="tMap" leftTopX="608" leftTopY="64" rightBottomX="640" rightBottomY="96"/>
      <componentItem name="tMap_2" link="tMap_2" type="tMap" leftTopX="608" leftTopY="192" rightBottomX="640" rightBottomY="224"/>
      <componentItem name="tMap_3" link="tMap_3" type="tMap" leftTopX="608" leftTopY="416" rightBottomX="640" rightBottomY="448"/>
      <componentItem name="tMysqlInput_1" link="tMysqlInput_1" type="tMysqlInput" leftTopX="352" leftTopY="64" rightBottomX="384" rightBottomY="96"/>
      <componentItem name="tPostgresqlInput_1" link="tPostgresqlInput_1" type="tPostgresqlInput" leftTopX="352" leftTopY="416" rightBottomX="384" rightBottomY="448"/>
    </componentList>
    <internalNodeComponents>
      <component icon="pictures/tMSSqlInput_1.png" uniqueName="tMSSqlInput_1" label="__TABLE__">
        <input link="tMysqlInput_1">tMysqlInput_1</input>
        <output link="tMap_2">tMap_2</output>
        <output link="tPostgresqlInput_1">tPostgresqlInput_1</output>
        <componentType>tMSSqlInput</componentType>
        <parameters>
          <column name="Unique Name" value="tMSSqlInput_1"/>
          <column name="Component Name" value="tMSSqlInput"/>
          <column name="Version" value="0.102 (ALPHA)"/>
          <column name="Family" value="Databases/MS_SQL_Server"/>
          <column name="Start" value="false"/>
          <column name="Startable" value="true"/>
          <column name="SUBTREE_START" value="true"/>
          <column name="END_OF_FLOW" value="false"/>
          <column name="Activate" value="true"/>
          <column name="DUMMY" value="false"/>
          <column name="tStatCatcher Statistics" value="false"/>
          <column name="Help" value="org.talend.help.tMSSqlInput"/>
          <column name="Update components" value="true"/>
          <column name="IREPORT_PATH" value=""/>
          <column name="JAVA_LIBRARY_PATH" value="C:\Program Files (x86)\Talend-Studio-6.3\studio\configuration\lib\java"/>
          <column name="Subjob color" value=""/>
          <column name="Title color" value=""/>
          <column name="Enable parallel execution" value="false"/>
          <column name="Number of parallel executions" value="2"/>
          <column name="" value="false"/>
          <column name="Use an existing connection" value="false"/>
          <column name="Component List" value=""/>
          <column name="Property Type" value="repository: DB (MSSQL):SQLServer_SOR"/>
          <column name="Host" value="&quot;localhost&quot;"/>
          <column name="JDBC Provider" value="JTDS"/>
          <column name="Database Driver" value="MSSQL"/>
          <column name="Port" value="&quot;1433&quot;"/>
          <column name="Schema" value="&quot;&quot;"/>
          <column name="Database" value="&quot;retail_sor_na&quot;"/>
          <column name="Username" value="&quot;sa&quot;"/>
          <column name="Password" value="************"/>
          <column name="REPOSITORY_ALLOW_AUTO_SWITCH" value="true"/>
          <column name="Schema" value="Built-In"/>
          <column name="Table Name" value="&quot;DimPromotion&quot;"/>
          <column name="Query Type" value="Built-In"/>
          <column name="Guess Schema" value="&quot;&quot;"/>
          <column name="Query" value="&quot;SELECT DimPromotion.PromotionID,
		DimPromotion.PromotionLabel,
		DimPromotion.PromotionName,
		DimPromotion.PromotionDescription,
		DimPromotion.DiscountPercent,
		DimPromotion.PromotionType,
		DimPromotion.PromotionCategory,
		DimPromotion.StartDate,
		DimPromotion.EndDate,
		DimPromotion.MinQuantity,
		DimPromotion.MaxQuantity,
		DimPromotion.ETLLoadID,
		DimPromotion.LoadDate,
		DimPromotion.UpdateDate,
		DimPromotion.SOR_ID
FROM	DimPromotion&quot;"/>
          <column name="Specify a data source alias" value="false"/>
          <column name="Data source alias" value="&quot;&quot;"/>
          <column name="Mapping" value="id_MSSQL"/>
          <column name="Additional JDBC Parameters" value="&quot;&quot;"/>
          <column name="Encoding" value="&quot;ISO-8859-15&quot;"/>
          <column name="Trim all the String/Char columns" value="false"/>
          <column name="Trim column" value="[{TRIM=false, SCHEMA_COLUMN=PromotionID}, {TRIM=false, SCHEMA_COLUMN=PromotionLabel}, {TRIM=false, SCHEMA_COLUMN=PromotionName}, {TRIM=false, SCHEMA_COLUMN=PromotionDescription}, {TRIM=false, SCHEMA_COLUMN=DiscountPercent}, {TRIM=false, SCHEMA_COLUMN=PromotionType}, {TRIM=false, SCHEMA_COLUMN=PromotionCategory}, {TRIM=false, SCHEMA_COLUMN=StartDate}, {TRIM=false, SCHEMA_COLUMN=EndDate}, {TRIM=false, SCHEMA_COLUMN=MinQuantity}, {TRIM=false, SCHEMA_COLUMN=MaxQuantity}, {TRIM=false, SCHEMA_COLUMN=ETLLoadID}, {TRIM=false, SCHEMA_COLUMN=LoadDate}, {TRIM=false, SCHEMA_COLUMN=UpdateDate}, {TRIM=false, SCHEMA_COLUMN=SOR_ID}]"/>
          <column name="Label format" value="__TABLE__"/>
          <column name="Hint format" value="&lt;b&gt;__UNIQUE_NAME__&lt;/b&gt;&lt;br&gt;__COMMENT__"/>
          <column name="Connection format" value="row"/>
          <column name="Show Information" value="false"/>
          <column name="Comment" value=""/>
          <column name="Use an existing validation rule" value="false"/>
          <column name="Validation Rule Type" value=""/>
        </parameters>
        <schemas>
          <schema name="DimPromotion">
            <column name="PromotionID" key="true" type="int" length="10" precision="" nullable="false" comment=""/>
            <column name="PromotionLabel" key="false" type="String" length="12" precision="" nullable="false" comment=""/>
            <column name="PromotionName" key="false" type="String" length="100" precision="" nullable="true" comment=""/>
            <column name="PromotionDescription" key="false" type="String" length="255" precision="" nullable="true" comment=""/>
            <column name="DiscountPercent" key="false" type="Double" length="53" precision="" nullable="true" comment=""/>
            <column name="PromotionType" key="false" type="String" length="50" precision="" nullable="true" comment=""/>
            <column name="PromotionCategory" key="false" type="String" length="50" precision="" nullable="true" comment=""/>
            <column name="StartDate" key="false" type="java.util.Date" length="10" precision="" nullable="false" comment=""/>
            <column name="EndDate" key="false" type="java.util.Date" length="10" precision="" nullable="true" comment=""/>
            <column name="MinQuantity" key="false" type="Integer" length="10" precision="" nullable="true" comment=""/>
            <column name="MaxQuantity" key="false" type="Integer" length="10" precision="" nullable="true" comment=""/>
            <column name="ETLLoadID" key="false" type="Integer" length="10" precision="" nullable="true" comment=""/>
            <column name="LoadDate" key="false" type="java.util.Date" length="23" precision="3" nullable="true" comment=""/>
            <column name="UpdateDate" key="false" type="java.util.Date" length="23" precision="3" nullable="true" comment=""/>
            <column name="SOR_ID" key="false" type="Integer" length="20" precision="" nullable="true" comment=""/>
          </schema>
        </schemas>
      </component>
      <component icon="pictures/tMSSqlInput_2.png" uniqueName="tMSSqlInput_2" label="__TABLE__">
        <input>none</input>
        <output link="tMap_2">tMap_2</output>
        <componentType>tMSSqlInput</componentType>
        <parameters>
          <column name="Unique Name" value="tMSSqlInput_2"/>
          <column name="Component Name" value="tMSSqlInput"/>
          <column name="Version" value="0.102 (ALPHA)"/>
          <column name="Family" value="Databases/MS_SQL_Server"/>
          <column name="Start" value="false"/>
          <column name="Startable" value="true"/>
          <column name="SUBTREE_START" value="false"/>
          <column name="END_OF_FLOW" value="false"/>
          <column name="Activate" value="true"/>
          <column name="DUMMY" value="false"/>
          <column name="tStatCatcher Statistics" value="false"/>
          <column name="Help" value="org.talend.help.tMSSqlInput"/>
          <column name="Update components" value="true"/>
          <column name="IREPORT_PATH" value=""/>
          <column name="JAVA_LIBRARY_PATH" value="C:\Program Files (x86)\Talend-Studio-6.3\studio\configuration\lib\java"/>
          <column name="Subjob color" value=""/>
          <column name="Title color" value=""/>
          <column name="Enable parallel execution" value="false"/>
          <column name="Number of parallel executions" value="2"/>
          <column name="" value="false"/>
          <column name="Use an existing connection" value="false"/>
          <column name="Component List" value=""/>
          <column name="Property Type" value="repository: DB (MSSQL):SQLServer_Stage"/>
          <column name="Host" value="&quot;localhost&quot;"/>
          <column name="JDBC Provider" value="JTDS"/>
          <column name="Database Driver" value="MSSQL"/>
          <column name="Port" value="&quot;1433&quot;"/>
          <column name="Schema" value="&quot;&quot;"/>
          <column name="Database" value="&quot;retail_stage&quot;"/>
          <column name="Username" value="&quot;sa&quot;"/>
          <column name="Password" value="************"/>
          <column name="REPOSITORY_ALLOW_AUTO_SWITCH" value="true"/>
          <column name="Schema" value="Built-In"/>
          <column name="Table Name" value="&quot;CrossRef_Promotions&quot;"/>
          <column name="Query Type" value="Built-In"/>
          <column name="Guess Schema" value="&quot;&quot;"/>
          <column name="Query" value="&quot;SELECT CrossRef_Promotions.PromotionKey,
		CrossRef_Promotions.PromotionLabel,
		CrossRef_Promotions.PromotionName
FROM	CrossRef_Promotions&quot;"/>
          <column name="Specify a data source alias" value="false"/>
          <column name="Data source alias" value="&quot;&quot;"/>
          <column name="Mapping" value="id_MSSQL"/>
          <column name="Additional JDBC Parameters" value="&quot;&quot;"/>
          <column name="Encoding" value="&quot;ISO-8859-15&quot;"/>
          <column name="Trim all the String/Char columns" value="false"/>
          <column name="Trim column" value="[{TRIM=false, SCHEMA_COLUMN=PromotionKey}, {TRIM=false, SCHEMA_COLUMN=PromotionLabel}, {TRIM=false, SCHEMA_COLUMN=PromotionName}]"/>
          <column name="Label format" value="__TABLE__"/>
          <column name="Hint format" value="&lt;b&gt;__UNIQUE_NAME__&lt;/b&gt;&lt;br&gt;__COMMENT__"/>
          <column name="Connection format" value="row"/>
          <column name="Show Information" value="false"/>
          <column name="Comment" value=""/>
          <column name="Use an existing validation rule" value="false"/>
          <column name="Validation Rule Type" value=""/>
        </parameters>
        <schemas>
          <schema name="CrossRef_Promotions">
            <column name="PromotionKey" key="false" type="Integer" length="10" precision="" nullable="true" comment=""/>
            <column name="PromotionLabel" key="false" type="String" length="10" precision="" nullable="true" comment=""/>
            <column name="PromotionName" key="false" type="String" length="50" precision="" nullable="true" comment=""/>
          </schema>
        </schemas>
      </component>
      <component icon="pictures/tMSSqlInput_3.png" uniqueName="tMSSqlInput_3" label="__TABLE__">
        <input>none</input>
        <output link="tMap_3">tMap_3</output>
        <componentType>tMSSqlInput</componentType>
        <parameters>
          <column name="Unique Name" value="tMSSqlInput_3"/>
          <column name="Component Name" value="tMSSqlInput"/>
          <column name="Version" value="0.102 (ALPHA)"/>
          <column name="Family" value="Databases/MS_SQL_Server"/>
          <column name="Start" value="false"/>
          <column name="Startable" value="true"/>
          <column name="SUBTREE_START" value="false"/>
          <column name="END_OF_FLOW" value="false"/>
          <column name="Activate" value="true"/>
          <column name="DUMMY" value="false"/>
          <column name="tStatCatcher Statistics" value="false"/>
          <column name="Help" value="org.talend.help.tMSSqlInput"/>
          <column name="Update components" value="true"/>
          <column name="IREPORT_PATH" value=""/>
          <column name="JAVA_LIBRARY_PATH" value="C:\Program Files (x86)\Talend-Studio-6.3\studio\configuration\lib\java"/>
          <column name="Subjob color" value=""/>
          <column name="Title color" value=""/>
          <column name="Enable parallel execution" value="false"/>
          <column name="Number of parallel executions" value="2"/>
          <column name="" value="false"/>
          <column name="Use an existing connection" value="false"/>
          <column name="Component List" value=""/>
          <column name="Property Type" value="repository: DB (MSSQL):SQLServer_Stage"/>
          <column name="Host" value="&quot;localhost&quot;"/>
          <column name="JDBC Provider" value="JTDS"/>
          <column name="Database Driver" value="MSSQL"/>
          <column name="Port" value="&quot;1433&quot;"/>
          <column name="Schema" value="&quot;&quot;"/>
          <column name="Database" value="&quot;retail_stage&quot;"/>
          <column name="Username" value="&quot;sa&quot;"/>
          <column name="Password" value="************"/>
          <column name="REPOSITORY_ALLOW_AUTO_SWITCH" value="true"/>
          <column name="Schema" value="Built-In"/>
          <column name="Table Name" value="&quot;CrossRef_Promotions&quot;"/>
          <column name="Query Type" value="Built-In"/>
          <column name="Guess Schema" value="&quot;&quot;"/>
          <column name="Query" value="&quot;SELECT CrossRef_Promotions.PromotionKey,
		CrossRef_Promotions.PromotionLabel,
		CrossRef_Promotions.PromotionName
FROM	CrossRef_Promotions&quot;"/>
          <column name="Specify a data source alias" value="false"/>
          <column name="Data source alias" value="&quot;&quot;"/>
          <column name="Mapping" value="id_MSSQL"/>
          <column name="Additional JDBC Parameters" value="&quot;&quot;"/>
          <column name="Encoding" value="&quot;ISO-8859-15&quot;"/>
          <column name="Trim all the String/Char columns" value="false"/>
          <column name="Trim column" value="[{TRIM=false, SCHEMA_COLUMN=PromotionKey}, {TRIM=false, SCHEMA_COLUMN=PromotionLabel}, {TRIM=false, SCHEMA_COLUMN=PromotionName}]"/>
          <column name="Label format" value="__TABLE__"/>
          <column name="Hint format" value="&lt;b&gt;__UNIQUE_NAME__&lt;/b&gt;&lt;br&gt;__COMMENT__"/>
          <column name="Connection format" value="row"/>
          <column name="Show Information" value="false"/>
          <column name="Comment" value=""/>
          <column name="Use an existing validation rule" value="false"/>
          <column name="Validation Rule Type" value=""/>
        </parameters>
        <schemas>
          <schema name="CrossRef_Promotions">
            <column name="PromotionKey" key="false" type="Integer" length="10" precision="" nullable="true" comment=""/>
            <column name="PromotionLabel" key="false" type="String" length="10" precision="" nullable="true" comment=""/>
            <column name="PromotionName" key="false" type="String" length="50" precision="" nullable="true" comment=""/>
          </schema>
        </schemas>
      </component>
      <component icon="pictures/tMSSqlOutput_1.png" uniqueName="tMSSqlOutput_1" label="__TABLE__">
        <input link="tMap_1">tMap_1</input>
        <output>none</output>
        <componentType>tMSSqlOutput</componentType>
        <parameters>
          <column name="Unique Name" value="tMSSqlOutput_1"/>
          <column name="Component Name" value="tMSSqlOutput"/>
          <column name="Version" value="0.102 (ALPHA)"/>
          <column name="Family" value="Databases/MS_SQL_Server"/>
          <column name="Startable" value="false"/>
          <column name="SUBTREE_START" value="false"/>
          <column name="END_OF_FLOW" value="true"/>
          <column name="Activate" value="true"/>
          <column name="DUMMY" value="false"/>
          <column name="tStatCatcher Statistics" value="false"/>
          <column name="Help" value="org.talend.help.tMSSqlOutput"/>
          <column name="Update components" value="true"/>
          <column name="IREPORT_PATH" value=""/>
          <column name="JAVA_LIBRARY_PATH" value="C:\Program Files (x86)\Talend-Studio-6.3\studio\configuration\lib\java"/>
          <column name="Subjob color" value=""/>
          <column name="Title color" value=""/>
          <column name="Enable parallel execution" value="false"/>
          <column name="Number of parallel executions" value="2"/>
          <column name="" value="false"/>
          <column name="Property Type" value="repository: DB (MSSQL):SQLServer_Target"/>
          <column name="Use an existing connection" value="false"/>
          <column name="Component List" value=""/>
          <column name="JDBC Provider" value="JTDS"/>
          <column name="Host" value="&quot;localhost&quot;"/>
          <column name="Port" value="&quot;1433&quot;"/>
          <column name="Schema" value="&quot;&quot;"/>
          <column name="Database" value="&quot;retail_dw&quot;"/>
          <column name="Database Driver" value="MSSQL"/>
          <column name="Username" value="&quot;sa&quot;"/>
          <column name="Password" value="************"/>
          <column name="Table" value="&quot;DimPromotion&quot;"/>
          <column name="Action on table" value="TRUNCATE"/>
          <column name="Turn on Identity insert" value="false"/>
          <column name="Action on data" value="INSERT"/>
          <column name="Specify identity field" value="false"/>
          <column name="Identity field" value="PromotionID"/>
          <column name="Start value" value="1"/>
          <column name="Step" value="1"/>
          <column name="REPOSITORY_ALLOW_AUTO_SWITCH" value="true"/>
          <column name="Schema" value="Built-In"/>
          <column name="Reject Schema" value="Built-In"/>
          <column name="Specify a data source alias" value="false"/>
          <column name="Data source alias" value="&quot;&quot;"/>
          <column name="Die on error" value="true"/>
          <column name="Mapping" value="id_MSSQL"/>
          <column name="Additional JDBC Parameters" value="&quot;&quot;"/>
          <column name="Encoding" value="&quot;ISO-8859-15&quot;"/>
          <column name="Commit every" value="10000"/>
          <column name="Additional columns" value="[]"/>
          <column name="Use field options" value="false"/>
          <column name="Field options" value="[{UPDATE_KEY=false, DELETE_KEY=false, UPDATABLE=true, INSERTABLE=true, SCHEMA_COLUMN=PromotionID}, {UPDATE_KEY=false, DELETE_KEY=false, UPDATABLE=true, INSERTABLE=true, SCHEMA_COLUMN=PromotionKey}, {UPDATE_KEY=false, DELETE_KEY=false, UPDATABLE=true, INSERTABLE=true, SCHEMA_COLUMN=PromotionLabel}, {UPDATE_KEY=false, DELETE_KEY=false, UPDATABLE=true, INSERTABLE=true, SCHEMA_COLUMN=PromotionName}, {UPDATE_KEY=false, DELETE_KEY=false, UPDATABLE=true, INSERTABLE=true, SCHEMA_COLUMN=PromotionDescription}, {UPDATE_KEY=false, DELETE_KEY=false, UPDATABLE=true, INSERTABLE=true, SCHEMA_COLUMN=DiscountPercent}, {UPDATE_KEY=false, DELETE_KEY=false, UPDATABLE=true, INSERTABLE=true, SCHEMA_COLUMN=PromotionType}, {UPDATE_KEY=false, DELETE_KEY=false, UPDATABLE=true, INSERTABLE=true, SCHEMA_COLUMN=PromotionCategory}, {UPDATE_KEY=false, DELETE_KEY=false, UPDATABLE=true, INSERTABLE=true, SCHEMA_COLUMN=StartDate}, {UPDATE_KEY=false, DELETE_KEY=false, UPDATABLE=true, INSERTABLE=true, SCHEMA_COLUMN=EndDate}, {UPDATE_KEY=false, DELETE_KEY=false, UPDATABLE=true, INSERTABLE=true, SCHEMA_COLUMN=MinQuantity}, {UPDATE_KEY=false, DELETE_KEY=false, UPDATABLE=true, INSERTABLE=true, SCHEMA_COLUMN=MaxQuantity}, {UPDATE_KEY=false, DELETE_KEY=false, UPDATABLE=true, INSERTABLE=true, SCHEMA_COLUMN=SOR_ID}, {UPDATE_KEY=false, DELETE_KEY=false, UPDATABLE=true, INSERTABLE=true, SCHEMA_COLUMN=SOR_LoadDate}, {UPDATE_KEY=false, DELETE_KEY=false, UPDATABLE=true, INSERTABLE=true, SCHEMA_COLUMN=SOR_UpdateDate}, {UPDATE_KEY=false, DELETE_KEY=false, UPDATABLE=true, INSERTABLE=true, SCHEMA_COLUMN=DI_Job_ID}]"/>
          <column name="Ignore date out of range" value="false"/>
          <column name="Enable debug mode" value="false"/>
          <column name="Support null in &quot;SQL WHERE&quot; statement" value="false"/>
          <column name="Use Batch Size" value="true"/>
          <column name="Batch Size" value="10000"/>
          <column name="Label format" value="__TABLE__"/>
          <column name="Hint format" value="&lt;b&gt;__UNIQUE_NAME__&lt;/b&gt;&lt;br&gt;__COMMENT__"/>
          <column name="Connection format" value="row"/>
          <column name="Show Information" value="false"/>
          <column name="Comment" value=""/>
          <column name="Use an existing validation rule" value="false"/>
          <column name="Validation Rule Type" value=""/>
        </parameters>
        <schemas>
          <schema name="DimPromotion">
            <column name="PromotionID" key="false" type="int" length="10" precision="" nullable="false" comment=""/>
            <column name="PromotionKey" key="false" type="int" length="10" precision="" nullable="false" comment=""/>
            <column name="PromotionLabel" key="false" type="String" length="12" precision="" nullable="false" comment=""/>
            <column name="PromotionName" key="false" type="String" length="100" precision="" nullable="true" comment=""/>
            <column name="PromotionDescription" key="false" type="String" length="255" precision="" nullable="true" comment=""/>
            <column name="DiscountPercent" key="false" type="Double" length="53" precision="" nullable="true" comment=""/>
            <column name="PromotionType" key="false" type="String" length="50" precision="" nullable="true" comment=""/>
            <column name="PromotionCategory" key="false" type="String" length="50" precision="" nullable="true" comment=""/>
            <column name="StartDate" key="false" type="java.util.Date" length="10" precision="" nullable="false" comment=""/>
            <column name="EndDate" key="false" type="java.util.Date" length="10" precision="" nullable="true" comment=""/>
            <column name="MinQuantity" key="false" type="Integer" length="10" precision="" nullable="true" comment=""/>
            <column name="MaxQuantity" key="false" type="Integer" length="10" precision="" nullable="true" comment=""/>
            <column name="SOR_ID" key="false" type="int" length="10" precision="" nullable="false" comment=""/>
            <column name="SOR_LoadDate" key="false" type="java.util.Date" length="23" precision="3" nullable="true" comment=""/>
            <column name="SOR_UpdateDate" key="false" type="java.util.Date" length="23" precision="3" nullable="true" comment=""/>
            <column name="DI_Job_ID" key="false" type="String" length="20" precision="" nullable="false" comment=""/>
          </schema>
        </schemas>
      </component>
      <component icon="pictures/tMSSqlOutput_2.png" uniqueName="tMSSqlOutput_2" label="__TABLE__">
        <input link="tMap_2">tMap_2</input>
        <input link="tMSSqlInput_2">tMSSqlInput_2</input>
        <output>none</output>
        <componentType>tMSSqlOutput</componentType>
        <parameters>
          <column name="Unique Name" value="tMSSqlOutput_2"/>
          <column name="Component Name" value="tMSSqlOutput"/>
          <column name="Version" value="0.102 (ALPHA)"/>
          <column name="Family" value="Databases/MS_SQL_Server"/>
          <column name="Startable" value="false"/>
          <column name="SUBTREE_START" value="false"/>
          <column name="END_OF_FLOW" value="true"/>
          <column name="Activate" value="true"/>
          <column name="DUMMY" value="false"/>
          <column name="tStatCatcher Statistics" value="false"/>
          <column name="Help" value="org.talend.help.tMSSqlOutput"/>
          <column name="Update components" value="true"/>
          <column name="IREPORT_PATH" value=""/>
          <column name="JAVA_LIBRARY_PATH" value="C:\Program Files (x86)\Talend-Studio-6.3\studio\configuration\lib\java"/>
          <column name="Subjob color" value=""/>
          <column name="Title color" value=""/>
          <column name="Enable parallel execution" value="false"/>
          <column name="Number of parallel executions" value="2"/>
          <column name="" value="false"/>
          <column name="Property Type" value="repository: DB (MSSQL):SQLServer_Target"/>
          <column name="Use an existing connection" value="false"/>
          <column name="Component List" value=""/>
          <column name="JDBC Provider" value="JTDS"/>
          <column name="Host" value="&quot;localhost&quot;"/>
          <column name="Port" value="&quot;1433&quot;"/>
          <column name="Schema" value="&quot;&quot;"/>
          <column name="Database" value="&quot;retail_dw&quot;"/>
          <column name="Database Driver" value="MSSQL"/>
          <column name="Username" value="&quot;sa&quot;"/>
          <column name="Password" value="************"/>
          <column name="Table" value="&quot;DimPromotion&quot;"/>
          <column name="Action on table" value="NONE"/>
          <column name="Turn on Identity insert" value="false"/>
          <column name="Action on data" value="INSERT_OR_UPDATE"/>
          <column name="Specify identity field" value="false"/>
          <column name="Identity field" value="PromotionID"/>
          <column name="Start value" value="1"/>
          <column name="Step" value="1"/>
          <column name="REPOSITORY_ALLOW_AUTO_SWITCH" value="true"/>
          <column name="Schema" value="Built-In"/>
          <column name="Reject Schema" value="Built-In"/>
          <column name="Specify a data source alias" value="false"/>
          <column name="Data source alias" value="&quot;&quot;"/>
          <column name="Die on error" value="true"/>
          <column name="Mapping" value="id_MSSQL"/>
          <column name="Additional JDBC Parameters" value="&quot;&quot;"/>
          <column name="Encoding" value="&quot;ISO-8859-15&quot;"/>
          <column name="Commit every" value="10000"/>
          <column name="Additional columns" value="[]"/>
          <column name="Use field options" value="false"/>
          <column name="Field options" value="[{UPDATE_KEY=false, DELETE_KEY=false, UPDATABLE=true, INSERTABLE=true, SCHEMA_COLUMN=PromotionID}, {UPDATE_KEY=false, DELETE_KEY=false, UPDATABLE=true, INSERTABLE=true, SCHEMA_COLUMN=PromotionKey}, {UPDATE_KEY=false, DELETE_KEY=false, UPDATABLE=true, INSERTABLE=true, SCHEMA_COLUMN=PromotionLabel}, {UPDATE_KEY=false, DELETE_KEY=false, UPDATABLE=true, INSERTABLE=true, SCHEMA_COLUMN=PromotionName}, {UPDATE_KEY=false, DELETE_KEY=false, UPDATABLE=true, INSERTABLE=true, SCHEMA_COLUMN=PromotionDescription}, {UPDATE_KEY=false, DELETE_KEY=false, UPDATABLE=true, INSERTABLE=true, SCHEMA_COLUMN=DiscountPercent}, {UPDATE_KEY=false, DELETE_KEY=false, UPDATABLE=true, INSERTABLE=true, SCHEMA_COLUMN=PromotionType}, {UPDATE_KEY=false, DELETE_KEY=false, UPDATABLE=true, INSERTABLE=true, SCHEMA_COLUMN=PromotionCategory}, {UPDATE_KEY=false, DELETE_KEY=false, UPDATABLE=true, INSERTABLE=true, SCHEMA_COLUMN=StartDate}, {UPDATE_KEY=false, DELETE_KEY=false, UPDATABLE=true, INSERTABLE=true, SCHEMA_COLUMN=EndDate}, {UPDATE_KEY=false, DELETE_KEY=false, UPDATABLE=true, INSERTABLE=true, SCHEMA_COLUMN=MinQuantity}, {UPDATE_KEY=false, DELETE_KEY=false, UPDATABLE=true, INSERTABLE=true, SCHEMA_COLUMN=MaxQuantity}, {UPDATE_KEY=false, DELETE_KEY=false, UPDATABLE=true, INSERTABLE=true, SCHEMA_COLUMN=SOR_ID}, {UPDATE_KEY=false, DELETE_KEY=false, UPDATABLE=true, INSERTABLE=true, SCHEMA_COLUMN=SOR_LoadDate}, {UPDATE_KEY=false, DELETE_KEY=false, UPDATABLE=true, INSERTABLE=true, SCHEMA_COLUMN=SOR_UpdateDate}, {UPDATE_KEY=false, DELETE_KEY=false, UPDATABLE=true, INSERTABLE=true, SCHEMA_COLUMN=DI_Job_ID}]"/>
          <column name="Ignore date out of range" value="false"/>
          <column name="Enable debug mode" value="false"/>
          <column name="Support null in &quot;SQL WHERE&quot; statement" value="false"/>
          <column name="Use Batch Size" value="true"/>
          <column name="Batch Size" value="10000"/>
          <column name="Label format" value="__TABLE__"/>
          <column name="Hint format" value="&lt;b&gt;__UNIQUE_NAME__&lt;/b&gt;&lt;br&gt;__COMMENT__"/>
          <column name="Connection format" value="row"/>
          <column name="Show Information" value="false"/>
          <column name="Comment" value=""/>
          <column name="Use an existing validation rule" value="false"/>
          <column name="Validation Rule Type" value=""/>
        </parameters>
        <schemas>
          <schema name="DimPromotion">
            <column name="PromotionID" key="false" type="int" length="10" precision="" nullable="false" comment=""/>
            <column name="PromotionKey" key="false" type="int" length="10" precision="" nullable="false" comment=""/>
            <column name="PromotionLabel" key="true" type="String" length="12" precision="" nullable="false" comment=""/>
            <column name="PromotionName" key="false" type="String" length="100" precision="" nullable="true" comment=""/>
            <column name="PromotionDescription" key="false" type="String" length="255" precision="" nullable="true" comment=""/>
            <column name="DiscountPercent" key="false" type="Double" length="53" precision="" nullable="true" comment=""/>
            <column name="PromotionType" key="false" type="String" length="50" precision="" nullable="true" comment=""/>
            <column name="PromotionCategory" key="false" type="String" length="50" precision="" nullable="true" comment=""/>
            <column name="StartDate" key="false" type="java.util.Date" length="10" precision="" nullable="false" comment=""/>
            <column name="EndDate" key="false" type="java.util.Date" length="10" precision="" nullable="true" comment=""/>
            <column name="MinQuantity" key="false" type="Integer" length="10" precision="" nullable="true" comment=""/>
            <column name="MaxQuantity" key="false" type="Integer" length="10" precision="" nullable="true" comment=""/>
            <column name="SOR_ID" key="false" type="int" length="10" precision="" nullable="false" comment=""/>
            <column name="SOR_LoadDate" key="false" type="java.util.Date" length="23" precision="3" nullable="true" comment=""/>
            <column name="SOR_UpdateDate" key="false" type="java.util.Date" length="23" precision="3" nullable="true" comment=""/>
            <column name="DI_Job_ID" key="false" type="String" length="20" precision="" nullable="false" comment=""/>
          </schema>
        </schemas>
      </component>
      <component icon="pictures/tMSSqlOutput_3.png" uniqueName="tMSSqlOutput_3" label="__TABLE__">
        <input link="tMap_3">tMap_3</input>
        <input link="tMSSqlInput_3">tMSSqlInput_3</input>
        <output>none</output>
        <componentType>tMSSqlOutput</componentType>
        <parameters>
          <column name="Unique Name" value="tMSSqlOutput_3"/>
          <column name="Component Name" value="tMSSqlOutput"/>
          <column name="Version" value="0.102 (ALPHA)"/>
          <column name="Family" value="Databases/MS_SQL_Server"/>
          <column name="Startable" value="false"/>
          <column name="SUBTREE_START" value="false"/>
          <column name="END_OF_FLOW" value="true"/>
          <column name="Activate" value="true"/>
          <column name="DUMMY" value="false"/>
          <column name="tStatCatcher Statistics" value="false"/>
          <column name="Help" value="org.talend.help.tMSSqlOutput"/>
          <column name="Update components" value="true"/>
          <column name="IREPORT_PATH" value=""/>
          <column name="JAVA_LIBRARY_PATH" value="C:\Program Files (x86)\Talend-Studio-6.3\studio\configuration\lib\java"/>
          <column name="Subjob color" value=""/>
          <column name="Title color" value=""/>
          <column name="Enable parallel execution" value="false"/>
          <column name="Number of parallel executions" value="2"/>
          <column name="" value="false"/>
          <column name="Property Type" value="repository: DB (MSSQL):SQLServer_Target"/>
          <column name="Use an existing connection" value="false"/>
          <column name="Component List" value=""/>
          <column name="JDBC Provider" value="JTDS"/>
          <column name="Host" value="&quot;localhost&quot;"/>
          <column name="Port" value="&quot;1433&quot;"/>
          <column name="Schema" value="&quot;&quot;"/>
          <column name="Database" value="&quot;retail_dw&quot;"/>
          <column name="Database Driver" value="MSSQL"/>
          <column name="Username" value="&quot;sa&quot;"/>
          <column name="Password" value="************"/>
          <column name="Table" value="&quot;DimPromotion&quot;"/>
          <column name="Action on table" value="NONE"/>
          <column name="Turn on Identity insert" value="false"/>
          <column name="Action on data" value="INSERT_OR_UPDATE"/>
          <column name="Specify identity field" value="false"/>
          <column name="Identity field" value="PromotionID"/>
          <column name="Start value" value="1"/>
          <column name="Step" value="1"/>
          <column name="REPOSITORY_ALLOW_AUTO_SWITCH" value="true"/>
          <column name="Schema" value="Built-In"/>
          <column name="Reject Schema" value="Built-In"/>
          <column name="Specify a data source alias" value="false"/>
          <column name="Data source alias" value="&quot;&quot;"/>
          <column name="Die on error" value="true"/>
          <column name="Mapping" value="id_MSSQL"/>
          <column name="Additional JDBC Parameters" value="&quot;&quot;"/>
          <column name="Encoding" value="&quot;ISO-8859-15&quot;"/>
          <column name="Commit every" value="10000"/>
          <column name="Additional columns" value="[]"/>
          <column name="Use field options" value="false"/>
          <column name="Field options" value="[{UPDATE_KEY=false, DELETE_KEY=false, UPDATABLE=true, INSERTABLE=true, SCHEMA_COLUMN=PromotionID}, {UPDATE_KEY=false, DELETE_KEY=false, UPDATABLE=true, INSERTABLE=true, SCHEMA_COLUMN=PromotionKey}, {UPDATE_KEY=false, DELETE_KEY=false, UPDATABLE=true, INSERTABLE=true, SCHEMA_COLUMN=PromotionLabel}, {UPDATE_KEY=false, DELETE_KEY=false, UPDATABLE=true, INSERTABLE=true, SCHEMA_COLUMN=PromotionName}, {UPDATE_KEY=false, DELETE_KEY=false, UPDATABLE=true, INSERTABLE=true, SCHEMA_COLUMN=PromotionDescription}, {UPDATE_KEY=false, DELETE_KEY=false, UPDATABLE=true, INSERTABLE=true, SCHEMA_COLUMN=DiscountPercent}, {UPDATE_KEY=false, DELETE_KEY=false, UPDATABLE=true, INSERTABLE=true, SCHEMA_COLUMN=PromotionType}, {UPDATE_KEY=false, DELETE_KEY=false, UPDATABLE=true, INSERTABLE=true, SCHEMA_COLUMN=PromotionCategory}, {UPDATE_KEY=false, DELETE_KEY=false, UPDATABLE=true, INSERTABLE=true, SCHEMA_COLUMN=StartDate}, {UPDATE_KEY=false, DELETE_KEY=false, UPDATABLE=true, INSERTABLE=true, SCHEMA_COLUMN=EndDate}, {UPDATE_KEY=false, DELETE_KEY=false, UPDATABLE=true, INSERTABLE=true, SCHEMA_COLUMN=MinQuantity}, {UPDATE_KEY=false, DELETE_KEY=false, UPDATABLE=true, INSERTABLE=true, SCHEMA_COLUMN=MaxQuantity}, {UPDATE_KEY=false, DELETE_KEY=false, UPDATABLE=true, INSERTABLE=true, SCHEMA_COLUMN=SOR_ID}, {UPDATE_KEY=false, DELETE_KEY=false, UPDATABLE=true, INSERTABLE=true, SCHEMA_COLUMN=SOR_LoadDate}, {UPDATE_KEY=false, DELETE_KEY=false, UPDATABLE=true, INSERTABLE=true, SCHEMA_COLUMN=SOR_UpdateDate}, {UPDATE_KEY=false, DELETE_KEY=false, UPDATABLE=true, INSERTABLE=true, SCHEMA_COLUMN=DI_Job_ID}]"/>
          <column name="Ignore date out of range" value="false"/>
          <column name="Enable debug mode" value="false"/>
          <column name="Support null in &quot;SQL WHERE&quot; statement" value="false"/>
          <column name="Use Batch Size" value="true"/>
          <column name="Batch Size" value="10000"/>
          <column name="Label format" value="__TABLE__"/>
          <column name="Hint format" value="&lt;b&gt;__UNIQUE_NAME__&lt;/b&gt;&lt;br&gt;__COMMENT__"/>
          <column name="Connection format" value="row"/>
          <column name="Show Information" value="false"/>
          <column name="Comment" value=""/>
          <column name="Use an existing validation rule" value="false"/>
          <column name="Validation Rule Type" value=""/>
        </parameters>
        <schemas>
          <schema name="DimPromotion">
            <column name="PromotionID" key="false" type="int" length="10" precision="" nullable="false" comment=""/>
            <column name="PromotionKey" key="false" type="int" length="10" precision="" nullable="false" comment=""/>
            <column name="PromotionLabel" key="true" type="String" length="12" precision="" nullable="false" comment=""/>
            <column name="PromotionName" key="false" type="String" length="100" precision="" nullable="true" comment=""/>
            <column name="PromotionDescription" key="false" type="String" length="255" precision="" nullable="true" comment=""/>
            <column name="DiscountPercent" key="false" type="Double" length="53" precision="" nullable="true" comment=""/>
            <column name="PromotionType" key="false" type="String" length="50" precision="" nullable="true" comment=""/>
            <column name="PromotionCategory" key="false" type="String" length="50" precision="" nullable="true" comment=""/>
            <column name="StartDate" key="false" type="java.util.Date" length="10" precision="" nullable="false" comment=""/>
            <column name="EndDate" key="false" type="java.util.Date" length="10" precision="" nullable="true" comment=""/>
            <column name="MinQuantity" key="false" type="Integer" length="10" precision="" nullable="true" comment=""/>
            <column name="MaxQuantity" key="false" type="Integer" length="10" precision="" nullable="true" comment=""/>
            <column name="SOR_ID" key="false" type="int" length="10" precision="" nullable="false" comment=""/>
            <column name="SOR_LoadDate" key="false" type="java.util.Date" length="23" precision="3" nullable="true" comment=""/>
            <column name="SOR_UpdateDate" key="false" type="java.util.Date" length="23" precision="3" nullable="true" comment=""/>
            <column name="DI_Job_ID" key="false" type="String" length="20" precision="" nullable="false" comment=""/>
          </schema>
        </schemas>
      </component>
      <component icon="pictures/tMysqlInput_1.png" uniqueName="tMysqlInput_1" label="__TABLE__">
        <input>none</input>
        <output link="tMap_1">tMap_1</output>
        <output link="tMSSqlInput_1">tMSSqlInput_1</output>
        <componentType>tMysqlInput</componentType>
        <parameters>
          <column name="Unique Name" value="tMysqlInput_1"/>
          <column name="Component Name" value="tMysqlInput"/>
          <column name="Version" value="0.102 (ALPHA)"/>
          <column name="Family" value="Databases/MySQL"/>
          <column name="Start" value="true"/>
          <column name="Startable" value="true"/>
          <column name="SUBTREE_START" value="true"/>
          <column name="END_OF_FLOW" value="false"/>
          <column name="Activate" value="true"/>
          <column name="DUMMY" value="false"/>
          <column name="tStatCatcher Statistics" value="false"/>
          <column name="Help" value="org.talend.help.tMysqlInput"/>
          <column name="Update components" value="true"/>
          <column name="IREPORT_PATH" value=""/>
          <column name="JAVA_LIBRARY_PATH" value="C:\Program Files (x86)\Talend-Studio-6.3\studio\configuration\lib\java"/>
          <column name="Subjob color" value=""/>
          <column name="Title color" value=""/>
          <column name="Enable parallel execution" value="false"/>
          <column name="Number of parallel executions" value="2"/>
          <column name="" value="false"/>
          <column name="Property Type" value="repository: DB (MYSQL):MySQL_SOR"/>
          <column name="DB Version" value="MYSQL_5"/>
          <column name="Use an existing connection" value="false"/>
          <column name="Component List" value=""/>
          <column name="Host" value="&quot;localhost&quot;"/>
          <column name="Port" value="&quot;3306&quot;"/>
          <column name="Database" value="&quot;retail_sor_eu&quot;"/>
          <column name="Database Driver" value="MYSQL"/>
          <column name="Username" value="&quot;root&quot;"/>
          <column name="Password" value="************"/>
          <column name="REPOSITORY_ALLOW_AUTO_SWITCH" value="true"/>
          <column name="Schema" value="Built-In"/>
          <column name="Table Name" value="&quot;dimpromotion&quot;"/>
          <column name="Query Type" value="Built-In"/>
          <column name="Guess Schema" value="&quot;&quot;"/>
          <column name="Query" value="&quot;SELECT 
  `dimpromotion`.`PromotionID`, 
  `dimpromotion`.`PromotionKey`, 
  `dimpromotion`.`PromotionLabel`, 
  `dimpromotion`.`PromotionName`, 
  `dimpromotion`.`PromotionDescription`, 
  `dimpromotion`.`DiscountPercent`, 
  `dimpromotion`.`PromotionType`, 
  `dimpromotion`.`PromotionCategory`, 
  `dimpromotion`.`StartDate`, 
  `dimpromotion`.`EndDate`, 
  `dimpromotion`.`MinQuantity`, 
  `dimpromotion`.`MaxQuantity`, 
  `dimpromotion`.`ETLLoadID`, 
  `dimpromotion`.`LoadDate`, 
  `dimpromotion`.`UpdateDate`, 
  `dimpromotion`.`SOR_ID`
FROM `dimpromotion`&quot;"/>
          <column name="Specify a data source alias" value="false"/>
          <column name="Data source alias" value="&quot;&quot;"/>
          <column name="Mapping" value="mysql_id"/>
          <column name="Additional JDBC Parameters" value="&quot;noDatetimeStringSync=true&quot;"/>
          <column name="Encoding" value="&quot;ISO-8859-15&quot;"/>
          <column name="Enable stream" value="false"/>
          <column name="Trim all the String/Char columns" value="false"/>
          <column name="Trim column" value="[{TRIM=false, SCHEMA_COLUMN=PromotionID}, {TRIM=false, SCHEMA_COLUMN=PromotionKey}, {TRIM=false, SCHEMA_COLUMN=PromotionLabel}, {TRIM=false, SCHEMA_COLUMN=PromotionName}, {TRIM=false, SCHEMA_COLUMN=PromotionDescription}, {TRIM=false, SCHEMA_COLUMN=DiscountPercent}, {TRIM=false, SCHEMA_COLUMN=PromotionType}, {TRIM=false, SCHEMA_COLUMN=PromotionCategory}, {TRIM=false, SCHEMA_COLUMN=StartDate}, {TRIM=false, SCHEMA_COLUMN=EndDate}, {TRIM=false, SCHEMA_COLUMN=MinQuantity}, {TRIM=false, SCHEMA_COLUMN=MaxQuantity}, {TRIM=false, SCHEMA_COLUMN=ETLLoadID}, {TRIM=false, SCHEMA_COLUMN=LoadDate}, {TRIM=false, SCHEMA_COLUMN=UpdateDate}, {TRIM=false, SCHEMA_COLUMN=SOR_ID}]"/>
          <column name="Label format" value="__TABLE__"/>
          <column name="Hint format" value="&lt;b&gt;__UNIQUE_NAME__&lt;/b&gt;&lt;br&gt;__COMMENT__"/>
          <column name="Connection format" value="row"/>
          <column name="Show Information" value="false"/>
          <column name="Comment" value=""/>
          <column name="Use an existing validation rule" value="false"/>
          <column name="Validation Rule Type" value=""/>
        </parameters>
        <schemas>
          <schema name="dimpromotion">
            <column name="PromotionID" key="true" type="int" length="10" precision="" nullable="false" comment=""/>
            <column name="PromotionKey" key="false" type="int" length="10" precision="" nullable="false" comment=""/>
            <column name="PromotionLabel" key="false" type="String" length="12" precision="" nullable="false" comment=""/>
            <column name="PromotionName" key="false" type="String" length="100" precision="" nullable="true" comment=""/>
            <column name="PromotionDescription" key="false" type="String" length="255" precision="" nullable="true" comment=""/>
            <column name="DiscountPercent" key="false" type="Double" length="22" precision="" nullable="true" comment=""/>
            <column name="PromotionType" key="false" type="String" length="50" precision="" nullable="true" comment=""/>
            <column name="PromotionCategory" key="false" type="String" length="50" precision="" nullable="true" comment=""/>
            <column name="StartDate" key="false" type="java.util.Date" length="10" precision="" nullable="false" comment=""/>
            <column name="EndDate" key="false" type="java.util.Date" length="10" precision="" nullable="true" comment=""/>
            <column name="MinQuantity" key="false" type="Integer" length="10" precision="" nullable="true" comment=""/>
            <column name="MaxQuantity" key="false" type="Integer" length="10" precision="" nullable="true" comment=""/>
            <column name="ETLLoadID" key="false" type="Integer" length="10" precision="" nullable="true" comment=""/>
            <column name="LoadDate" key="false" type="java.util.Date" length="19" precision="" nullable="true" comment=""/>
            <column name="UpdateDate" key="false" type="java.util.Date" length="19" precision="" nullable="true" comment=""/>
            <column name="SOR_ID" key="false" type="Integer" length="20" precision="" nullable="true" comment=""/>
          </schema>
        </schemas>
      </component>
      <component icon="pictures/tPostgresqlInput_1.png" uniqueName="tPostgresqlInput_1" label="__TABLE__">
        <input link="tMSSqlInput_1">tMSSqlInput_1</input>
        <output link="tMap_3">tMap_3</output>
        <componentType>tPostgresqlInput</componentType>
        <parameters>
          <column name="Unique Name" value="tPostgresqlInput_1"/>
          <column name="Component Name" value="tPostgresqlInput"/>
          <column name="Version" value="0.102 (ALPHA)"/>
          <column name="Family" value="Databases/PostgreSQL"/>
          <column name="Start" value="false"/>
          <column name="Startable" value="true"/>
          <column name="SUBTREE_START" value="true"/>
          <column name="END_OF_FLOW" value="false"/>
          <column name="Activate" value="true"/>
          <column name="DUMMY" value="false"/>
          <column name="tStatCatcher Statistics" value="false"/>
          <column name="Help" value="org.talend.help.tPostgresqlInput"/>
          <column name="Update components" value="true"/>
          <column name="IREPORT_PATH" value=""/>
          <column name="JAVA_LIBRARY_PATH" value="C:\Program Files (x86)\Talend-Studio-6.3\studio\configuration\lib\java"/>
          <column name="Subjob color" value=""/>
          <column name="Title color" value=""/>
          <column name="Enable parallel execution" value="false"/>
          <column name="Number of parallel executions" value="2"/>
          <column name="" value="false"/>
          <column name="Property Type" value="repository: DB (POSTGRESQL):PostGRES_SOR"/>
          <column name="Use an existing connection" value="false"/>
          <column name="Component List" value=""/>
          <column name="DB Version" value="PRIOR_TO_V9"/>
          <column name="Host" value="&quot;localhost&quot;"/>
          <column name="Database Driver" value="POSTGRESQL"/>
          <column name="Port" value="&quot;5432&quot;"/>
          <column name="Database" value="&quot;retail_sor_as&quot;"/>
          <column name="Schema" value="&quot;&quot;"/>
          <column name="Username" value="&quot;postgres&quot;"/>
          <column name="Password" value="************"/>
          <column name="REPOSITORY_ALLOW_AUTO_SWITCH" value="true"/>
          <column name="Schema" value="Built-In"/>
          <column name="Table Name" value="&quot;dimpromotion&quot;"/>
          <column name="Query Type" value="Built-In"/>
          <column name="Guess Schema" value="&quot;&quot;"/>
          <column name="Query" value="&quot;select \&quot;dimpromotion\&quot;.\&quot;promotionid\&quot;,\&quot;dimpromotion\&quot;.\&quot;promotionlabel\&quot;,
 \&quot;dimpromotion\&quot;.\&quot;promotionname\&quot;,\&quot;dimpromotion\&quot;.\&quot;promotiondescription\&quot;,
 \&quot;dimpromotion\&quot;.\&quot;discountpercent\&quot;,\&quot;dimpromotion\&quot;.\&quot;promotiontype\&quot;,
 \&quot;dimpromotion\&quot;.\&quot;promotioncategory\&quot;,\&quot;dimpromotion\&quot;.\&quot;startdate\&quot;,\&quot;dimpromotion\&quot;.\&quot;enddate\&quot;,
 \&quot;dimpromotion\&quot;.\&quot;minquantity\&quot;,\&quot;dimpromotion\&quot;.\&quot;maxquantity\&quot;,\&quot;dimpromotion\&quot;.\&quot;etlloadid\&quot;,
 \&quot;dimpromotion\&quot;.\&quot;loaddate\&quot;,\&quot;dimpromotion\&quot;.\&quot;updatedate\&quot;,\&quot;dimpromotion\&quot;.\&quot;sor_id\&quot; 
from \&quot;dimpromotion\&quot;&quot;"/>
          <column name="Specify a data source alias" value="false"/>
          <column name="Data source alias" value="&quot;&quot;"/>
          <column name="Mapping" value="postgres_id"/>
          <column name="Encoding" value="&quot;ISO-8859-15&quot;"/>
          <column name="Use cursor" value="false"/>
          <column name="Cursor size" value="1000"/>
          <column name="Trim all the String/Char columns" value="false"/>
          <column name="Trim column" value="[{TRIM=false, SCHEMA_COLUMN=promotionid}, {TRIM=false, SCHEMA_COLUMN=promotionlabel}, {TRIM=false, SCHEMA_COLUMN=promotionname}, {TRIM=false, SCHEMA_COLUMN=promotiondescription}, {TRIM=false, SCHEMA_COLUMN=discountpercent}, {TRIM=false, SCHEMA_COLUMN=promotiontype}, {TRIM=false, SCHEMA_COLUMN=promotioncategory}, {TRIM=false, SCHEMA_COLUMN=startdate}, {TRIM=false, SCHEMA_COLUMN=enddate}, {TRIM=false, SCHEMA_COLUMN=minquantity}, {TRIM=false, SCHEMA_COLUMN=maxquantity}, {TRIM=false, SCHEMA_COLUMN=etlloadid}, {TRIM=false, SCHEMA_COLUMN=loaddate}, {TRIM=false, SCHEMA_COLUMN=updatedate}, {TRIM=false, SCHEMA_COLUMN=sor_id}]"/>
          <column name="Label format" value="__TABLE__"/>
          <column name="Hint format" value="&lt;b&gt;__UNIQUE_NAME__&lt;/b&gt;&lt;br&gt;__COMMENT__"/>
          <column name="Connection format" value="row"/>
          <column name="Show Information" value="false"/>
          <column name="Comment" value=""/>
          <column name="Use an existing validation rule" value="false"/>
          <column name="Validation Rule Type" value=""/>
        </parameters>
        <schemas>
          <schema name="dimpromotion">
            <column name="promotionid" key="true" type="int" length="10" precision="" nullable="false" comment=""/>
            <column name="promotionlabel" key="false" type="String" length="12" precision="" nullable="false" comment=""/>
            <column name="promotionname" key="false" type="String" length="100" precision="" nullable="true" comment=""/>
            <column name="promotiondescription" key="false" type="String" length="255" precision="" nullable="true" comment=""/>
            <column name="discountpercent" key="false" type="Double" length="17" precision="17" nullable="true" comment=""/>
            <column name="promotiontype" key="false" type="String" length="50" precision="" nullable="true" comment=""/>
            <column name="promotioncategory" key="false" type="String" length="50" precision="" nullable="true" comment=""/>
            <column name="startdate" key="false" type="java.util.Date" length="13" precision="" nullable="false" comment=""/>
            <column name="enddate" key="false" type="java.util.Date" length="13" precision="" nullable="true" comment=""/>
            <column name="minquantity" key="false" type="Integer" length="10" precision="" nullable="true" comment=""/>
            <column name="maxquantity" key="false" type="Integer" length="10" precision="" nullable="true" comment=""/>
            <column name="etlloadid" key="false" type="Integer" length="10" precision="" nullable="true" comment=""/>
            <column name="loaddate" key="false" type="java.util.Date" length="26" precision="3" nullable="true" comment=""/>
            <column name="updatedate" key="false" type="java.util.Date" length="26" precision="3" nullable="true" comment=""/>
            <column name="sor_id" key="false" type="Integer" length="2147483647" precision="" nullable="true" comment=""/>
          </schema>
        </schemas>
      </component>
    </internalNodeComponents>
    <externalNodeComponents>
      <component icon="pictures/CNTL_Job_Tracking_Stats_CHILD_1.png" uniqueName="CNTL_Job_Tracking_Stats_CHILD_1" label="CNTL_Job_Tracking_Stats_CHILD">
        <input>none</input>
        <output>none</output>
        <componentType>CNTL_Job_Tracking_Stats_CHILD</componentType>
        <parameters>
          <column name="Version">Latest</column>
          <column name="Show Information">false</column>
          <column name="Comment"></column>
        </parameters>
        <!--CNTL_Job_Tracking_Stats_CHILD_1-->
      </component>
      <component icon="pictures/tMap_1.png" uniqueName="tMap_1" label="__UNIQUE_NAME__">
        <input link="tMysqlInput_1">tMysqlInput_1</input>
        <output link="tMSSqlOutput_1">tMSSqlOutput_1</output>
        <componentType>tMap</componentType>
        <!--tMap_1-->
      </component>
      <component icon="pictures/tMap_2.png" uniqueName="tMap_2" label="__UNIQUE_NAME__">
        <input link="tMap_2">tMap_2</input>
        <input link="tMSSqlInput_2">tMSSqlInput_2</input>
        <output link="tMSSqlOutput_2">tMSSqlOutput_2</output>
        <componentType>tMap</componentType>
        <!--tMap_2-->
      </component>
      <component icon="pictures/tMap_3.png" uniqueName="tMap_3" label="__UNIQUE_NAME__">
        <input link="tMap_3">tMap_3</input>
        <input link="tMSSqlInput_3">tMSSqlInput_3</input>
        <output link="tMSSqlOutput_3">tMSSqlOutput_3</output>
        <componentType>tMap</componentType>
        <!--tMap_3-->
      </component>
    </externalNodeComponents>
    <connections>
      <connection label="promo_mysql" lineStyle="0" metaname="tMysqlInput_1" offsetLabelX="0" offsetLabelY="0" source="tMysqlInput_1" target="tMap_1"/>
      <connection label="OnSubjobOk" lineStyle="1" metaname="tMysqlInput_1" offsetLabelX="0" offsetLabelY="0" source="tMysqlInput_1" target="tMSSqlInput_1"/>
      <connection label="op" lineStyle="0" metaname="op" offsetLabelX="0" offsetLabelY="0" source="tMap_1" target="tMSSqlOutput_1"/>
      <connection label="promo_sqlserver" lineStyle="0" metaname="tMSSqlInput_1" offsetLabelX="0" offsetLabelY="0" source="tMSSqlInput_1" target="tMap_2"/>
      <connection label="OnSubjobOk" lineStyle="1" metaname="tMSSqlInput_1" offsetLabelX="0" offsetLabelY="0" source="tMSSqlInput_1" target="tPostgresqlInput_1"/>
      <connection label="op1" lineStyle="0" metaname="op1" offsetLabelX="0" offsetLabelY="0" source="tMap_2" target="tMSSqlOutput_2"/>
      <connection label="promo_lkp_sqlserver" lineStyle="8" metaname="tMSSqlInput_2" offsetLabelX="0" offsetLabelY="0" source="tMSSqlInput_2" target="tMap_2"/>
      <connection label="promo_postgres" lineStyle="0" metaname="tPostgresqlInput_1" offsetLabelX="0" offsetLabelY="0" source="tPostgresqlInput_1" target="tMap_3"/>
      <connection label="op2" lineStyle="0" metaname="op2" offsetLabelX="0" offsetLabelY="0" source="tMap_3" target="tMSSqlOutput_3"/>
      <connection label="promo_lkp_postgres" lineStyle="8" metaname="tMSSqlInput_3" offsetLabelX="0" offsetLabelY="0" source="tMSSqlInput_3" target="tMap_3"/>
    </connections>
  </job>
</project>
