<?xml version="1.1" encoding="UTF-8"?>

<externalNode i18n.job.component.parameters="Component Parameters:" i18n.job.properties="Properties" i18n.job.values="Values" i18n.mapper.table.for="Mapper table for " i18n.mapper.table.properties="Mapper table Properties" i18n.job.name="Name" i18n.tmap.matching.mode="Matching-mode" i18n.mapper.table.isminimized="isMinimized" i18n.tmap.isreject="isReject" i18n.tmap.isrejectinnnerjoin="isRejectInnerJoin" i18n.tmap.isinnerjoin="isInnerJoin" i18n.tmap.expressionfilter="expressionFilter" i18n.mapper.table.metadata.entries="Metadata Table Entries" i18n.job.type="Type" i18n.mapper.table.expression="Expression" i18n.tmap.isnullable="isNullable" i18n.tmap.constraint.entries="Constraint Table Entries" name="tMap_1" preview="pictures/_XnD9gCmCEeeoLPBlYP6Yyg-tMap_1-PREVIEW.bmp">
  <parameters>
    <column name="tStatCatcher Statistics">false</column>
    <column name="Enable parallel execution">false</column>
    <column name="Mapping links display as:">AUTO</column>
    <column name="Temp data directory path:"></column>
    <column name="Max buffer size (nb of rows):">2000000</column>
    <column name="Ignore trailing zeros for BigDecimal">false</column>
    <column name="Show Information">false</column>
    <column name="Comment"><![CDATA[]]></column>
    <column name="Use an existing validation rule">false</column>
  </parameters>
  <mapperTable type="input">
    <table name="rejectcodes" matching-mode="UNIQUE_MATCH" lookup-mode="LOAD_ONCE" isMinimized="false" isReject="false" isRejectInnerJoin="false" isInnerJoin="false" isPersistent="false" expressionFilter="null" activateExpressionFilter="false" activateCondensedTool="false">
      <metadataTableEntries>
        <entry name="DI_Reject_Code" type="int" expression="" isNullable="false"/>
        <entry name="DI_Reject_Reason" type="String" expression="" isNullable="true"/>
        <entry name="DI_Reject_Description" type="String" expression="" isNullable="true"/>
        <entry name="SOR_ID" type="int" expression="" isNullable="false"/>
        <entry name="DI_Job_ID" type="String" expression="" isNullable="true"/>
      </metadataTableEntries>
    </table>
  </mapperTable>
  <mapperTable type="output">
    <table name="op" isMinimized="false" isReject="false" isRejectInnerJoin="false" isInnerJoin="false" isPersistent="false" expressionFilter="null" activateExpressionFilter="false" activateCondensedTool="false">
      <metadataTableEntries>
        <entry name="DI_Reject_Code" type="int" expression="rejectcodes.DI_Reject_Code" isNullable="false"/>
        <entry name="DI_Reject_Reason" type="String" expression="rejectcodes.DI_Reject_Reason" isNullable="true"/>
        <entry name="DI_Reject_Description" type="String" expression="rejectcodes.DI_Reject_Description" isNullable="true"/>
        <entry name="SOR_ID" type="int" expression="rejectcodes.SOR_ID" isNullable="false"/>
        <entry name="DI_Job_ID" type="String" expression="rejectcodes.DI_Job_ID" isNullable="true"/>
      </metadataTableEntries>
    </table>
  </mapperTable>
  <mapperTable type="var">
    <table name="Var" isMinimized="true" isReject="false" isRejectInnerJoin="false" isInnerJoin="false" isPersistent="false" expressionFilter="null" activateExpressionFilter="false" activateCondensedTool="false"/>
  </mapperTable>
</externalNode>
