<?xml version="1.1" encoding="UTF-8"?>

<project i18n.job.generated.documetation="Generated documentation" i18n.job.project.name="Project Name" i18n.job.generated.date="GENERATION DATE" i18n.job.author="AUTHOR" i18n.job.summary="Summary" i18n.job.project.description="Project Description" i18n.job.job.description="Description" i18n.job.job.preview.picture="Preview Picture" i18n.job.job.setting="Settings" i18n.job.context.list="Context List" i18n.job.component.list="Component List" i18n.job.components.description="Components Description" i18n.job.source.code="Source Code" i18n.job.properties="Properties" i18n.job.values="Values" i18n.job.name="Name" i18n.job.language="Language" i18n.job.description="Description" i18n.job.author.min="Author" i18n.job.version="Version" i18n.job.purpose="Purpose" i18n.job.status="Status" i18n.job.creation="Creation" i18n.job.modification="Modification" i18n.job.extract.settings="Extra settings" i18n.job.value="Value" i18n.job.stats.logs="Status &amp; Logs" i18n.job.context="Context" i18n.job.promt="Prompt" i18n.job.need.promt="Need Prompt?" i18n.job.type="Type" i18n.job.source="Source" i18n.job.component.name="Component Name" i18n.job.component.type="Component Type" i18n.job.component="Component" i18n.job.unique.name="UNIQUE NAME" i18n.job.input="INPUT(S)" i18n.job.label="LABEL" i18n.job.output="OUTPUT(S)" i18n.job.component.parameters="Component Parameters:" i18n.job.schema.for="Schema for " i18n.job.column="Column" i18n.job.key="Key" i18n.job.length="Length" i18n.job.precision="Precision" i18n.job.nullable="Nullable" i18n.job.comment="Comment" i18n.job.original.function.parameters="Original Function Parameters:" i18n.job.ended="ended" i18n.job.content="content" i18n.route.manifest.type="Type" i18n.route.manifest.value="Value" i18n.route.resource.name="Name" i18n.route.resource.version="Version" i18n.route.resource.path="Path" name="Final_Project" logo="pictures/logo.jpg" title="Generated by Talend Data Fabric" link="http://www.talend.com" language="java" generatedDate="Apr 30, 2017 12:31:13 AM" versionName="Talend Data Fabric VERSION " version="6.3.1.20161216_1026" docType="Jobs" company="">
  <pro-description><![CDATA[]]></pro-description>
  <job name="FactSalesQuota_Oracle" author="user@talend.com" i18n.job.extract.settings.type="i18n.job.extract.settings" i18n.job.stats.logs.type="i18n.job.stats.logs" version="0.1" purpose="" status="" creation="Apr 26, 2017 2:37:51 AM" modification="Apr 29, 2017 1:57:45 PM">
    <description><![CDATA[<br/>]]></description>
    <preview picture="pictures/FactSalesQuota_Oracle_0.1.png"/>
    <contextList>
      <context name="Default"/>
    </contextList>
    <jobSetting>
      <extra>
        <jobParameter name="COMP_DEFAULT_FILE_DIR" value=""/>
        <jobParameter name="Multi thread execution" value="true"/>
        <jobParameter name="Implicit tContextLoad" value="false"/>
      </extra>
      <Statslogs>
        <jobParameter name="Use statistics (tStatCatcher)" value="false"/>
        <jobParameter name="Use logs (tLogCatcher)" value="false"/>
        <jobParameter name="Use volumetrics (tFlowMeterCatcher)" value="false"/>
        <jobParameter name="On Console" value="false"/>
        <jobParameter name="On Files" value="false"/>
        <jobParameter name="On Databases" value="false"/>
        <jobParameter name="Catch components statistics" value="false"/>
        <jobParameter name="Catch runtime errors" value="true"/>
        <jobParameter name="Catch user errors" value="true"/>
        <jobParameter name="Catch user warnings" value="true"/>
      </Statslogs>
    </jobSetting>
    <componentList>
      <componentItem name="CNTL_Job_Tracking_Stats_ROOT_2" link="CNTL_Job_Tracking_Stats_ROOT_2" type="CNTL_Job_Tracking_Stats_ROOT" leftTopX="96" leftTopY="64" rightBottomX="128" rightBottomY="96"/>
      <componentItem name="tMSSqlInput_1" link="tMSSqlInput_1" type="tMSSqlInput" leftTopX="448" leftTopY="288" rightBottomX="480" rightBottomY="320"/>
      <componentItem name="tMSSqlInput_2" link="tMSSqlInput_2" type="tMSSqlInput" leftTopX="384" leftTopY="128" rightBottomX="416" rightBottomY="160"/>
      <componentItem name="tMSSqlInput_3" link="tMSSqlInput_3" type="tMSSqlInput" leftTopX="416" leftTopY="192" rightBottomX="448" rightBottomY="224"/>
      <componentItem name="tMSSqlOutput_1" link="tMSSqlOutput_1" type="tMSSqlOutput" leftTopX="928" leftTopY="64" rightBottomX="960" rightBottomY="96"/>
      <componentItem name="tMSSqlOutput_2" link="tMSSqlOutput_2" type="tMSSqlOutput" leftTopX="928" leftTopY="192" rightBottomX="960" rightBottomY="224"/>
      <componentItem name="tMap_1" link="tMap_1" type="tMap" leftTopX="704" leftTopY="64" rightBottomX="736" rightBottomY="96"/>
      <componentItem name="tOracleInput_1" link="tOracleInput_1" type="tOracleInput" leftTopX="352" leftTopY="64" rightBottomX="384" rightBottomY="96"/>
    </componentList>
    <internalNodeComponents>
      <component icon="pictures/tMSSqlInput_1.png" uniqueName="tMSSqlInput_1" label="__TABLE__">
        <input>none</input>
        <output link="tMap_1">tMap_1</output>
        <componentType>tMSSqlInput</componentType>
        <parameters>
          <column name="Unique Name" value="tMSSqlInput_1"/>
          <column name="Component Name" value="tMSSqlInput"/>
          <column name="Version" value="0.102 (ALPHA)"/>
          <column name="Family" value="Databases/MS_SQL_Server"/>
          <column name="Start" value="false"/>
          <column name="Startable" value="true"/>
          <column name="SUBTREE_START" value="false"/>
          <column name="END_OF_FLOW" value="false"/>
          <column name="Activate" value="true"/>
          <column name="DUMMY" value="false"/>
          <column name="tStatCatcher Statistics" value="false"/>
          <column name="Help" value="org.talend.help.tMSSqlInput"/>
          <column name="Update components" value="true"/>
          <column name="IREPORT_PATH" value=""/>
          <column name="JAVA_LIBRARY_PATH" value="C:\Program Files (x86)\Talend-Studio-6.3\studio\configuration\lib\java"/>
          <column name="Subjob color" value=""/>
          <column name="Title color" value=""/>
          <column name="Enable parallel execution" value="false"/>
          <column name="Number of parallel executions" value="2"/>
          <column name="" value="false"/>
          <column name="Use an existing connection" value="false"/>
          <column name="Component List" value=""/>
          <column name="Property Type" value="repository: DB (MSSQL):SQLSERVER_RETAIL_DW"/>
          <column name="Host" value="&quot;localhost&quot;"/>
          <column name="JDBC Provider" value="JTDS"/>
          <column name="Database Driver" value="MSSQL"/>
          <column name="Port" value="&quot;1433&quot;"/>
          <column name="Schema" value="&quot;&quot;"/>
          <column name="Database" value="&quot;retail_dw&quot;"/>
          <column name="Username" value="&quot;sa&quot;"/>
          <column name="Password" value="************"/>
          <column name="REPOSITORY_ALLOW_AUTO_SWITCH" value="true"/>
          <column name="Schema" value="Built-In"/>
          <column name="Table Name" value="&quot;DimProduct&quot;"/>
          <column name="Query Type" value="Built-In"/>
          <column name="Guess Schema" value="&quot;&quot;"/>
          <column name="Query" value="&quot;SELECT DimProduct.ProductSK,
		DimProduct.ProductLabel
FROM	DimProduct&quot;"/>
          <column name="Specify a data source alias" value="false"/>
          <column name="Data source alias" value="&quot;&quot;"/>
          <column name="Mapping" value="id_MSSQL"/>
          <column name="Additional JDBC Parameters" value="&quot;&quot;"/>
          <column name="Encoding" value="&quot;ISO-8859-15&quot;"/>
          <column name="Trim all the String/Char columns" value="true"/>
          <column name="Trim column" value="[{TRIM=false, SCHEMA_COLUMN=ProductSK}, {TRIM=false, SCHEMA_COLUMN=ProductLabel}]"/>
          <column name="Label format" value="__TABLE__"/>
          <column name="Hint format" value="&lt;b&gt;__UNIQUE_NAME__&lt;/b&gt;&lt;br&gt;__COMMENT__"/>
          <column name="Connection format" value="row"/>
          <column name="Show Information" value="false"/>
          <column name="Comment" value=""/>
          <column name="Use an existing validation rule" value="false"/>
          <column name="Validation Rule Type" value=""/>
        </parameters>
        <schemas>
          <schema name="DimProduct">
            <column name="ProductSK" key="true" type="int" length="10" precision="" nullable="false" comment=""/>
            <column name="ProductLabel" key="true" type="String" length="24" precision="" nullable="true" comment=""/>
          </schema>
        </schemas>
      </component>
      <component icon="pictures/tMSSqlInput_2.png" uniqueName="tMSSqlInput_2" label="__TABLE__">
        <input>none</input>
        <output link="tMap_1">tMap_1</output>
        <componentType>tMSSqlInput</componentType>
        <parameters>
          <column name="Unique Name" value="tMSSqlInput_2"/>
          <column name="Component Name" value="tMSSqlInput"/>
          <column name="Version" value="0.102 (ALPHA)"/>
          <column name="Family" value="Databases/MS_SQL_Server"/>
          <column name="Start" value="false"/>
          <column name="Startable" value="true"/>
          <column name="SUBTREE_START" value="false"/>
          <column name="END_OF_FLOW" value="false"/>
          <column name="Activate" value="true"/>
          <column name="DUMMY" value="false"/>
          <column name="tStatCatcher Statistics" value="false"/>
          <column name="Help" value="org.talend.help.tMSSqlInput"/>
          <column name="Update components" value="true"/>
          <column name="IREPORT_PATH" value=""/>
          <column name="JAVA_LIBRARY_PATH" value="C:\Program Files (x86)\Talend-Studio-6.3\studio\configuration\lib\java"/>
          <column name="Subjob color" value=""/>
          <column name="Title color" value=""/>
          <column name="Enable parallel execution" value="false"/>
          <column name="Number of parallel executions" value="2"/>
          <column name="" value="false"/>
          <column name="Use an existing connection" value="false"/>
          <column name="Component List" value=""/>
          <column name="Property Type" value="repository: DB (MSSQL):SQLSERVER_RETAIL_DW"/>
          <column name="Host" value="&quot;localhost&quot;"/>
          <column name="JDBC Provider" value="JTDS"/>
          <column name="Database Driver" value="MSSQL"/>
          <column name="Port" value="&quot;1433&quot;"/>
          <column name="Schema" value="&quot;&quot;"/>
          <column name="Database" value="&quot;retail_dw&quot;"/>
          <column name="Username" value="&quot;sa&quot;"/>
          <column name="Password" value="************"/>
          <column name="REPOSITORY_ALLOW_AUTO_SWITCH" value="true"/>
          <column name="Schema" value="Built-In"/>
          <column name="Table Name" value="&quot;DimStore&quot;"/>
          <column name="Query Type" value="Built-In"/>
          <column name="Guess Schema" value="&quot;&quot;"/>
          <column name="Query" value="&quot;SELECT DimStore.StoreSK,
		DimStore.StoreKey
FROM	DimStore&quot;"/>
          <column name="Specify a data source alias" value="false"/>
          <column name="Data source alias" value="&quot;&quot;"/>
          <column name="Mapping" value="id_MSSQL"/>
          <column name="Additional JDBC Parameters" value="&quot;&quot;"/>
          <column name="Encoding" value="&quot;ISO-8859-15&quot;"/>
          <column name="Trim all the String/Char columns" value="true"/>
          <column name="Trim column" value="[{TRIM=false, SCHEMA_COLUMN=StoreSK}, {TRIM=false, SCHEMA_COLUMN=StoreKey}]"/>
          <column name="Label format" value="__TABLE__"/>
          <column name="Hint format" value="&lt;b&gt;__UNIQUE_NAME__&lt;/b&gt;&lt;br&gt;__COMMENT__"/>
          <column name="Connection format" value="row"/>
          <column name="Show Information" value="false"/>
          <column name="Comment" value=""/>
          <column name="Use an existing validation rule" value="false"/>
          <column name="Validation Rule Type" value=""/>
        </parameters>
        <schemas>
          <schema name="DimStore">
            <column name="StoreSK" key="true" type="int" length="10" precision="" nullable="false" comment=""/>
            <column name="StoreKey" key="false" type="BigDecimal" length="10" precision="" nullable="false" comment=""/>
          </schema>
        </schemas>
      </component>
      <component icon="pictures/tMSSqlInput_3.png" uniqueName="tMSSqlInput_3" label="__TABLE__">
        <input>none</input>
        <output link="tMap_1">tMap_1</output>
        <componentType>tMSSqlInput</componentType>
        <parameters>
          <column name="Unique Name" value="tMSSqlInput_3"/>
          <column name="Component Name" value="tMSSqlInput"/>
          <column name="Version" value="0.102 (ALPHA)"/>
          <column name="Family" value="Databases/MS_SQL_Server"/>
          <column name="Start" value="false"/>
          <column name="Startable" value="true"/>
          <column name="SUBTREE_START" value="false"/>
          <column name="END_OF_FLOW" value="false"/>
          <column name="Activate" value="true"/>
          <column name="DUMMY" value="false"/>
          <column name="tStatCatcher Statistics" value="false"/>
          <column name="Help" value="org.talend.help.tMSSqlInput"/>
          <column name="Update components" value="true"/>
          <column name="IREPORT_PATH" value=""/>
          <column name="JAVA_LIBRARY_PATH" value="C:\Program Files (x86)\Talend-Studio-6.3\studio\configuration\lib\java"/>
          <column name="Subjob color" value=""/>
          <column name="Title color" value=""/>
          <column name="Enable parallel execution" value="false"/>
          <column name="Number of parallel executions" value="2"/>
          <column name="" value="false"/>
          <column name="Use an existing connection" value="false"/>
          <column name="Component List" value=""/>
          <column name="Property Type" value="repository: DB (MSSQL):SQLSERVER_RETAIL_DW"/>
          <column name="Host" value="&quot;localhost&quot;"/>
          <column name="JDBC Provider" value="JTDS"/>
          <column name="Database Driver" value="MSSQL"/>
          <column name="Port" value="&quot;1433&quot;"/>
          <column name="Schema" value="&quot;&quot;"/>
          <column name="Database" value="&quot;retail_dw&quot;"/>
          <column name="Username" value="&quot;sa&quot;"/>
          <column name="Password" value="************"/>
          <column name="REPOSITORY_ALLOW_AUTO_SWITCH" value="true"/>
          <column name="Schema" value="Built-In"/>
          <column name="Table Name" value="&quot;DimScenario&quot;"/>
          <column name="Query Type" value="Built-In"/>
          <column name="Guess Schema" value="&quot;&quot;"/>
          <column name="Query" value="&quot;SELECT DimScenario.ScenarioSK,
		DimScenario.ScenarioKey
FROM	DimScenario&quot;"/>
          <column name="Specify a data source alias" value="false"/>
          <column name="Data source alias" value="&quot;&quot;"/>
          <column name="Mapping" value="id_MSSQL"/>
          <column name="Additional JDBC Parameters" value="&quot;&quot;"/>
          <column name="Encoding" value="&quot;ISO-8859-15&quot;"/>
          <column name="Trim all the String/Char columns" value="true"/>
          <column name="Trim column" value="[{TRIM=false, SCHEMA_COLUMN=ScenarioSK}, {TRIM=false, SCHEMA_COLUMN=ScenarioKey}]"/>
          <column name="Label format" value="__TABLE__"/>
          <column name="Hint format" value="&lt;b&gt;__UNIQUE_NAME__&lt;/b&gt;&lt;br&gt;__COMMENT__"/>
          <column name="Connection format" value="row"/>
          <column name="Show Information" value="false"/>
          <column name="Comment" value=""/>
          <column name="Use an existing validation rule" value="false"/>
          <column name="Validation Rule Type" value=""/>
        </parameters>
        <schemas>
          <schema name="DimScenario">
            <column name="ScenarioSK" key="true" type="int" length="10" precision="" nullable="false" comment=""/>
            <column name="ScenarioKey" key="false" type="BigDecimal" length="10" precision="" nullable="false" comment=""/>
          </schema>
        </schemas>
      </component>
      <component icon="pictures/tMSSqlOutput_1.png" uniqueName="tMSSqlOutput_1" label="__TABLE__">
        <input link="tMap_1">tMap_1</input>
        <output>none</output>
        <componentType>tMSSqlOutput</componentType>
        <parameters>
          <column name="Unique Name" value="tMSSqlOutput_1"/>
          <column name="Component Name" value="tMSSqlOutput"/>
          <column name="Version" value="0.102 (ALPHA)"/>
          <column name="Family" value="Databases/MS_SQL_Server"/>
          <column name="Startable" value="false"/>
          <column name="SUBTREE_START" value="false"/>
          <column name="END_OF_FLOW" value="true"/>
          <column name="Activate" value="true"/>
          <column name="DUMMY" value="false"/>
          <column name="tStatCatcher Statistics" value="false"/>
          <column name="Help" value="org.talend.help.tMSSqlOutput"/>
          <column name="Update components" value="true"/>
          <column name="IREPORT_PATH" value=""/>
          <column name="JAVA_LIBRARY_PATH" value="C:\Program Files (x86)\Talend-Studio-6.3\studio\configuration\lib\java"/>
          <column name="Subjob color" value=""/>
          <column name="Title color" value=""/>
          <column name="Enable parallel execution" value="true"/>
          <column name="Number of parallel executions" value="2"/>
          <column name="" value="false"/>
          <column name="Property Type" value="repository: DB (MSSQL):SQLSERVER_RETAIL_DW"/>
          <column name="Use an existing connection" value="false"/>
          <column name="Component List" value=""/>
          <column name="JDBC Provider" value="JTDS"/>
          <column name="Host" value="&quot;localhost&quot;"/>
          <column name="Port" value="&quot;1433&quot;"/>
          <column name="Schema" value="&quot;&quot;"/>
          <column name="Database" value="&quot;retail_dw&quot;"/>
          <column name="Database Driver" value="MSSQL"/>
          <column name="Username" value="&quot;sa&quot;"/>
          <column name="Password" value="************"/>
          <column name="Table" value="&quot;FactSalesQuota&quot;"/>
          <column name="Action on table" value="NONE"/>
          <column name="Turn on Identity insert" value="false"/>
          <column name="Action on data" value="INSERT"/>
          <column name="Specify identity field" value="false"/>
          <column name="Identity field" value="SalesQuotaKey"/>
          <column name="Start value" value="1"/>
          <column name="Step" value="1"/>
          <column name="REPOSITORY_ALLOW_AUTO_SWITCH" value="true"/>
          <column name="Schema" value="Built-In"/>
          <column name="Reject Schema" value="Built-In"/>
          <column name="Specify a data source alias" value="false"/>
          <column name="Data source alias" value="&quot;&quot;"/>
          <column name="Die on error" value="true"/>
          <column name="Mapping" value="id_MSSQL"/>
          <column name="Additional JDBC Parameters" value="&quot;&quot;"/>
          <column name="Encoding" value="&quot;ISO-8859-15&quot;"/>
          <column name="Commit every" value="500000"/>
          <column name="Additional columns" value="[]"/>
          <column name="Use field options" value="false"/>
          <column name="Field options" value="[{UPDATE_KEY=false, DELETE_KEY=false, UPDATABLE=true, INSERTABLE=true, SCHEMA_COLUMN=SalesQuotaKey}, {UPDATE_KEY=false, DELETE_KEY=false, UPDATABLE=true, INSERTABLE=true, SCHEMA_COLUMN=ChannelSK}, {UPDATE_KEY=false, DELETE_KEY=false, UPDATABLE=true, INSERTABLE=true, SCHEMA_COLUMN=StoreSK}, {UPDATE_KEY=false, DELETE_KEY=false, UPDATABLE=true, INSERTABLE=true, SCHEMA_COLUMN=ProductSK}, {UPDATE_KEY=false, DELETE_KEY=false, UPDATABLE=true, INSERTABLE=true, SCHEMA_COLUMN=QuotaDateSK}, {UPDATE_KEY=false, DELETE_KEY=false, UPDATABLE=true, INSERTABLE=true, SCHEMA_COLUMN=QuotaDateKey}, {UPDATE_KEY=false, DELETE_KEY=false, UPDATABLE=true, INSERTABLE=true, SCHEMA_COLUMN=CurrencySK}, {UPDATE_KEY=false, DELETE_KEY=false, UPDATABLE=true, INSERTABLE=true, SCHEMA_COLUMN=ScenarioSK}, {UPDATE_KEY=false, DELETE_KEY=false, UPDATABLE=true, INSERTABLE=true, SCHEMA_COLUMN=SalesQuantityQuota}, {UPDATE_KEY=false, DELETE_KEY=false, UPDATABLE=true, INSERTABLE=true, SCHEMA_COLUMN=SalesAmountQuota}, {UPDATE_KEY=false, DELETE_KEY=false, UPDATABLE=true, INSERTABLE=true, SCHEMA_COLUMN=GrossMarginPct}, {UPDATE_KEY=false, DELETE_KEY=false, UPDATABLE=true, INSERTABLE=true, SCHEMA_COLUMN=Local_CurrencySK}, {UPDATE_KEY=false, DELETE_KEY=false, UPDATABLE=true, INSERTABLE=true, SCHEMA_COLUMN=SalesAmountQuota_Local}, {UPDATE_KEY=false, DELETE_KEY=false, UPDATABLE=true, INSERTABLE=true, SCHEMA_COLUMN=SOR_ID}, {UPDATE_KEY=false, DELETE_KEY=false, UPDATABLE=true, INSERTABLE=true, SCHEMA_COLUMN=SOR_LoadDate}, {UPDATE_KEY=false, DELETE_KEY=false, UPDATABLE=true, INSERTABLE=true, SCHEMA_COLUMN=SOR_UpdateDate}, {UPDATE_KEY=false, DELETE_KEY=false, UPDATABLE=true, INSERTABLE=true, SCHEMA_COLUMN=DI_Job_ID}]"/>
          <column name="Ignore date out of range" value="false"/>
          <column name="Enable debug mode" value="false"/>
          <column name="Support null in &quot;SQL WHERE&quot; statement" value="false"/>
          <column name="Use Batch Size" value="true"/>
          <column name="Batch Size" value="1000000"/>
          <column name="Label format" value="__TABLE__"/>
          <column name="Hint format" value="&lt;b&gt;__UNIQUE_NAME__&lt;/b&gt;&lt;br&gt;__COMMENT__"/>
          <column name="Connection format" value="row"/>
          <column name="Show Information" value="false"/>
          <column name="Comment" value=""/>
          <column name="Use an existing validation rule" value="false"/>
          <column name="Validation Rule Type" value=""/>
        </parameters>
        <schemas>
          <schema name="FactSalesQuota">
            <column name="SalesQuotaKey" key="false" type="BigDecimal" length="10" precision="" nullable="false" comment=""/>
            <column name="ChannelSK" key="false" type="BigDecimal" length="10" precision="" nullable="false" comment=""/>
            <column name="StoreSK" key="false" type="int" length="10" precision="" nullable="false" comment=""/>
            <column name="ProductSK" key="false" type="int" length="10" precision="" nullable="false" comment=""/>
            <column name="QuotaDateSK" key="false" type="int" length="10" precision="" nullable="false" comment=""/>
            <column name="QuotaDateKey" key="false" type="java.util.Date" length="10" precision="" nullable="false" comment=""/>
            <column name="CurrencySK" key="false" type="int" length="10" precision="" nullable="false" comment=""/>
            <column name="ScenarioSK" key="false" type="int" length="10" precision="" nullable="false" comment=""/>
            <column name="SalesQuantityQuota" key="false" type="BigDecimal" length="10" precision="" nullable="false" comment=""/>
            <column name="SalesAmountQuota" key="false" type="BigDecimal" length="15" precision="2" nullable="true" comment=""/>
            <column name="GrossMarginPct" key="false" type="BigDecimal" length="15" precision="4" nullable="false" comment=""/>
            <column name="Local_CurrencySK" key="false" type="Integer" length="10" precision="" nullable="true" comment=""/>
            <column name="SalesAmountQuota_Local" key="false" type="BigDecimal" length="15" precision="2" nullable="true" comment=""/>
            <column name="SOR_ID" key="false" type="int" length="10" precision="" nullable="false" comment=""/>
            <column name="SOR_LoadDate" key="false" type="java.util.Date" length="23" precision="3" nullable="true" comment=""/>
            <column name="SOR_UpdateDate" key="false" type="java.util.Date" length="23" precision="3" nullable="true" comment=""/>
            <column name="DI_Job_ID" key="false" type="String" length="20" precision="" nullable="false" comment=""/>
          </schema>
        </schemas>
      </component>
      <component icon="pictures/tMSSqlOutput_2.png" uniqueName="tMSSqlOutput_2" label="__TABLE__">
        <input link="tMap_1">tMap_1</input>
        <input link="tMSSqlInput_2">tMSSqlInput_2</input>
        <input link="tMSSqlInput_3">tMSSqlInput_3</input>
        <input link="tMSSqlInput_1">tMSSqlInput_1</input>
        <output>none</output>
        <componentType>tMSSqlOutput</componentType>
        <parameters>
          <column name="Unique Name" value="tMSSqlOutput_2"/>
          <column name="Component Name" value="tMSSqlOutput"/>
          <column name="Version" value="0.102 (ALPHA)"/>
          <column name="Family" value="Databases/MS_SQL_Server"/>
          <column name="Startable" value="false"/>
          <column name="SUBTREE_START" value="false"/>
          <column name="END_OF_FLOW" value="true"/>
          <column name="Activate" value="true"/>
          <column name="DUMMY" value="false"/>
          <column name="tStatCatcher Statistics" value="false"/>
          <column name="Help" value="org.talend.help.tMSSqlOutput"/>
          <column name="Update components" value="true"/>
          <column name="IREPORT_PATH" value=""/>
          <column name="JAVA_LIBRARY_PATH" value="C:\Program Files (x86)\Talend-Studio-6.3\studio\configuration\lib\java"/>
          <column name="Subjob color" value=""/>
          <column name="Title color" value=""/>
          <column name="Enable parallel execution" value="true"/>
          <column name="Number of parallel executions" value="2"/>
          <column name="" value="false"/>
          <column name="Property Type" value="repository: DB (MSSQL):SQLSERVER_RETAIL_DW"/>
          <column name="Use an existing connection" value="false"/>
          <column name="Component List" value=""/>
          <column name="JDBC Provider" value="JTDS"/>
          <column name="Host" value="&quot;localhost&quot;"/>
          <column name="Port" value="&quot;1433&quot;"/>
          <column name="Schema" value="&quot;&quot;"/>
          <column name="Database" value="&quot;retail_dw&quot;"/>
          <column name="Database Driver" value="MSSQL"/>
          <column name="Username" value="&quot;sa&quot;"/>
          <column name="Password" value="************"/>
          <column name="Table" value="&quot;FactSalesQuota_Rejects&quot;"/>
          <column name="Action on table" value="NONE"/>
          <column name="Turn on Identity insert" value="false"/>
          <column name="Action on data" value="INSERT"/>
          <column name="Specify identity field" value="false"/>
          <column name="Identity field" value="SalesQuotaKey"/>
          <column name="Start value" value="1"/>
          <column name="Step" value="1"/>
          <column name="REPOSITORY_ALLOW_AUTO_SWITCH" value="true"/>
          <column name="Schema" value="Built-In"/>
          <column name="Reject Schema" value="Built-In"/>
          <column name="Specify a data source alias" value="false"/>
          <column name="Data source alias" value="&quot;&quot;"/>
          <column name="Die on error" value="true"/>
          <column name="Mapping" value="id_MSSQL"/>
          <column name="Additional JDBC Parameters" value="&quot;&quot;"/>
          <column name="Encoding" value="&quot;ISO-8859-15&quot;"/>
          <column name="Commit every" value="500000"/>
          <column name="Additional columns" value="[]"/>
          <column name="Use field options" value="false"/>
          <column name="Field options" value="[{UPDATE_KEY=false, DELETE_KEY=false, UPDATABLE=true, INSERTABLE=true, SCHEMA_COLUMN=SalesQuotaKey}, {UPDATE_KEY=false, DELETE_KEY=false, UPDATABLE=true, INSERTABLE=true, SCHEMA_COLUMN=ChannelSK}, {UPDATE_KEY=false, DELETE_KEY=false, UPDATABLE=true, INSERTABLE=true, SCHEMA_COLUMN=StoreSK}, {UPDATE_KEY=false, DELETE_KEY=false, UPDATABLE=true, INSERTABLE=true, SCHEMA_COLUMN=ProductSK}, {UPDATE_KEY=false, DELETE_KEY=false, UPDATABLE=true, INSERTABLE=true, SCHEMA_COLUMN=QuotaDateSK}, {UPDATE_KEY=false, DELETE_KEY=false, UPDATABLE=true, INSERTABLE=true, SCHEMA_COLUMN=QuotaDateKey}, {UPDATE_KEY=false, DELETE_KEY=false, UPDATABLE=true, INSERTABLE=true, SCHEMA_COLUMN=CurrencySK}, {UPDATE_KEY=false, DELETE_KEY=false, UPDATABLE=true, INSERTABLE=true, SCHEMA_COLUMN=ScenarioSK}, {UPDATE_KEY=false, DELETE_KEY=false, UPDATABLE=true, INSERTABLE=true, SCHEMA_COLUMN=SalesQuantityQuota}, {UPDATE_KEY=false, DELETE_KEY=false, UPDATABLE=true, INSERTABLE=true, SCHEMA_COLUMN=GrossMarginPct}, {UPDATE_KEY=false, DELETE_KEY=false, UPDATABLE=true, INSERTABLE=true, SCHEMA_COLUMN=RejectRow}, {UPDATE_KEY=false, DELETE_KEY=false, UPDATABLE=true, INSERTABLE=true, SCHEMA_COLUMN=RejectReason}, {UPDATE_KEY=false, DELETE_KEY=false, UPDATABLE=true, INSERTABLE=true, SCHEMA_COLUMN=RejectReasonCode}, {UPDATE_KEY=false, DELETE_KEY=false, UPDATABLE=true, INSERTABLE=true, SCHEMA_COLUMN=SOR_ID}, {UPDATE_KEY=false, DELETE_KEY=false, UPDATABLE=true, INSERTABLE=true, SCHEMA_COLUMN=SOR_LoadDate}, {UPDATE_KEY=false, DELETE_KEY=false, UPDATABLE=true, INSERTABLE=true, SCHEMA_COLUMN=SOR_UpdateDate}, {UPDATE_KEY=false, DELETE_KEY=false, UPDATABLE=true, INSERTABLE=true, SCHEMA_COLUMN=DI_Job_ID}]"/>
          <column name="Ignore date out of range" value="false"/>
          <column name="Enable debug mode" value="false"/>
          <column name="Support null in &quot;SQL WHERE&quot; statement" value="false"/>
          <column name="Use Batch Size" value="true"/>
          <column name="Batch Size" value="1000000"/>
          <column name="Label format" value="__TABLE__"/>
          <column name="Hint format" value="&lt;b&gt;__UNIQUE_NAME__&lt;/b&gt;&lt;br&gt;__COMMENT__"/>
          <column name="Connection format" value="row"/>
          <column name="Show Information" value="false"/>
          <column name="Comment" value=""/>
          <column name="Use an existing validation rule" value="false"/>
          <column name="Validation Rule Type" value=""/>
        </parameters>
        <schemas>
          <schema name="FactSalesQuota_Rejects">
            <column name="SalesQuotaKey" key="false" type="BigDecimal" length="10" precision="" nullable="false" comment=""/>
            <column name="ChannelSK" key="false" type="BigDecimal" length="10" precision="" nullable="false" comment=""/>
            <column name="StoreSK" key="false" type="int" length="10" precision="" nullable="false" comment=""/>
            <column name="ProductSK" key="false" type="int" length="10" precision="" nullable="false" comment=""/>
            <column name="QuotaDateSK" key="false" type="int" length="10" precision="" nullable="false" comment=""/>
            <column name="QuotaDateKey" key="false" type="java.util.Date" length="10" precision="" nullable="false" comment=""/>
            <column name="CurrencySK" key="false" type="int" length="10" precision="" nullable="false" comment=""/>
            <column name="ScenarioSK" key="false" type="int" length="10" precision="" nullable="false" comment=""/>
            <column name="SalesQuantityQuota" key="false" type="BigDecimal" length="10" precision="" nullable="false" comment=""/>
            <column name="GrossMarginPct" key="false" type="BigDecimal" length="15" precision="4" nullable="false" comment=""/>
            <column name="RejectRow" key="false" type="Integer" length="10" precision="" nullable="true" comment=""/>
            <column name="RejectReason" key="false" type="String" length="50" precision="" nullable="true" comment=""/>
            <column name="RejectReasonCode" key="false" type="Integer" length="10" precision="" nullable="true" comment=""/>
            <column name="SOR_ID" key="false" type="int" length="10" precision="" nullable="false" comment=""/>
            <column name="SOR_LoadDate" key="false" type="java.util.Date" length="23" precision="3" nullable="true" comment=""/>
            <column name="SOR_UpdateDate" key="false" type="java.util.Date" length="23" precision="3" nullable="true" comment=""/>
            <column name="DI_Job_ID" key="false" type="String" length="20" precision="" nullable="false" comment=""/>
          </schema>
        </schemas>
      </component>
      <component icon="pictures/tOracleInput_1.png" uniqueName="tOracleInput_1" label="__TABLE__">
        <input>none</input>
        <output link="tMap_1">tMap_1</output>
        <componentType>tOracleInput</componentType>
        <parameters>
          <column name="Unique Name" value="tOracleInput_1"/>
          <column name="Component Name" value="tOracleInput"/>
          <column name="Version" value="0.102 (ALPHA)"/>
          <column name="Family" value="Databases/Oracle"/>
          <column name="Start" value="true"/>
          <column name="Startable" value="true"/>
          <column name="SUBTREE_START" value="true"/>
          <column name="END_OF_FLOW" value="false"/>
          <column name="Activate" value="true"/>
          <column name="DUMMY" value="false"/>
          <column name="tStatCatcher Statistics" value="false"/>
          <column name="Help" value="org.talend.help.tOracleInput"/>
          <column name="Update components" value="true"/>
          <column name="IREPORT_PATH" value=""/>
          <column name="JAVA_LIBRARY_PATH" value="C:\Program Files (x86)\Talend-Studio-6.3\studio\configuration\lib\java"/>
          <column name="Subjob color" value=""/>
          <column name="Title color" value=""/>
          <column name="Enable parallel execution" value="false"/>
          <column name="Number of parallel executions" value="2"/>
          <column name="" value="false"/>
          <column name="Property Type" value="repository: DB (ORACLE_SID):ORACLE_RETAIL"/>
          <column name="Use an existing connection" value="false"/>
          <column name="Component List" value=""/>
          <column name="Connection Type" value="ORACLE_SID"/>
          <column name="DB Version" value="ORACLE_12"/>
          <column name="URL" value="&quot;localhost&quot;"/>
          <column name="Host" value="&quot;localhost&quot;"/>
          <column name="Database Driver" value="ORACLE_SID"/>
          <column name="Port" value="&quot;1521&quot;"/>
          <column name="Database" value="&quot;xe&quot;"/>
          <column name="Local Service Name" value="&quot;xe&quot;"/>
          <column name="Oracle schema" value="&quot;RETAIL_SOR_CAT&quot;"/>
          <column name="Username" value="&quot;system&quot;"/>
          <column name="Password" value="*******"/>
          <column name="URL" value="&quot;jdbc:oracle:oci:/@talend&quot;"/>
          <column name="REPOSITORY_ALLOW_AUTO_SWITCH" value="true"/>
          <column name="Schema" value="Built-In"/>
          <column name="Table Name" value="&quot;FACTSALESQUOTA&quot;"/>
          <column name="Query Type" value="Built-In"/>
          <column name="Guess Schema" value="&quot;&quot;"/>
          <column name="Query" value="&quot;SELECT 
  RETAIL_SOR_CAT.FACTSALESQUOTA.SALESQUOTAPK, 
  RETAIL_SOR_CAT.FACTSALESQUOTA.SALESQUOTAKEY, 
  RETAIL_SOR_CAT.FACTSALESQUOTA.CHANNELKEY, 
  RETAIL_SOR_CAT.FACTSALESQUOTA.STOREKEY, 
  RETAIL_SOR_CAT.FACTSALESQUOTA.PRODUCTLABEL, 
  RETAIL_SOR_CAT.FACTSALESQUOTA.QUOTADATE, 
  RETAIL_SOR_CAT.FACTSALESQUOTA.CURRENCYKEY, 
  RETAIL_SOR_CAT.FACTSALESQUOTA.SCENARIOKEY, 
  RETAIL_SOR_CAT.FACTSALESQUOTA.SALESQUANTITYQUOTA, 
  RETAIL_SOR_CAT.FACTSALESQUOTA.GROSSMARGINPCTQUOTA, 
  RETAIL_SOR_CAT.FACTSALESQUOTA.SALESAMOUNTQUOTA
FROM RETAIL_SOR_CAT.FACTSALESQUOTA&quot;"/>
          <column name="Specify a data source alias" value="false"/>
          <column name="Data source alias" value="&quot;&quot;"/>
          <column name="Mapping" value="oracle_id"/>
          <column name="Additional JDBC Parameters" value="&quot;&quot;"/>
          <column name="Convert XMLType To Java Type.(just when use extract() return a NODE)" value="false"/>
          <column name="" value="[]"/>
          <column name="Encoding" value="&quot;ISO-8859-15&quot;"/>
          <column name="Use cursor" value="false"/>
          <column name="Cursor size" value="1000"/>
          <column name="Trim all the String/Char columns" value="true"/>
          <column name="Trim column" value="[{TRIM=false, SCHEMA_COLUMN=SALESQUOTAPK}, {TRIM=false, SCHEMA_COLUMN=SALESQUOTAKEY}, {TRIM=false, SCHEMA_COLUMN=CHANNELKEY}, {TRIM=false, SCHEMA_COLUMN=STOREKEY}, {TRIM=false, SCHEMA_COLUMN=PRODUCTLABEL}, {TRIM=false, SCHEMA_COLUMN=QUOTADATE}, {TRIM=false, SCHEMA_COLUMN=CURRENCYKEY}, {TRIM=false, SCHEMA_COLUMN=SCENARIOKEY}, {TRIM=false, SCHEMA_COLUMN=SALESQUANTITYQUOTA}, {TRIM=false, SCHEMA_COLUMN=GROSSMARGINPCTQUOTA}, {TRIM=false, SCHEMA_COLUMN=SALESAMOUNTQUOTA}]"/>
          <column name="No null values" value="false"/>
          <column name="Label format" value="__TABLE__"/>
          <column name="Hint format" value="&lt;b&gt;__UNIQUE_NAME__&lt;/b&gt;&lt;br&gt;__COMMENT__"/>
          <column name="Connection format" value="row"/>
          <column name="Show Information" value="false"/>
          <column name="Comment" value=""/>
          <column name="Use an existing validation rule" value="false"/>
          <column name="Validation Rule Type" value=""/>
        </parameters>
        <schemas>
          <schema name="FACTSALESQUOTA">
            <column name="SALESQUOTAPK" key="true" type="BigDecimal" length="38" precision="" nullable="false" comment=""/>
            <column name="SALESQUOTAKEY" key="false" type="BigDecimal" length="10" precision="" nullable="false" comment=""/>
            <column name="CHANNELKEY" key="false" type="BigDecimal" length="10" precision="" nullable="false" comment=""/>
            <column name="STOREKEY" key="false" type="BigDecimal" length="10" precision="" nullable="true" comment=""/>
            <column name="PRODUCTLABEL" key="false" type="String" length="24" precision="" nullable="true" comment=""/>
            <column name="QUOTADATE" key="false" type="java.util.Date" length="7" precision="" nullable="false" comment=""/>
            <column name="CURRENCYKEY" key="false" type="BigDecimal" length="10" precision="" nullable="false" comment=""/>
            <column name="SCENARIOKEY" key="false" type="BigDecimal" length="10" precision="" nullable="false" comment=""/>
            <column name="SALESQUANTITYQUOTA" key="false" type="BigDecimal" length="10" precision="" nullable="false" comment=""/>
            <column name="GROSSMARGINPCTQUOTA" key="false" type="BigDecimal" length="10" precision="4" nullable="false" comment=""/>
            <column name="SALESAMOUNTQUOTA" key="false" type="BigDecimal" length="15" precision="2" nullable="false" comment=""/>
          </schema>
        </schemas>
      </component>
    </internalNodeComponents>
    <externalNodeComponents>
      <component icon="pictures/CNTL_Job_Tracking_Stats_ROOT_2.png" uniqueName="CNTL_Job_Tracking_Stats_ROOT_2" label="CNTL_Job_Tracking_Stats_ROOT">
        <input>none</input>
        <output>none</output>
        <componentType>CNTL_Job_Tracking_Stats_ROOT</componentType>
        <parameters>
          <column name="Version">Latest</column>
          <column name="Show Information">false</column>
          <column name="Comment"></column>
        </parameters>
        <!--CNTL_Job_Tracking_Stats_ROOT_2-->
      </component>
      <component icon="pictures/tMap_1.png" uniqueName="tMap_1" label="__UNIQUE_NAME__" preview="pictures/external_preview_tMap_1.png">
        <input link="tMap_1">tMap_1</input>
        <input link="tMSSqlInput_2">tMSSqlInput_2</input>
        <input link="tMSSqlInput_3">tMSSqlInput_3</input>
        <input link="tMSSqlInput_1">tMSSqlInput_1</input>
        <output link="tMSSqlOutput_1">tMSSqlOutput_1</output>
        <output link="tMSSqlOutput_2">tMSSqlOutput_2</output>
        <componentType>tMap</componentType>
        <!--tMap_1-->
      </component>
    </externalNodeComponents>
    <connections>
      <connection label="salesquota" lineStyle="0" metaname="tOracleInput_1" offsetLabelX="0" offsetLabelY="0" source="tOracleInput_1" target="tMap_1"/>
      <connection label="op_valid" lineStyle="0" metaname="op_valid" offsetLabelX="0" offsetLabelY="0" source="tMap_1" target="tMSSqlOutput_1"/>
      <connection label="op_invalid" lineStyle="0" metaname="op_invalid" offsetLabelX="0" offsetLabelY="0" source="tMap_1" target="tMSSqlOutput_2"/>
      <connection label="store" lineStyle="8" metaname="tMSSqlInput_2" offsetLabelX="0" offsetLabelY="0" source="tMSSqlInput_2" target="tMap_1"/>
      <connection label="scenario" lineStyle="8" metaname="tMSSqlInput_3" offsetLabelX="0" offsetLabelY="0" source="tMSSqlInput_3" target="tMap_1"/>
      <connection label="prod" lineStyle="8" metaname="tMSSqlInput_1" offsetLabelX="0" offsetLabelY="0" source="tMSSqlInput_1" target="tMap_1"/>
    </connections>
  </job>
</project>
