<?xml version="1.1" encoding="UTF-8"?>

<project i18n.job.generated.documetation="Generated documentation" i18n.job.project.name="Project Name" i18n.job.generated.date="GENERATION DATE" i18n.job.author="AUTHOR" i18n.job.summary="Summary" i18n.job.project.description="Project Description" i18n.job.job.description="Description" i18n.job.job.preview.picture="Preview Picture" i18n.job.job.setting="Settings" i18n.job.context.list="Context List" i18n.job.component.list="Component List" i18n.job.components.description="Components Description" i18n.job.source.code="Source Code" i18n.job.properties="Properties" i18n.job.values="Values" i18n.job.name="Name" i18n.job.language="Language" i18n.job.description="Description" i18n.job.author.min="Author" i18n.job.version="Version" i18n.job.purpose="Purpose" i18n.job.status="Status" i18n.job.creation="Creation" i18n.job.modification="Modification" i18n.job.extract.settings="Extra settings" i18n.job.value="Value" i18n.job.stats.logs="Status &amp; Logs" i18n.job.context="Context" i18n.job.promt="Prompt" i18n.job.need.promt="Need Prompt?" i18n.job.type="Type" i18n.job.source="Source" i18n.job.component.name="Component Name" i18n.job.component.type="Component Type" i18n.job.component="Component" i18n.job.unique.name="UNIQUE NAME" i18n.job.input="INPUT(S)" i18n.job.label="LABEL" i18n.job.output="OUTPUT(S)" i18n.job.component.parameters="Component Parameters:" i18n.job.schema.for="Schema for " i18n.job.column="Column" i18n.job.key="Key" i18n.job.length="Length" i18n.job.precision="Precision" i18n.job.nullable="Nullable" i18n.job.comment="Comment" i18n.job.original.function.parameters="Original Function Parameters:" i18n.job.ended="ended" i18n.job.content="content" i18n.route.manifest.type="Type" i18n.route.manifest.value="Value" i18n.route.resource.name="Name" i18n.route.resource.version="Version" i18n.route.resource.path="Path" name="Final_Project" logo="pictures/logo.jpg" title="Generated by Talend Data Fabric" link="http://www.talend.com" language="java" generatedDate="Apr 30, 2017 12:30:16 AM" versionName="Talend Data Fabric VERSION " version="6.3.1.20161216_1026" docType="Jobs" company="">
  <pro-description><![CDATA[]]></pro-description>
  <job name="DimDate" author="user@talend.com" i18n.job.extract.settings.type="i18n.job.extract.settings" i18n.job.stats.logs.type="i18n.job.stats.logs" version="0.1" purpose="" status="" creation="Apr 23, 2017 1:47:15 AM" modification="Apr 29, 2017 2:59:43 PM">
    <description><![CDATA[<br/>]]></description>
    <preview picture="pictures/DimDate_0.1.png"/>
    <contextList>
      <context name="Default"/>
    </contextList>
    <jobSetting>
      <extra>
        <jobParameter name="COMP_DEFAULT_FILE_DIR" value=""/>
        <jobParameter name="Multi thread execution" value="true"/>
        <jobParameter name="Implicit tContextLoad" value="false"/>
      </extra>
      <Statslogs>
        <jobParameter name="Use statistics (tStatCatcher)" value="false"/>
        <jobParameter name="Use logs (tLogCatcher)" value="false"/>
        <jobParameter name="Use volumetrics (tFlowMeterCatcher)" value="false"/>
        <jobParameter name="On Console" value="false"/>
        <jobParameter name="On Files" value="false"/>
        <jobParameter name="On Databases" value="false"/>
        <jobParameter name="Catch components statistics" value="false"/>
        <jobParameter name="Catch runtime errors" value="true"/>
        <jobParameter name="Catch user errors" value="true"/>
        <jobParameter name="Catch user warnings" value="true"/>
      </Statslogs>
    </jobSetting>
    <componentList>
      <componentItem name="CNTL_Job_Tracking_Stats_CHILD_1" link="CNTL_Job_Tracking_Stats_CHILD_1" type="CNTL_Job_Tracking_Stats_CHILD" leftTopX="128" leftTopY="64" rightBottomX="160" rightBottomY="96"/>
      <componentItem name="tMSSqlInput_1" link="tMSSqlInput_1" type="tMSSqlInput" leftTopX="352" leftTopY="64" rightBottomX="384" rightBottomY="96"/>
      <componentItem name="tMSSqlOutput_1" link="tMSSqlOutput_1" type="tMSSqlOutput" leftTopX="864" leftTopY="64" rightBottomX="896" rightBottomY="96"/>
      <componentItem name="tMap_1" link="tMap_1" type="tMap" leftTopX="608" leftTopY="64" rightBottomX="640" rightBottomY="96"/>
    </componentList>
    <internalNodeComponents>
      <component icon="pictures/tMSSqlInput_1.png" uniqueName="tMSSqlInput_1" label="__TABLE__">
        <input>none</input>
        <output link="tMap_1">tMap_1</output>
        <componentType>tMSSqlInput</componentType>
        <parameters>
          <column name="Unique Name" value="tMSSqlInput_1"/>
          <column name="Component Name" value="tMSSqlInput"/>
          <column name="Version" value="0.102 (ALPHA)"/>
          <column name="Family" value="Databases/MS_SQL_Server"/>
          <column name="Start" value="true"/>
          <column name="Startable" value="true"/>
          <column name="SUBTREE_START" value="true"/>
          <column name="END_OF_FLOW" value="false"/>
          <column name="Activate" value="true"/>
          <column name="DUMMY" value="false"/>
          <column name="tStatCatcher Statistics" value="false"/>
          <column name="Help" value="org.talend.help.tMSSqlInput"/>
          <column name="Update components" value="true"/>
          <column name="IREPORT_PATH" value=""/>
          <column name="JAVA_LIBRARY_PATH" value="C:\Program Files (x86)\Talend-Studio-6.3\studio\configuration\lib\java"/>
          <column name="Subjob color" value=""/>
          <column name="Title color" value=""/>
          <column name="Enable parallel execution" value="false"/>
          <column name="Number of parallel executions" value="2"/>
          <column name="" value="false"/>
          <column name="Use an existing connection" value="false"/>
          <column name="Component List" value=""/>
          <column name="Property Type" value="repository: DB (MSSQL):SQLServer_SOR"/>
          <column name="Host" value="&quot;localhost&quot;"/>
          <column name="JDBC Provider" value="JTDS"/>
          <column name="Database Driver" value="MSSQL"/>
          <column name="Port" value="&quot;1433&quot;"/>
          <column name="Schema" value="&quot;&quot;"/>
          <column name="Database" value="&quot;retail_sor_na&quot;"/>
          <column name="Username" value="&quot;sa&quot;"/>
          <column name="Password" value="************"/>
          <column name="REPOSITORY_ALLOW_AUTO_SWITCH" value="true"/>
          <column name="Schema" value="Built-In"/>
          <column name="Table Name" value="&quot;DimDate&quot;"/>
          <column name="Query Type" value="Built-In"/>
          <column name="Guess Schema" value="&quot;&quot;"/>
          <column name="Query" value="&quot;SELECT DimDate.DateSK,
		DimDate.FullDateAK,
		DimDate.FullDateTimeAK,
		DimDate.YearID,
		DimDate.MonthID,
		DimDate.DayID,
		DimDate.YearQtr,
		DimDate.YearMonth,
		DimDate.DayOfYear,
		DimDate.WeekOfYear,
		DimDate.DayofWeek,
		DimDate.MonthAbr,
		DimDate.DayAbr,
		DimDate.MonthFull,
		DimDate.DayFull,
		DimDate.FullDateUSA,
		DimDate.DayOfMonth,
		DimDate.DaySuffix,
		DimDate.DayName,
		DimDate.DayOfWeekUSA,
		DimDate.DayOfWeekInMonth,
		DimDate.DayOfWeekInYear,
		DimDate.DayOfQuarter,
		DimDate.DayOfYearChar,
		DimDate.WeekOfMonth,
		DimDate.WeekOfQuarter,
		DimDate.WeekOfYearChar,
		DimDate.MonthChar,
		DimDate.MonthName,
		DimDate.MonthOfQuarter,
		DimDate.Quarter,
		DimDate.QuarterName,
		DimDate.YearChar,
		DimDate.YearName,
		DimDate.MonthYear,
		DimDate.MMYYYY,
		DimDate.FirstDayOfMonth,
		DimDate.LastDayOfMonth,
		DimDate.FirstDayOfQuarter,
		DimDate.LastDayOfQuarter,
		DimDate.FirstDayOfYear,
		DimDate.LastDayOfYear,
		DimDate.IsWeekday,
		DimDate.IsHolidayUSA,
		DimDate.HolidayUSA,
		DimDate.EuropeSeason,
		DimDate.NorthAmericaSeason,
		DimDate.AsiaSeason,
		DimDate.ETLLoadID,
		DimDate.LoadDate,
		DimDate.UpdateDate,
		DimDate.SOR_ID
FROM	DimDate&quot;"/>
          <column name="Specify a data source alias" value="false"/>
          <column name="Data source alias" value="&quot;&quot;"/>
          <column name="Mapping" value="id_MSSQL"/>
          <column name="Additional JDBC Parameters" value="&quot;&quot;"/>
          <column name="Encoding" value="&quot;ISO-8859-15&quot;"/>
          <column name="Trim all the String/Char columns" value="true"/>
          <column name="Trim column" value="[{TRIM=false, SCHEMA_COLUMN=DateSK}, {TRIM=false, SCHEMA_COLUMN=FullDateAK}, {TRIM=false, SCHEMA_COLUMN=FullDateTimeAK}, {TRIM=false, SCHEMA_COLUMN=YearID}, {TRIM=false, SCHEMA_COLUMN=MonthID}, {TRIM=false, SCHEMA_COLUMN=DayID}, {TRIM=false, SCHEMA_COLUMN=YearQtr}, {TRIM=false, SCHEMA_COLUMN=YearMonth}, {TRIM=false, SCHEMA_COLUMN=DayOfYear}, {TRIM=false, SCHEMA_COLUMN=WeekOfYear}, {TRIM=false, SCHEMA_COLUMN=DayofWeek}, {TRIM=false, SCHEMA_COLUMN=MonthAbr}, {TRIM=false, SCHEMA_COLUMN=DayAbr}, {TRIM=false, SCHEMA_COLUMN=MonthFull}, {TRIM=false, SCHEMA_COLUMN=DayFull}, {TRIM=false, SCHEMA_COLUMN=FullDateUSA}, {TRIM=false, SCHEMA_COLUMN=DayOfMonth}, {TRIM=false, SCHEMA_COLUMN=DaySuffix}, {TRIM=false, SCHEMA_COLUMN=DayName}, {TRIM=false, SCHEMA_COLUMN=DayOfWeekUSA}, {TRIM=false, SCHEMA_COLUMN=DayOfWeekInMonth}, {TRIM=false, SCHEMA_COLUMN=DayOfWeekInYear}, {TRIM=false, SCHEMA_COLUMN=DayOfQuarter}, {TRIM=false, SCHEMA_COLUMN=DayOfYearChar}, {TRIM=false, SCHEMA_COLUMN=WeekOfMonth}, {TRIM=false, SCHEMA_COLUMN=WeekOfQuarter}, {TRIM=false, SCHEMA_COLUMN=WeekOfYearChar}, {TRIM=false, SCHEMA_COLUMN=MonthChar}, {TRIM=false, SCHEMA_COLUMN=MonthName}, {TRIM=false, SCHEMA_COLUMN=MonthOfQuarter}, {TRIM=false, SCHEMA_COLUMN=Quarter}, {TRIM=false, SCHEMA_COLUMN=QuarterName}, {TRIM=false, SCHEMA_COLUMN=YearChar}, {TRIM=false, SCHEMA_COLUMN=YearName}, {TRIM=false, SCHEMA_COLUMN=MonthYear}, {TRIM=false, SCHEMA_COLUMN=MMYYYY}, {TRIM=false, SCHEMA_COLUMN=FirstDayOfMonth}, {TRIM=false, SCHEMA_COLUMN=LastDayOfMonth}, {TRIM=false, SCHEMA_COLUMN=FirstDayOfQuarter}, {TRIM=false, SCHEMA_COLUMN=LastDayOfQuarter}, {TRIM=false, SCHEMA_COLUMN=FirstDayOfYear}, {TRIM=false, SCHEMA_COLUMN=LastDayOfYear}, {TRIM=false, SCHEMA_COLUMN=IsWeekday}, {TRIM=false, SCHEMA_COLUMN=IsHolidayUSA}, {TRIM=false, SCHEMA_COLUMN=HolidayUSA}, {TRIM=false, SCHEMA_COLUMN=EuropeSeason}, {TRIM=false, SCHEMA_COLUMN=NorthAmericaSeason}, {TRIM=false, SCHEMA_COLUMN=AsiaSeason}, {TRIM=false, SCHEMA_COLUMN=ETLLoadID}, {TRIM=false, SCHEMA_COLUMN=LoadDate}, {TRIM=false, SCHEMA_COLUMN=UpdateDate}, {TRIM=false, SCHEMA_COLUMN=SOR_ID}]"/>
          <column name="Label format" value="__TABLE__"/>
          <column name="Hint format" value="&lt;b&gt;__UNIQUE_NAME__&lt;/b&gt;&lt;br&gt;__COMMENT__"/>
          <column name="Connection format" value="row"/>
          <column name="Show Information" value="false"/>
          <column name="Comment" value=""/>
          <column name="Use an existing validation rule" value="false"/>
          <column name="Validation Rule Type" value=""/>
        </parameters>
        <schemas>
          <schema name="DimDate">
            <column name="DateSK" key="true" type="int" length="10" precision="" nullable="false" comment=""/>
            <column name="FullDateAK" key="false" type="java.util.Date" length="10" precision="" nullable="true" comment=""/>
            <column name="FullDateTimeAK" key="false" type="java.util.Date" length="23" precision="3" nullable="true" comment=""/>
            <column name="YearID" key="false" type="Integer" length="10" precision="" nullable="true" comment=""/>
            <column name="MonthID" key="false" type="Integer" length="10" precision="" nullable="true" comment=""/>
            <column name="DayID" key="false" type="Integer" length="10" precision="" nullable="true" comment=""/>
            <column name="YearQtr" key="false" type="Integer" length="10" precision="" nullable="true" comment=""/>
            <column name="YearMonth" key="false" type="Integer" length="10" precision="" nullable="true" comment=""/>
            <column name="DayOfYear" key="false" type="Integer" length="10" precision="" nullable="true" comment=""/>
            <column name="WeekOfYear" key="false" type="Integer" length="10" precision="" nullable="true" comment=""/>
            <column name="DayofWeek" key="false" type="Integer" length="10" precision="" nullable="true" comment=""/>
            <column name="MonthAbr" key="false" type="String" length="3" precision="" nullable="true" comment=""/>
            <column name="DayAbr" key="false" type="String" length="3" precision="" nullable="true" comment=""/>
            <column name="MonthFull" key="false" type="String" length="12" precision="" nullable="true" comment=""/>
            <column name="DayFull" key="false" type="String" length="12" precision="" nullable="true" comment=""/>
            <column name="FullDateUSA" key="false" type="String" length="10" precision="" nullable="true" comment=""/>
            <column name="DayOfMonth" key="false" type="String" length="2" precision="" nullable="true" comment=""/>
            <column name="DaySuffix" key="false" type="String" length="4" precision="" nullable="true" comment=""/>
            <column name="DayName" key="false" type="String" length="9" precision="" nullable="true" comment=""/>
            <column name="DayOfWeekUSA" key="false" type="String" length="1" precision="" nullable="true" comment=""/>
            <column name="DayOfWeekInMonth" key="false" type="String" length="2" precision="" nullable="true" comment=""/>
            <column name="DayOfWeekInYear" key="false" type="String" length="2" precision="" nullable="true" comment=""/>
            <column name="DayOfQuarter" key="false" type="String" length="3" precision="" nullable="true" comment=""/>
            <column name="DayOfYearChar" key="false" type="String" length="3" precision="" nullable="true" comment=""/>
            <column name="WeekOfMonth" key="false" type="String" length="1" precision="" nullable="true" comment=""/>
            <column name="WeekOfQuarter" key="false" type="String" length="2" precision="" nullable="true" comment=""/>
            <column name="WeekOfYearChar" key="false" type="String" length="2" precision="" nullable="true" comment=""/>
            <column name="MonthChar" key="false" type="String" length="2" precision="" nullable="true" comment=""/>
            <column name="MonthName" key="false" type="String" length="9" precision="" nullable="true" comment=""/>
            <column name="MonthOfQuarter" key="false" type="String" length="2" precision="" nullable="true" comment=""/>
            <column name="Quarter" key="false" type="String" length="1" precision="" nullable="true" comment=""/>
            <column name="QuarterName" key="false" type="String" length="9" precision="" nullable="true" comment=""/>
            <column name="YearChar" key="false" type="String" length="4" precision="" nullable="true" comment=""/>
            <column name="YearName" key="false" type="String" length="7" precision="" nullable="true" comment=""/>
            <column name="MonthYear" key="false" type="String" length="10" precision="" nullable="true" comment=""/>
            <column name="MMYYYY" key="false" type="String" length="6" precision="" nullable="true" comment=""/>
            <column name="FirstDayOfMonth" key="false" type="java.util.Date" length="10" precision="" nullable="true" comment=""/>
            <column name="LastDayOfMonth" key="false" type="java.util.Date" length="10" precision="" nullable="true" comment=""/>
            <column name="FirstDayOfQuarter" key="false" type="java.util.Date" length="10" precision="" nullable="true" comment=""/>
            <column name="LastDayOfQuarter" key="false" type="java.util.Date" length="10" precision="" nullable="true" comment=""/>
            <column name="FirstDayOfYear" key="false" type="java.util.Date" length="10" precision="" nullable="true" comment=""/>
            <column name="LastDayOfYear" key="false" type="java.util.Date" length="10" precision="" nullable="true" comment=""/>
            <column name="IsWeekday" key="false" type="Byte" length="1" precision="" nullable="true" comment=""/>
            <column name="IsHolidayUSA" key="false" type="Boolean" length="1" precision="" nullable="true" comment=""/>
            <column name="HolidayUSA" key="false" type="String" length="50" precision="" nullable="true" comment=""/>
            <column name="EuropeSeason" key="false" type="String" length="50" precision="" nullable="true" comment=""/>
            <column name="NorthAmericaSeason" key="false" type="String" length="50" precision="" nullable="true" comment=""/>
            <column name="AsiaSeason" key="false" type="String" length="50" precision="" nullable="true" comment=""/>
            <column name="ETLLoadID" key="false" type="Integer" length="10" precision="" nullable="true" comment=""/>
            <column name="LoadDate" key="false" type="java.util.Date" length="23" precision="3" nullable="true" comment=""/>
            <column name="UpdateDate" key="false" type="java.util.Date" length="23" precision="3" nullable="true" comment=""/>
            <column name="SOR_ID" key="false" type="Integer" length="20" precision="" nullable="true" comment=""/>
          </schema>
        </schemas>
      </component>
      <component icon="pictures/tMSSqlOutput_1.png" uniqueName="tMSSqlOutput_1" label="__TABLE__">
        <input link="tMap_1">tMap_1</input>
        <output>none</output>
        <componentType>tMSSqlOutput</componentType>
        <parameters>
          <column name="Unique Name" value="tMSSqlOutput_1"/>
          <column name="Component Name" value="tMSSqlOutput"/>
          <column name="Version" value="0.102 (ALPHA)"/>
          <column name="Family" value="Databases/MS_SQL_Server"/>
          <column name="Startable" value="false"/>
          <column name="SUBTREE_START" value="false"/>
          <column name="END_OF_FLOW" value="true"/>
          <column name="Activate" value="true"/>
          <column name="DUMMY" value="false"/>
          <column name="tStatCatcher Statistics" value="false"/>
          <column name="Help" value="org.talend.help.tMSSqlOutput"/>
          <column name="Update components" value="true"/>
          <column name="IREPORT_PATH" value=""/>
          <column name="JAVA_LIBRARY_PATH" value="C:\Program Files (x86)\Talend-Studio-6.3\studio\configuration\lib\java"/>
          <column name="Subjob color" value=""/>
          <column name="Title color" value=""/>
          <column name="Enable parallel execution" value="false"/>
          <column name="Number of parallel executions" value="2"/>
          <column name="" value="false"/>
          <column name="Property Type" value="repository: DB (MSSQL):SQLServer_Target"/>
          <column name="Use an existing connection" value="false"/>
          <column name="Component List" value=""/>
          <column name="JDBC Provider" value="JTDS"/>
          <column name="Host" value="&quot;localhost&quot;"/>
          <column name="Port" value="&quot;1433&quot;"/>
          <column name="Schema" value="&quot;&quot;"/>
          <column name="Database" value="&quot;retail_dw&quot;"/>
          <column name="Database Driver" value="MSSQL"/>
          <column name="Username" value="&quot;sa&quot;"/>
          <column name="Password" value="************"/>
          <column name="Table" value="&quot;DimDate&quot;"/>
          <column name="Action on table" value="TRUNCATE"/>
          <column name="Turn on Identity insert" value="false"/>
          <column name="Action on data" value="INSERT"/>
          <column name="Specify identity field" value="false"/>
          <column name="Identity field" value="DateSK"/>
          <column name="Start value" value="1"/>
          <column name="Step" value="1"/>
          <column name="REPOSITORY_ALLOW_AUTO_SWITCH" value="true"/>
          <column name="Schema" value="Built-In"/>
          <column name="Reject Schema" value="Built-In"/>
          <column name="Specify a data source alias" value="false"/>
          <column name="Data source alias" value="&quot;&quot;"/>
          <column name="Die on error" value="true"/>
          <column name="Mapping" value="id_MSSQL"/>
          <column name="Additional JDBC Parameters" value="&quot;&quot;"/>
          <column name="Encoding" value="&quot;ISO-8859-15&quot;"/>
          <column name="Commit every" value="500000"/>
          <column name="Additional columns" value="[]"/>
          <column name="Use field options" value="false"/>
          <column name="Field options" value="[{UPDATE_KEY=false, DELETE_KEY=false, UPDATABLE=true, INSERTABLE=true, SCHEMA_COLUMN=DateSK}, {UPDATE_KEY=false, DELETE_KEY=false, UPDATABLE=true, INSERTABLE=true, SCHEMA_COLUMN=FullDateAK}, {UPDATE_KEY=false, DELETE_KEY=false, UPDATABLE=true, INSERTABLE=true, SCHEMA_COLUMN=FullDateTimeAK}, {UPDATE_KEY=false, DELETE_KEY=false, UPDATABLE=true, INSERTABLE=true, SCHEMA_COLUMN=YearID}, {UPDATE_KEY=false, DELETE_KEY=false, UPDATABLE=true, INSERTABLE=true, SCHEMA_COLUMN=MonthID}, {UPDATE_KEY=false, DELETE_KEY=false, UPDATABLE=true, INSERTABLE=true, SCHEMA_COLUMN=DayID}, {UPDATE_KEY=false, DELETE_KEY=false, UPDATABLE=true, INSERTABLE=true, SCHEMA_COLUMN=YearQtr}, {UPDATE_KEY=false, DELETE_KEY=false, UPDATABLE=true, INSERTABLE=true, SCHEMA_COLUMN=YearMonth}, {UPDATE_KEY=false, DELETE_KEY=false, UPDATABLE=true, INSERTABLE=true, SCHEMA_COLUMN=DayOfYear}, {UPDATE_KEY=false, DELETE_KEY=false, UPDATABLE=true, INSERTABLE=true, SCHEMA_COLUMN=WeekOfYear}, {UPDATE_KEY=false, DELETE_KEY=false, UPDATABLE=true, INSERTABLE=true, SCHEMA_COLUMN=DayofWeek}, {UPDATE_KEY=false, DELETE_KEY=false, UPDATABLE=true, INSERTABLE=true, SCHEMA_COLUMN=MonthAbr}, {UPDATE_KEY=false, DELETE_KEY=false, UPDATABLE=true, INSERTABLE=true, SCHEMA_COLUMN=DayAbr}, {UPDATE_KEY=false, DELETE_KEY=false, UPDATABLE=true, INSERTABLE=true, SCHEMA_COLUMN=MonthFull}, {UPDATE_KEY=false, DELETE_KEY=false, UPDATABLE=true, INSERTABLE=true, SCHEMA_COLUMN=DayFull}, {UPDATE_KEY=false, DELETE_KEY=false, UPDATABLE=true, INSERTABLE=true, SCHEMA_COLUMN=FullDateUSA}, {UPDATE_KEY=false, DELETE_KEY=false, UPDATABLE=true, INSERTABLE=true, SCHEMA_COLUMN=DayOfMonth}, {UPDATE_KEY=false, DELETE_KEY=false, UPDATABLE=true, INSERTABLE=true, SCHEMA_COLUMN=DaySuffix}, {UPDATE_KEY=false, DELETE_KEY=false, UPDATABLE=true, INSERTABLE=true, SCHEMA_COLUMN=DayName}, {UPDATE_KEY=false, DELETE_KEY=false, UPDATABLE=true, INSERTABLE=true, SCHEMA_COLUMN=DayOfWeekUSA}, {UPDATE_KEY=false, DELETE_KEY=false, UPDATABLE=true, INSERTABLE=true, SCHEMA_COLUMN=DayOfWeekInMonth}, {UPDATE_KEY=false, DELETE_KEY=false, UPDATABLE=true, INSERTABLE=true, SCHEMA_COLUMN=DayOfWeekInYear}, {UPDATE_KEY=false, DELETE_KEY=false, UPDATABLE=true, INSERTABLE=true, SCHEMA_COLUMN=DayOfQuarter}, {UPDATE_KEY=false, DELETE_KEY=false, UPDATABLE=true, INSERTABLE=true, SCHEMA_COLUMN=DayOfYearChar}, {UPDATE_KEY=false, DELETE_KEY=false, UPDATABLE=true, INSERTABLE=true, SCHEMA_COLUMN=WeekOfMonth}, {UPDATE_KEY=false, DELETE_KEY=false, UPDATABLE=true, INSERTABLE=true, SCHEMA_COLUMN=WeekOfQuarter}, {UPDATE_KEY=false, DELETE_KEY=false, UPDATABLE=true, INSERTABLE=true, SCHEMA_COLUMN=WeekOfYearChar}, {UPDATE_KEY=false, DELETE_KEY=false, UPDATABLE=true, INSERTABLE=true, SCHEMA_COLUMN=MonthChar}, {UPDATE_KEY=false, DELETE_KEY=false, UPDATABLE=true, INSERTABLE=true, SCHEMA_COLUMN=MonthName}, {UPDATE_KEY=false, DELETE_KEY=false, UPDATABLE=true, INSERTABLE=true, SCHEMA_COLUMN=MonthOfQuarter}, {UPDATE_KEY=false, DELETE_KEY=false, UPDATABLE=true, INSERTABLE=true, SCHEMA_COLUMN=Quarter}, {UPDATE_KEY=false, DELETE_KEY=false, UPDATABLE=true, INSERTABLE=true, SCHEMA_COLUMN=QuarterName}, {UPDATE_KEY=false, DELETE_KEY=false, UPDATABLE=true, INSERTABLE=true, SCHEMA_COLUMN=YearChar}, {UPDATE_KEY=false, DELETE_KEY=false, UPDATABLE=true, INSERTABLE=true, SCHEMA_COLUMN=YearName}, {UPDATE_KEY=false, DELETE_KEY=false, UPDATABLE=true, INSERTABLE=true, SCHEMA_COLUMN=MonthYear}, {UPDATE_KEY=false, DELETE_KEY=false, UPDATABLE=true, INSERTABLE=true, SCHEMA_COLUMN=MMYYYY}, {UPDATE_KEY=false, DELETE_KEY=false, UPDATABLE=true, INSERTABLE=true, SCHEMA_COLUMN=FirstDayOfMonth}, {UPDATE_KEY=false, DELETE_KEY=false, UPDATABLE=true, INSERTABLE=true, SCHEMA_COLUMN=LastDayOfMonth}, {UPDATE_KEY=false, DELETE_KEY=false, UPDATABLE=true, INSERTABLE=true, SCHEMA_COLUMN=FirstDayOfQuarter}, {UPDATE_KEY=false, DELETE_KEY=false, UPDATABLE=true, INSERTABLE=true, SCHEMA_COLUMN=LastDayOfQuarter}, {UPDATE_KEY=false, DELETE_KEY=false, UPDATABLE=true, INSERTABLE=true, SCHEMA_COLUMN=FirstDayOfYear}, {UPDATE_KEY=false, DELETE_KEY=false, UPDATABLE=true, INSERTABLE=true, SCHEMA_COLUMN=LastDayOfYear}, {UPDATE_KEY=false, DELETE_KEY=false, UPDATABLE=true, INSERTABLE=true, SCHEMA_COLUMN=IsWeekday}, {UPDATE_KEY=false, DELETE_KEY=false, UPDATABLE=true, INSERTABLE=true, SCHEMA_COLUMN=IsHolidayUSA}, {UPDATE_KEY=false, DELETE_KEY=false, UPDATABLE=true, INSERTABLE=true, SCHEMA_COLUMN=HolidayUSA}, {UPDATE_KEY=false, DELETE_KEY=false, UPDATABLE=true, INSERTABLE=true, SCHEMA_COLUMN=EuropeSeason}, {UPDATE_KEY=false, DELETE_KEY=false, UPDATABLE=true, INSERTABLE=true, SCHEMA_COLUMN=NorthAmericaSeason}, {UPDATE_KEY=false, DELETE_KEY=false, UPDATABLE=true, INSERTABLE=true, SCHEMA_COLUMN=AsiaSeason}, {UPDATE_KEY=false, DELETE_KEY=false, UPDATABLE=true, INSERTABLE=true, SCHEMA_COLUMN=SOR_ID}, {UPDATE_KEY=false, DELETE_KEY=false, UPDATABLE=true, INSERTABLE=true, SCHEMA_COLUMN=SOR_LoadDate}, {UPDATE_KEY=false, DELETE_KEY=false, UPDATABLE=true, INSERTABLE=true, SCHEMA_COLUMN=SOR_UpdateDate}, {UPDATE_KEY=false, DELETE_KEY=false, UPDATABLE=true, INSERTABLE=true, SCHEMA_COLUMN=DI_Job_ID}]"/>
          <column name="Ignore date out of range" value="false"/>
          <column name="Enable debug mode" value="false"/>
          <column name="Support null in &quot;SQL WHERE&quot; statement" value="false"/>
          <column name="Use Batch Size" value="true"/>
          <column name="Batch Size" value="1000000"/>
          <column name="Label format" value="__TABLE__"/>
          <column name="Hint format" value="&lt;b&gt;__UNIQUE_NAME__&lt;/b&gt;&lt;br&gt;__COMMENT__"/>
          <column name="Connection format" value="row"/>
          <column name="Show Information" value="false"/>
          <column name="Comment" value=""/>
          <column name="Use an existing validation rule" value="false"/>
          <column name="Validation Rule Type" value=""/>
        </parameters>
        <schemas>
          <schema name="DimDate">
            <column name="DateSK" key="true" type="int" length="10" precision="" nullable="false" comment=""/>
            <column name="FullDateAK" key="false" type="java.util.Date" length="10" precision="" nullable="true" comment=""/>
            <column name="FullDateTimeAK" key="false" type="java.util.Date" length="23" precision="3" nullable="true" comment=""/>
            <column name="YearID" key="false" type="Integer" length="10" precision="" nullable="true" comment=""/>
            <column name="MonthID" key="false" type="Integer" length="10" precision="" nullable="true" comment=""/>
            <column name="DayID" key="false" type="Integer" length="10" precision="" nullable="true" comment=""/>
            <column name="YearQtr" key="false" type="Integer" length="10" precision="" nullable="true" comment=""/>
            <column name="YearMonth" key="false" type="Integer" length="10" precision="" nullable="true" comment=""/>
            <column name="DayOfYear" key="false" type="Integer" length="10" precision="" nullable="true" comment=""/>
            <column name="WeekOfYear" key="false" type="Integer" length="10" precision="" nullable="true" comment=""/>
            <column name="DayofWeek" key="false" type="Integer" length="10" precision="" nullable="true" comment=""/>
            <column name="MonthAbr" key="false" type="String" length="3" precision="" nullable="true" comment=""/>
            <column name="DayAbr" key="false" type="String" length="3" precision="" nullable="true" comment=""/>
            <column name="MonthFull" key="false" type="String" length="12" precision="" nullable="true" comment=""/>
            <column name="DayFull" key="false" type="String" length="12" precision="" nullable="true" comment=""/>
            <column name="FullDateUSA" key="false" type="String" length="10" precision="" nullable="true" comment=""/>
            <column name="DayOfMonth" key="false" type="String" length="2" precision="" nullable="true" comment=""/>
            <column name="DaySuffix" key="false" type="String" length="4" precision="" nullable="true" comment=""/>
            <column name="DayName" key="false" type="String" length="9" precision="" nullable="true" comment=""/>
            <column name="DayOfWeekUSA" key="false" type="String" length="1" precision="" nullable="true" comment=""/>
            <column name="DayOfWeekInMonth" key="false" type="String" length="2" precision="" nullable="true" comment=""/>
            <column name="DayOfWeekInYear" key="false" type="String" length="2" precision="" nullable="true" comment=""/>
            <column name="DayOfQuarter" key="false" type="String" length="3" precision="" nullable="true" comment=""/>
            <column name="DayOfYearChar" key="false" type="String" length="3" precision="" nullable="true" comment=""/>
            <column name="WeekOfMonth" key="false" type="String" length="1" precision="" nullable="true" comment=""/>
            <column name="WeekOfQuarter" key="false" type="String" length="2" precision="" nullable="true" comment=""/>
            <column name="WeekOfYearChar" key="false" type="String" length="2" precision="" nullable="true" comment=""/>
            <column name="MonthChar" key="false" type="String" length="2" precision="" nullable="true" comment=""/>
            <column name="MonthName" key="false" type="String" length="9" precision="" nullable="true" comment=""/>
            <column name="MonthOfQuarter" key="false" type="String" length="2" precision="" nullable="true" comment=""/>
            <column name="Quarter" key="false" type="String" length="1" precision="" nullable="true" comment=""/>
            <column name="QuarterName" key="false" type="String" length="9" precision="" nullable="true" comment=""/>
            <column name="YearChar" key="false" type="String" length="4" precision="" nullable="true" comment=""/>
            <column name="YearName" key="false" type="String" length="7" precision="" nullable="true" comment=""/>
            <column name="MonthYear" key="false" type="String" length="10" precision="" nullable="true" comment=""/>
            <column name="MMYYYY" key="false" type="String" length="6" precision="" nullable="true" comment=""/>
            <column name="FirstDayOfMonth" key="false" type="java.util.Date" length="10" precision="" nullable="true" comment=""/>
            <column name="LastDayOfMonth" key="false" type="java.util.Date" length="10" precision="" nullable="true" comment=""/>
            <column name="FirstDayOfQuarter" key="false" type="java.util.Date" length="10" precision="" nullable="true" comment=""/>
            <column name="LastDayOfQuarter" key="false" type="java.util.Date" length="10" precision="" nullable="true" comment=""/>
            <column name="FirstDayOfYear" key="false" type="java.util.Date" length="10" precision="" nullable="true" comment=""/>
            <column name="LastDayOfYear" key="false" type="java.util.Date" length="10" precision="" nullable="true" comment=""/>
            <column name="IsWeekday" key="false" type="Byte" length="10" precision="" nullable="true" comment=""/>
            <column name="IsHolidayUSA" key="false" type="Integer" length="10" precision="" nullable="true" comment=""/>
            <column name="HolidayUSA" key="false" type="String" length="50" precision="" nullable="true" comment=""/>
            <column name="EuropeSeason" key="false" type="String" length="50" precision="" nullable="true" comment=""/>
            <column name="NorthAmericaSeason" key="false" type="String" length="50" precision="" nullable="true" comment=""/>
            <column name="AsiaSeason" key="false" type="String" length="50" precision="" nullable="true" comment=""/>
            <column name="SOR_ID" key="false" type="int" length="10" precision="" nullable="false" comment=""/>
            <column name="SOR_LoadDate" key="false" type="java.util.Date" length="23" precision="3" nullable="true" comment=""/>
            <column name="SOR_UpdateDate" key="false" type="java.util.Date" length="23" precision="3" nullable="true" comment=""/>
            <column name="DI_Job_ID" key="false" type="String" length="20" precision="" nullable="false" comment=""/>
          </schema>
        </schemas>
      </component>
    </internalNodeComponents>
    <externalNodeComponents>
      <component icon="pictures/CNTL_Job_Tracking_Stats_CHILD_1.png" uniqueName="CNTL_Job_Tracking_Stats_CHILD_1" label="CNTL_Job_Tracking_Stats_CHILD">
        <input>none</input>
        <output>none</output>
        <componentType>CNTL_Job_Tracking_Stats_CHILD</componentType>
        <parameters>
          <column name="Version">Latest</column>
          <column name="Show Information">false</column>
          <column name="Comment"></column>
        </parameters>
        <!--CNTL_Job_Tracking_Stats_CHILD_1-->
      </component>
      <component icon="pictures/tMap_1.png" uniqueName="tMap_1" label="__UNIQUE_NAME__">
        <input link="tMSSqlInput_1">tMSSqlInput_1</input>
        <output link="tMSSqlOutput_1">tMSSqlOutput_1</output>
        <componentType>tMap</componentType>
        <!--tMap_1-->
      </component>
    </externalNodeComponents>
    <connections>
      <connection label="Date" lineStyle="0" metaname="tMSSqlInput_1" offsetLabelX="0" offsetLabelY="0" source="tMSSqlInput_1" target="tMap_1"/>
      <connection label="op" lineStyle="0" metaname="op" offsetLabelX="0" offsetLabelY="0" source="tMap_1" target="tMSSqlOutput_1"/>
    </connections>
  </job>
</project>
