<?xml version="1.1" encoding="UTF-8"?>

<project i18n.job.generated.documetation="Generated documentation" i18n.job.project.name="Project Name" i18n.job.generated.date="GENERATION DATE" i18n.job.author="AUTHOR" i18n.job.summary="Summary" i18n.job.project.description="Project Description" i18n.job.job.description="Description" i18n.job.job.preview.picture="Preview Picture" i18n.job.job.setting="Settings" i18n.job.context.list="Context List" i18n.job.component.list="Component List" i18n.job.components.description="Components Description" i18n.job.source.code="Source Code" i18n.job.properties="Properties" i18n.job.values="Values" i18n.job.name="Name" i18n.job.language="Language" i18n.job.description="Description" i18n.job.author.min="Author" i18n.job.version="Version" i18n.job.purpose="Purpose" i18n.job.status="Status" i18n.job.creation="Creation" i18n.job.modification="Modification" i18n.job.extract.settings="Extra settings" i18n.job.value="Value" i18n.job.stats.logs="Status &amp; Logs" i18n.job.context="Context" i18n.job.promt="Prompt" i18n.job.need.promt="Need Prompt?" i18n.job.type="Type" i18n.job.source="Source" i18n.job.component.name="Component Name" i18n.job.component.type="Component Type" i18n.job.component="Component" i18n.job.unique.name="UNIQUE NAME" i18n.job.input="INPUT(S)" i18n.job.label="LABEL" i18n.job.output="OUTPUT(S)" i18n.job.component.parameters="Component Parameters:" i18n.job.schema.for="Schema for " i18n.job.column="Column" i18n.job.key="Key" i18n.job.length="Length" i18n.job.precision="Precision" i18n.job.nullable="Nullable" i18n.job.comment="Comment" i18n.job.original.function.parameters="Original Function Parameters:" i18n.job.ended="ended" i18n.job.content="content" i18n.route.manifest.type="Type" i18n.route.manifest.value="Value" i18n.route.resource.name="Name" i18n.route.resource.version="Version" i18n.route.resource.path="Path" name="Final_Project" logo="pictures/logo.jpg" title="Generated by Talend Data Fabric" link="http://www.talend.com" language="java" generatedDate="Apr 30, 2017 12:30:16 AM" versionName="Talend Data Fabric VERSION " version="6.3.1.20161216_1026" docType="Jobs" company="">
  <pro-description><![CDATA[]]></pro-description>
  <job name="DimGeography" author="user@talend.com" i18n.job.extract.settings.type="i18n.job.extract.settings" i18n.job.stats.logs.type="i18n.job.stats.logs" version="0.1" purpose="" status="" creation="Apr 22, 2017 1:01:39 AM" modification="Apr 29, 2017 3:00:33 PM">
    <description><![CDATA[<br/>]]></description>
    <preview picture="pictures/DimGeography_0.1.png"/>
    <contextList>
      <context name="Default"/>
    </contextList>
    <jobSetting>
      <extra>
        <jobParameter name="COMP_DEFAULT_FILE_DIR" value=""/>
        <jobParameter name="Multi thread execution" value="true"/>
        <jobParameter name="Implicit tContextLoad" value="false"/>
      </extra>
      <Statslogs>
        <jobParameter name="Use statistics (tStatCatcher)" value="false"/>
        <jobParameter name="Use logs (tLogCatcher)" value="false"/>
        <jobParameter name="Use volumetrics (tFlowMeterCatcher)" value="false"/>
        <jobParameter name="On Console" value="false"/>
        <jobParameter name="On Files" value="false"/>
        <jobParameter name="On Databases" value="false"/>
        <jobParameter name="Catch components statistics" value="false"/>
        <jobParameter name="Catch runtime errors" value="true"/>
        <jobParameter name="Catch user errors" value="true"/>
        <jobParameter name="Catch user warnings" value="true"/>
      </Statslogs>
    </jobSetting>
    <componentList>
      <componentItem name="CNTL_Job_Tracking_Stats_CHILD_1" link="CNTL_Job_Tracking_Stats_CHILD_1" type="CNTL_Job_Tracking_Stats_CHILD" leftTopX="128" leftTopY="64" rightBottomX="160" rightBottomY="96"/>
      <componentItem name="tMSSqlInput_1" link="tMSSqlInput_1" type="tMSSqlInput" leftTopX="480" leftTopY="448" rightBottomX="512" rightBottomY="480"/>
      <componentItem name="tMSSqlOutput_1" link="tMSSqlOutput_1" type="tMSSqlOutput" leftTopX="992" leftTopY="64" rightBottomX="1024" rightBottomY="96"/>
      <componentItem name="tMSSqlOutput_2" link="tMSSqlOutput_2" type="tMSSqlOutput" leftTopX="992" leftTopY="192" rightBottomX="1024" rightBottomY="224"/>
      <componentItem name="tMSSqlOutput_3" link="tMSSqlOutput_3" type="tMSSqlOutput" leftTopX="992" leftTopY="320" rightBottomX="1024" rightBottomY="352"/>
      <componentItem name="tMSSqlOutput_4" link="tMSSqlOutput_4" type="tMSSqlOutput" leftTopX="992" leftTopY="448" rightBottomX="1024" rightBottomY="480"/>
      <componentItem name="tMap_1" link="tMap_1" type="tMap" leftTopX="736" leftTopY="64" rightBottomX="768" rightBottomY="96"/>
      <componentItem name="tMap_2" link="tMap_2" type="tMap" leftTopX="736" leftTopY="192" rightBottomX="768" rightBottomY="224"/>
      <componentItem name="tMap_3" link="tMap_3" type="tMap" leftTopX="736" leftTopY="320" rightBottomX="768" rightBottomY="352"/>
      <componentItem name="tMap_4" link="tMap_4" type="tMap" leftTopX="736" leftTopY="448" rightBottomX="768" rightBottomY="480"/>
      <componentItem name="tMysqlInput_1" link="tMysqlInput_1" type="tMysqlInput" leftTopX="480" leftTopY="64" rightBottomX="512" rightBottomY="96"/>
      <componentItem name="tOracleInput_1" link="tOracleInput_1" type="tOracleInput" leftTopX="480" leftTopY="192" rightBottomX="512" rightBottomY="224"/>
      <componentItem name="tPostgresqlInput_1" link="tPostgresqlInput_1" type="tPostgresqlInput" leftTopX="480" leftTopY="320" rightBottomX="512" rightBottomY="352"/>
    </componentList>
    <internalNodeComponents>
      <component icon="pictures/tMSSqlInput_1.png" uniqueName="tMSSqlInput_1" label="__TABLE__">
        <input link="tPostgresqlInput_1">tPostgresqlInput_1</input>
        <output link="tMap_4">tMap_4</output>
        <componentType>tMSSqlInput</componentType>
        <parameters>
          <column name="Unique Name" value="tMSSqlInput_1"/>
          <column name="Component Name" value="tMSSqlInput"/>
          <column name="Version" value="0.102 (ALPHA)"/>
          <column name="Family" value="Databases/MS_SQL_Server"/>
          <column name="Start" value="false"/>
          <column name="Startable" value="true"/>
          <column name="SUBTREE_START" value="true"/>
          <column name="END_OF_FLOW" value="false"/>
          <column name="Activate" value="true"/>
          <column name="DUMMY" value="false"/>
          <column name="tStatCatcher Statistics" value="false"/>
          <column name="Help" value="org.talend.help.tMSSqlInput"/>
          <column name="Update components" value="true"/>
          <column name="IREPORT_PATH" value=""/>
          <column name="JAVA_LIBRARY_PATH" value="C:\Program Files (x86)\Talend-Studio-6.3\studio\configuration\lib\java"/>
          <column name="Subjob color" value=""/>
          <column name="Title color" value=""/>
          <column name="Enable parallel execution" value="false"/>
          <column name="Number of parallel executions" value="2"/>
          <column name="" value="false"/>
          <column name="Use an existing connection" value="false"/>
          <column name="Component List" value=""/>
          <column name="Property Type" value="repository: DB (MSSQL):SQLServer_SOR"/>
          <column name="Host" value="&quot;localhost&quot;"/>
          <column name="JDBC Provider" value="JTDS"/>
          <column name="Database Driver" value="MSSQL"/>
          <column name="Port" value="&quot;1433&quot;"/>
          <column name="Schema" value="&quot;&quot;"/>
          <column name="Database" value="&quot;retail_sor_na&quot;"/>
          <column name="Username" value="&quot;sa&quot;"/>
          <column name="Password" value="************"/>
          <column name="REPOSITORY_ALLOW_AUTO_SWITCH" value="true"/>
          <column name="Schema" value="Built-In"/>
          <column name="Table Name" value="&quot;DimGeography&quot;"/>
          <column name="Query Type" value="Built-In"/>
          <column name="Guess Schema" value="&quot;&quot;"/>
          <column name="Query" value="&quot;SELECT DimGeography.GeographyKey,
		DimGeography.GeographyType,
		DimGeography.ContinentName,
		DimGeography.ContinentCode,
		DimGeography.Country,
		DimGeography.Country_name,
		DimGeography.RegionCountryName,
		DimGeography.ISO_3166_numeric,
		DimGeography.ISO_3166_alpha_2,
		DimGeography.ISO_3166_alpha_3,
		DimGeography.Region,
		DimGeography.Subdiv_name,
		DimGeography.ISO_3166_2_subdiv,
		DimGeography.Subdiv_code,
		DimGeography.StateProvinceName,
		DimGeography.StateProvinceCode,
		DimGeography.City,
		DimGeography.CityName,
		DimGeography.Latitude,
		DimGeography.Longitude,
		DimGeography.ETLLoadID,
		DimGeography.LoadDate,
		DimGeography.UpdateDate,
		DimGeography.SOR_ID
FROM	DimGeography&quot;"/>
          <column name="Specify a data source alias" value="false"/>
          <column name="Data source alias" value="&quot;&quot;"/>
          <column name="Mapping" value="id_MSSQL"/>
          <column name="Additional JDBC Parameters" value="&quot;&quot;"/>
          <column name="Encoding" value="&quot;ISO-8859-15&quot;"/>
          <column name="Trim all the String/Char columns" value="true"/>
          <column name="Trim column" value="[{TRIM=false, SCHEMA_COLUMN=GeographyKey}, {TRIM=false, SCHEMA_COLUMN=GeographyType}, {TRIM=false, SCHEMA_COLUMN=ContinentName}, {TRIM=false, SCHEMA_COLUMN=ContinentCode}, {TRIM=false, SCHEMA_COLUMN=Country}, {TRIM=false, SCHEMA_COLUMN=Country_name}, {TRIM=false, SCHEMA_COLUMN=RegionCountryName}, {TRIM=false, SCHEMA_COLUMN=ISO_3166_numeric}, {TRIM=false, SCHEMA_COLUMN=ISO_3166_alpha_2}, {TRIM=false, SCHEMA_COLUMN=ISO_3166_alpha_3}, {TRIM=false, SCHEMA_COLUMN=Region}, {TRIM=false, SCHEMA_COLUMN=Subdiv_name}, {TRIM=false, SCHEMA_COLUMN=ISO_3166_2_subdiv}, {TRIM=false, SCHEMA_COLUMN=Subdiv_code}, {TRIM=false, SCHEMA_COLUMN=StateProvinceName}, {TRIM=false, SCHEMA_COLUMN=StateProvinceCode}, {TRIM=false, SCHEMA_COLUMN=City}, {TRIM=false, SCHEMA_COLUMN=CityName}, {TRIM=false, SCHEMA_COLUMN=Latitude}, {TRIM=false, SCHEMA_COLUMN=Longitude}, {TRIM=false, SCHEMA_COLUMN=ETLLoadID}, {TRIM=false, SCHEMA_COLUMN=LoadDate}, {TRIM=false, SCHEMA_COLUMN=UpdateDate}, {TRIM=false, SCHEMA_COLUMN=SOR_ID}]"/>
          <column name="Label format" value="__TABLE__"/>
          <column name="Hint format" value="&lt;b&gt;__UNIQUE_NAME__&lt;/b&gt;&lt;br&gt;__COMMENT__"/>
          <column name="Connection format" value="row"/>
          <column name="Show Information" value="false"/>
          <column name="Comment" value=""/>
          <column name="Use an existing validation rule" value="false"/>
          <column name="Validation Rule Type" value=""/>
        </parameters>
        <schemas>
          <schema name="DimGeography">
            <column name="GeographyKey" key="true" type="int" length="10" precision="" nullable="false" comment=""/>
            <column name="GeographyType" key="false" type="String" length="50" precision="" nullable="false" comment=""/>
            <column name="ContinentName" key="false" type="String" length="50" precision="" nullable="false" comment=""/>
            <column name="ContinentCode" key="false" type="String" length="2" precision="" nullable="true" comment=""/>
            <column name="Country" key="false" type="String" length="100" precision="" nullable="true" comment=""/>
            <column name="Country_name" key="false" type="String" length="100" precision="" nullable="true" comment=""/>
            <column name="RegionCountryName" key="false" type="String" length="100" precision="" nullable="true" comment=""/>
            <column name="ISO_3166_numeric" key="false" type="Integer" length="10" precision="" nullable="true" comment=""/>
            <column name="ISO_3166_alpha_2" key="false" type="String" length="2" precision="" nullable="true" comment=""/>
            <column name="ISO_3166_alpha_3" key="false" type="String" length="3" precision="" nullable="true" comment=""/>
            <column name="Region" key="false" type="String" length="100" precision="" nullable="true" comment=""/>
            <column name="Subdiv_name" key="false" type="String" length="100" precision="" nullable="false" comment=""/>
            <column name="ISO_3166_2_subdiv" key="false" type="String" length="10" precision="" nullable="false" comment=""/>
            <column name="Subdiv_code" key="false" type="String" length="10" precision="" nullable="false" comment=""/>
            <column name="StateProvinceName" key="false" type="String" length="100" precision="" nullable="true" comment=""/>
            <column name="StateProvinceCode" key="false" type="String" length="3" precision="" nullable="true" comment=""/>
            <column name="City" key="false" type="String" length="100" precision="" nullable="true" comment=""/>
            <column name="CityName" key="false" type="String" length="100" precision="" nullable="true" comment=""/>
            <column name="Latitude" key="false" type="BigDecimal" length="28" precision="10" nullable="true" comment=""/>
            <column name="Longitude" key="false" type="BigDecimal" length="28" precision="10" nullable="true" comment=""/>
            <column name="ETLLoadID" key="false" type="Integer" length="10" precision="" nullable="true" comment=""/>
            <column name="LoadDate" key="false" type="java.util.Date" length="23" precision="3" nullable="true" comment=""/>
            <column name="UpdateDate" key="false" type="java.util.Date" length="23" precision="3" nullable="true" comment=""/>
            <column name="SOR_ID" key="false" type="Integer" length="20" precision="" nullable="true" comment=""/>
          </schema>
        </schemas>
      </component>
      <component icon="pictures/tMSSqlOutput_1.png" uniqueName="tMSSqlOutput_1" label="__TABLE__">
        <input link="tMap_1">tMap_1</input>
        <output>none</output>
        <componentType>tMSSqlOutput</componentType>
        <parameters>
          <column name="Unique Name" value="tMSSqlOutput_1"/>
          <column name="Component Name" value="tMSSqlOutput"/>
          <column name="Version" value="0.102 (ALPHA)"/>
          <column name="Family" value="Databases/MS_SQL_Server"/>
          <column name="Startable" value="false"/>
          <column name="SUBTREE_START" value="false"/>
          <column name="END_OF_FLOW" value="true"/>
          <column name="Activate" value="true"/>
          <column name="DUMMY" value="false"/>
          <column name="tStatCatcher Statistics" value="false"/>
          <column name="Help" value="org.talend.help.tMSSqlOutput"/>
          <column name="Update components" value="true"/>
          <column name="IREPORT_PATH" value=""/>
          <column name="JAVA_LIBRARY_PATH" value="C:\Program Files (x86)\Talend-Studio-6.3\studio\configuration\lib\java"/>
          <column name="Subjob color" value=""/>
          <column name="Title color" value=""/>
          <column name="Enable parallel execution" value="false"/>
          <column name="Number of parallel executions" value="2"/>
          <column name="" value="false"/>
          <column name="Property Type" value="repository: DB (MSSQL):SQLServer_Target"/>
          <column name="Use an existing connection" value="false"/>
          <column name="Component List" value=""/>
          <column name="JDBC Provider" value="JTDS"/>
          <column name="Host" value="&quot;localhost&quot;"/>
          <column name="Port" value="&quot;1433&quot;"/>
          <column name="Schema" value="&quot;&quot;"/>
          <column name="Database" value="&quot;retail_dw&quot;"/>
          <column name="Database Driver" value="MSSQL"/>
          <column name="Username" value="&quot;sa&quot;"/>
          <column name="Password" value="************"/>
          <column name="Table" value="&quot;DimGeography&quot;"/>
          <column name="Action on table" value="TRUNCATE"/>
          <column name="Turn on Identity insert" value="false"/>
          <column name="Action on data" value="INSERT"/>
          <column name="Specify identity field" value="false"/>
          <column name="Identity field" value="GeographyKey"/>
          <column name="Start value" value="1"/>
          <column name="Step" value="1"/>
          <column name="REPOSITORY_ALLOW_AUTO_SWITCH" value="true"/>
          <column name="Schema" value="Built-In"/>
          <column name="Reject Schema" value="Built-In"/>
          <column name="Specify a data source alias" value="false"/>
          <column name="Data source alias" value="&quot;&quot;"/>
          <column name="Die on error" value="true"/>
          <column name="Mapping" value="id_MSSQL"/>
          <column name="Additional JDBC Parameters" value="&quot;&quot;"/>
          <column name="Encoding" value="&quot;ISO-8859-15&quot;"/>
          <column name="Commit every" value="500000"/>
          <column name="Additional columns" value="[]"/>
          <column name="Use field options" value="false"/>
          <column name="Field options" value="[{UPDATE_KEY=false, DELETE_KEY=false, UPDATABLE=true, INSERTABLE=true, SCHEMA_COLUMN=GeographyKey}, {UPDATE_KEY=false, DELETE_KEY=false, UPDATABLE=true, INSERTABLE=true, SCHEMA_COLUMN=GeographyType}, {UPDATE_KEY=false, DELETE_KEY=false, UPDATABLE=true, INSERTABLE=true, SCHEMA_COLUMN=ContinentName}, {UPDATE_KEY=false, DELETE_KEY=false, UPDATABLE=true, INSERTABLE=true, SCHEMA_COLUMN=ContinentCode}, {UPDATE_KEY=false, DELETE_KEY=false, UPDATABLE=true, INSERTABLE=true, SCHEMA_COLUMN=Country}, {UPDATE_KEY=false, DELETE_KEY=false, UPDATABLE=true, INSERTABLE=true, SCHEMA_COLUMN=Country_name}, {UPDATE_KEY=false, DELETE_KEY=false, UPDATABLE=true, INSERTABLE=true, SCHEMA_COLUMN=RegionCountryName}, {UPDATE_KEY=false, DELETE_KEY=false, UPDATABLE=true, INSERTABLE=true, SCHEMA_COLUMN=ISO_3166_numeric}, {UPDATE_KEY=false, DELETE_KEY=false, UPDATABLE=true, INSERTABLE=true, SCHEMA_COLUMN=ISO_3166_alpha_2}, {UPDATE_KEY=false, DELETE_KEY=false, UPDATABLE=true, INSERTABLE=true, SCHEMA_COLUMN=ISO_3166_alpha_3}, {UPDATE_KEY=false, DELETE_KEY=false, UPDATABLE=true, INSERTABLE=true, SCHEMA_COLUMN=Region}, {UPDATE_KEY=false, DELETE_KEY=false, UPDATABLE=true, INSERTABLE=true, SCHEMA_COLUMN=Subdiv_name}, {UPDATE_KEY=false, DELETE_KEY=false, UPDATABLE=true, INSERTABLE=true, SCHEMA_COLUMN=ISO_3166_2_subdiv}, {UPDATE_KEY=false, DELETE_KEY=false, UPDATABLE=true, INSERTABLE=true, SCHEMA_COLUMN=Subdiv_code}, {UPDATE_KEY=false, DELETE_KEY=false, UPDATABLE=true, INSERTABLE=true, SCHEMA_COLUMN=StateProvinceName}, {UPDATE_KEY=false, DELETE_KEY=false, UPDATABLE=true, INSERTABLE=true, SCHEMA_COLUMN=StateProvinceCode}, {UPDATE_KEY=false, DELETE_KEY=false, UPDATABLE=true, INSERTABLE=true, SCHEMA_COLUMN=City}, {UPDATE_KEY=false, DELETE_KEY=false, UPDATABLE=true, INSERTABLE=true, SCHEMA_COLUMN=CityName}, {UPDATE_KEY=false, DELETE_KEY=false, UPDATABLE=true, INSERTABLE=true, SCHEMA_COLUMN=Latitude}, {UPDATE_KEY=false, DELETE_KEY=false, UPDATABLE=true, INSERTABLE=true, SCHEMA_COLUMN=Longitude}, {UPDATE_KEY=false, DELETE_KEY=false, UPDATABLE=true, INSERTABLE=true, SCHEMA_COLUMN=Latitude_Geometry}, {UPDATE_KEY=false, DELETE_KEY=false, UPDATABLE=true, INSERTABLE=true, SCHEMA_COLUMN=Longitude_Geometry}, {UPDATE_KEY=false, DELETE_KEY=false, UPDATABLE=true, INSERTABLE=true, SCHEMA_COLUMN=SOR_ID}, {UPDATE_KEY=false, DELETE_KEY=false, UPDATABLE=true, INSERTABLE=true, SCHEMA_COLUMN=SOR_LoadDate}, {UPDATE_KEY=false, DELETE_KEY=false, UPDATABLE=true, INSERTABLE=true, SCHEMA_COLUMN=SOR_UpdateDate}, {UPDATE_KEY=false, DELETE_KEY=false, UPDATABLE=true, INSERTABLE=true, SCHEMA_COLUMN=DI_Job_ID}]"/>
          <column name="Ignore date out of range" value="false"/>
          <column name="Enable debug mode" value="false"/>
          <column name="Support null in &quot;SQL WHERE&quot; statement" value="false"/>
          <column name="Use Batch Size" value="true"/>
          <column name="Batch Size" value="1000000"/>
          <column name="Label format" value="__TABLE__"/>
          <column name="Hint format" value="&lt;b&gt;__UNIQUE_NAME__&lt;/b&gt;&lt;br&gt;__COMMENT__"/>
          <column name="Connection format" value="row"/>
          <column name="Show Information" value="false"/>
          <column name="Comment" value=""/>
          <column name="Use an existing validation rule" value="false"/>
          <column name="Validation Rule Type" value=""/>
        </parameters>
        <schemas>
          <schema name="DimGeography">
            <column name="GeographyKey" key="false" type="int" length="10" precision="" nullable="false" comment=""/>
            <column name="GeographyType" key="false" type="String" length="50" precision="" nullable="false" comment=""/>
            <column name="ContinentName" key="false" type="String" length="50" precision="" nullable="false" comment=""/>
            <column name="ContinentCode" key="false" type="String" length="2" precision="" nullable="true" comment=""/>
            <column name="Country" key="false" type="String" length="100" precision="" nullable="true" comment=""/>
            <column name="Country_name" key="false" type="String" length="100" precision="" nullable="true" comment=""/>
            <column name="RegionCountryName" key="false" type="String" length="100" precision="" nullable="true" comment=""/>
            <column name="ISO_3166_numeric" key="false" type="Integer" length="10" precision="" nullable="true" comment=""/>
            <column name="ISO_3166_alpha_2" key="false" type="String" length="2" precision="" nullable="true" comment=""/>
            <column name="ISO_3166_alpha_3" key="false" type="String" length="3" precision="" nullable="true" comment=""/>
            <column name="Region" key="false" type="String" length="100" precision="" nullable="true" comment=""/>
            <column name="Subdiv_name" key="false" type="String" length="100" precision="" nullable="false" comment=""/>
            <column name="ISO_3166_2_subdiv" key="false" type="String" length="10" precision="" nullable="false" comment=""/>
            <column name="Subdiv_code" key="false" type="String" length="10" precision="" nullable="false" comment=""/>
            <column name="StateProvinceName" key="false" type="String" length="100" precision="" nullable="true" comment=""/>
            <column name="StateProvinceCode" key="false" type="String" length="3" precision="" nullable="true" comment=""/>
            <column name="City" key="false" type="String" length="100" precision="" nullable="true" comment=""/>
            <column name="CityName" key="false" type="String" length="100" precision="" nullable="true" comment=""/>
            <column name="Latitude" key="false" type="Float" length="28" precision="10" nullable="true" comment=""/>
            <column name="Longitude" key="false" type="Float" length="28" precision="10" nullable="true" comment=""/>
            <column name="Latitude_Geometry" key="false" type="BigDecimal" length="28" precision="10" nullable="true" comment=""/>
            <column name="Longitude_Geometry" key="false" type="BigDecimal" length="28" precision="10" nullable="true" comment=""/>
            <column name="SOR_ID" key="false" type="int" length="10" precision="" nullable="false" comment=""/>
            <column name="SOR_LoadDate" key="false" type="java.util.Date" length="23" precision="3" nullable="true" comment=""/>
            <column name="SOR_UpdateDate" key="false" type="java.util.Date" length="23" precision="3" nullable="true" comment=""/>
            <column name="DI_Job_ID" key="false" type="String" length="20" precision="" nullable="false" comment=""/>
          </schema>
        </schemas>
      </component>
      <component icon="pictures/tMSSqlOutput_2.png" uniqueName="tMSSqlOutput_2" label="__TABLE__">
        <input link="tMap_2">tMap_2</input>
        <output>none</output>
        <componentType>tMSSqlOutput</componentType>
        <parameters>
          <column name="Unique Name" value="tMSSqlOutput_2"/>
          <column name="Component Name" value="tMSSqlOutput"/>
          <column name="Version" value="0.102 (ALPHA)"/>
          <column name="Family" value="Databases/MS_SQL_Server"/>
          <column name="Startable" value="false"/>
          <column name="SUBTREE_START" value="false"/>
          <column name="END_OF_FLOW" value="true"/>
          <column name="Activate" value="true"/>
          <column name="DUMMY" value="false"/>
          <column name="tStatCatcher Statistics" value="false"/>
          <column name="Help" value="org.talend.help.tMSSqlOutput"/>
          <column name="Update components" value="true"/>
          <column name="IREPORT_PATH" value=""/>
          <column name="JAVA_LIBRARY_PATH" value="C:\Program Files (x86)\Talend-Studio-6.3\studio\configuration\lib\java"/>
          <column name="Subjob color" value=""/>
          <column name="Title color" value=""/>
          <column name="Enable parallel execution" value="true"/>
          <column name="Number of parallel executions" value="2"/>
          <column name="" value="false"/>
          <column name="Property Type" value="repository: DB (MSSQL):SQLServer_Target"/>
          <column name="Use an existing connection" value="false"/>
          <column name="Component List" value=""/>
          <column name="JDBC Provider" value="JTDS"/>
          <column name="Host" value="&quot;localhost&quot;"/>
          <column name="Port" value="&quot;1433&quot;"/>
          <column name="Schema" value="&quot;&quot;"/>
          <column name="Database" value="&quot;retail_dw&quot;"/>
          <column name="Database Driver" value="MSSQL"/>
          <column name="Username" value="&quot;sa&quot;"/>
          <column name="Password" value="************"/>
          <column name="Table" value="&quot;DimGeography&quot;"/>
          <column name="Action on table" value="NONE"/>
          <column name="Turn on Identity insert" value="false"/>
          <column name="Action on data" value="INSERT_OR_UPDATE"/>
          <column name="Specify identity field" value="false"/>
          <column name="Identity field" value="GeographyKey"/>
          <column name="Start value" value="1"/>
          <column name="Step" value="1"/>
          <column name="REPOSITORY_ALLOW_AUTO_SWITCH" value="true"/>
          <column name="Schema" value="Built-In"/>
          <column name="Reject Schema" value="Built-In"/>
          <column name="Specify a data source alias" value="false"/>
          <column name="Data source alias" value="&quot;&quot;"/>
          <column name="Die on error" value="true"/>
          <column name="Mapping" value="id_MSSQL"/>
          <column name="Additional JDBC Parameters" value="&quot;&quot;"/>
          <column name="Encoding" value="&quot;ISO-8859-15&quot;"/>
          <column name="Commit every" value="500000"/>
          <column name="Additional columns" value="[]"/>
          <column name="Use field options" value="false"/>
          <column name="Field options" value="[{UPDATE_KEY=false, DELETE_KEY=false, UPDATABLE=true, INSERTABLE=true, SCHEMA_COLUMN=GeographyKey}, {UPDATE_KEY=false, DELETE_KEY=false, UPDATABLE=true, INSERTABLE=true, SCHEMA_COLUMN=GeographyType}, {UPDATE_KEY=false, DELETE_KEY=false, UPDATABLE=true, INSERTABLE=true, SCHEMA_COLUMN=ContinentName}, {UPDATE_KEY=false, DELETE_KEY=false, UPDATABLE=true, INSERTABLE=true, SCHEMA_COLUMN=ContinentCode}, {UPDATE_KEY=false, DELETE_KEY=false, UPDATABLE=true, INSERTABLE=true, SCHEMA_COLUMN=Country}, {UPDATE_KEY=false, DELETE_KEY=false, UPDATABLE=true, INSERTABLE=true, SCHEMA_COLUMN=Country_name}, {UPDATE_KEY=false, DELETE_KEY=false, UPDATABLE=true, INSERTABLE=true, SCHEMA_COLUMN=RegionCountryName}, {UPDATE_KEY=false, DELETE_KEY=false, UPDATABLE=true, INSERTABLE=true, SCHEMA_COLUMN=ISO_3166_numeric}, {UPDATE_KEY=false, DELETE_KEY=false, UPDATABLE=true, INSERTABLE=true, SCHEMA_COLUMN=ISO_3166_alpha_2}, {UPDATE_KEY=false, DELETE_KEY=false, UPDATABLE=true, INSERTABLE=true, SCHEMA_COLUMN=ISO_3166_alpha_3}, {UPDATE_KEY=false, DELETE_KEY=false, UPDATABLE=true, INSERTABLE=true, SCHEMA_COLUMN=Region}, {UPDATE_KEY=false, DELETE_KEY=false, UPDATABLE=true, INSERTABLE=true, SCHEMA_COLUMN=Subdiv_name}, {UPDATE_KEY=false, DELETE_KEY=false, UPDATABLE=true, INSERTABLE=true, SCHEMA_COLUMN=ISO_3166_2_subdiv}, {UPDATE_KEY=false, DELETE_KEY=false, UPDATABLE=true, INSERTABLE=true, SCHEMA_COLUMN=Subdiv_code}, {UPDATE_KEY=false, DELETE_KEY=false, UPDATABLE=true, INSERTABLE=true, SCHEMA_COLUMN=StateProvinceName}, {UPDATE_KEY=false, DELETE_KEY=false, UPDATABLE=true, INSERTABLE=true, SCHEMA_COLUMN=StateProvinceCode}, {UPDATE_KEY=false, DELETE_KEY=false, UPDATABLE=true, INSERTABLE=true, SCHEMA_COLUMN=City}, {UPDATE_KEY=false, DELETE_KEY=false, UPDATABLE=true, INSERTABLE=true, SCHEMA_COLUMN=CityName}, {UPDATE_KEY=false, DELETE_KEY=false, UPDATABLE=true, INSERTABLE=true, SCHEMA_COLUMN=Latitude}, {UPDATE_KEY=false, DELETE_KEY=false, UPDATABLE=true, INSERTABLE=true, SCHEMA_COLUMN=Longitude}, {UPDATE_KEY=false, DELETE_KEY=false, UPDATABLE=true, INSERTABLE=true, SCHEMA_COLUMN=Latitude_Geometry}, {UPDATE_KEY=false, DELETE_KEY=false, UPDATABLE=true, INSERTABLE=true, SCHEMA_COLUMN=Longitude_Geometry}, {UPDATE_KEY=false, DELETE_KEY=false, UPDATABLE=true, INSERTABLE=true, SCHEMA_COLUMN=SOR_ID}, {UPDATE_KEY=false, DELETE_KEY=false, UPDATABLE=true, INSERTABLE=true, SCHEMA_COLUMN=SOR_LoadDate}, {UPDATE_KEY=false, DELETE_KEY=false, UPDATABLE=true, INSERTABLE=true, SCHEMA_COLUMN=SOR_UpdateDate}, {UPDATE_KEY=false, DELETE_KEY=false, UPDATABLE=true, INSERTABLE=true, SCHEMA_COLUMN=DI_Job_ID}]"/>
          <column name="Ignore date out of range" value="false"/>
          <column name="Enable debug mode" value="false"/>
          <column name="Support null in &quot;SQL WHERE&quot; statement" value="false"/>
          <column name="Use Batch Size" value="true"/>
          <column name="Batch Size" value="10000"/>
          <column name="Label format" value="__TABLE__"/>
          <column name="Hint format" value="&lt;b&gt;__UNIQUE_NAME__&lt;/b&gt;&lt;br&gt;__COMMENT__"/>
          <column name="Connection format" value="row"/>
          <column name="Show Information" value="false"/>
          <column name="Comment" value=""/>
          <column name="Use an existing validation rule" value="false"/>
          <column name="Validation Rule Type" value=""/>
        </parameters>
        <schemas>
          <schema name="DimGeography">
            <column name="GeographyKey" key="true" type="int" length="10" precision="" nullable="false" comment=""/>
            <column name="GeographyType" key="false" type="String" length="50" precision="" nullable="false" comment=""/>
            <column name="ContinentName" key="false" type="String" length="50" precision="" nullable="false" comment=""/>
            <column name="ContinentCode" key="false" type="String" length="2" precision="" nullable="true" comment=""/>
            <column name="Country" key="false" type="String" length="100" precision="" nullable="true" comment=""/>
            <column name="Country_name" key="false" type="String" length="100" precision="" nullable="true" comment=""/>
            <column name="RegionCountryName" key="false" type="String" length="100" precision="" nullable="true" comment=""/>
            <column name="ISO_3166_numeric" key="false" type="Integer" length="10" precision="" nullable="true" comment=""/>
            <column name="ISO_3166_alpha_2" key="false" type="String" length="2" precision="" nullable="true" comment=""/>
            <column name="ISO_3166_alpha_3" key="false" type="String" length="3" precision="" nullable="true" comment=""/>
            <column name="Region" key="false" type="String" length="100" precision="" nullable="true" comment=""/>
            <column name="Subdiv_name" key="false" type="String" length="100" precision="" nullable="false" comment=""/>
            <column name="ISO_3166_2_subdiv" key="false" type="String" length="10" precision="" nullable="false" comment=""/>
            <column name="Subdiv_code" key="false" type="String" length="10" precision="" nullable="false" comment=""/>
            <column name="StateProvinceName" key="false" type="String" length="100" precision="" nullable="true" comment=""/>
            <column name="StateProvinceCode" key="false" type="String" length="3" precision="" nullable="true" comment=""/>
            <column name="City" key="false" type="String" length="100" precision="" nullable="true" comment=""/>
            <column name="CityName" key="false" type="String" length="100" precision="" nullable="true" comment=""/>
            <column name="Latitude" key="false" type="BigDecimal" length="28" precision="10" nullable="true" comment=""/>
            <column name="Longitude" key="false" type="BigDecimal" length="28" precision="10" nullable="true" comment=""/>
            <column name="Latitude_Geometry" key="false" type="BigDecimal" length="28" precision="10" nullable="true" comment=""/>
            <column name="Longitude_Geometry" key="false" type="BigDecimal" length="28" precision="10" nullable="true" comment=""/>
            <column name="SOR_ID" key="false" type="int" length="10" precision="" nullable="false" comment=""/>
            <column name="SOR_LoadDate" key="false" type="java.util.Date" length="23" precision="3" nullable="true" comment=""/>
            <column name="SOR_UpdateDate" key="false" type="java.util.Date" length="23" precision="3" nullable="true" comment=""/>
            <column name="DI_Job_ID" key="false" type="String" length="20" precision="" nullable="false" comment=""/>
          </schema>
        </schemas>
      </component>
      <component icon="pictures/tMSSqlOutput_3.png" uniqueName="tMSSqlOutput_3" label="__TABLE__">
        <input link="tMap_3">tMap_3</input>
        <output>none</output>
        <componentType>tMSSqlOutput</componentType>
        <parameters>
          <column name="Unique Name" value="tMSSqlOutput_3"/>
          <column name="Component Name" value="tMSSqlOutput"/>
          <column name="Version" value="0.102 (ALPHA)"/>
          <column name="Family" value="Databases/MS_SQL_Server"/>
          <column name="Startable" value="false"/>
          <column name="SUBTREE_START" value="false"/>
          <column name="END_OF_FLOW" value="true"/>
          <column name="Activate" value="true"/>
          <column name="DUMMY" value="false"/>
          <column name="tStatCatcher Statistics" value="false"/>
          <column name="Help" value="org.talend.help.tMSSqlOutput"/>
          <column name="Update components" value="true"/>
          <column name="IREPORT_PATH" value=""/>
          <column name="JAVA_LIBRARY_PATH" value="C:\Program Files (x86)\Talend-Studio-6.3\studio\configuration\lib\java"/>
          <column name="Subjob color" value=""/>
          <column name="Title color" value=""/>
          <column name="Enable parallel execution" value="true"/>
          <column name="Number of parallel executions" value="2"/>
          <column name="" value="false"/>
          <column name="Property Type" value="repository: DB (MSSQL):SQLServer_Target"/>
          <column name="Use an existing connection" value="false"/>
          <column name="Component List" value=""/>
          <column name="JDBC Provider" value="JTDS"/>
          <column name="Host" value="&quot;localhost&quot;"/>
          <column name="Port" value="&quot;1433&quot;"/>
          <column name="Schema" value="&quot;&quot;"/>
          <column name="Database" value="&quot;retail_dw&quot;"/>
          <column name="Database Driver" value="MSSQL"/>
          <column name="Username" value="&quot;sa&quot;"/>
          <column name="Password" value="************"/>
          <column name="Table" value="&quot;DimGeography&quot;"/>
          <column name="Action on table" value="NONE"/>
          <column name="Turn on Identity insert" value="false"/>
          <column name="Action on data" value="INSERT_OR_UPDATE"/>
          <column name="Specify identity field" value="false"/>
          <column name="Identity field" value="GeographyKey"/>
          <column name="Start value" value="1"/>
          <column name="Step" value="1"/>
          <column name="REPOSITORY_ALLOW_AUTO_SWITCH" value="true"/>
          <column name="Schema" value="Built-In"/>
          <column name="Reject Schema" value="Built-In"/>
          <column name="Specify a data source alias" value="false"/>
          <column name="Data source alias" value="&quot;&quot;"/>
          <column name="Die on error" value="true"/>
          <column name="Mapping" value="id_MSSQL"/>
          <column name="Additional JDBC Parameters" value="&quot;&quot;"/>
          <column name="Encoding" value="&quot;ISO-8859-15&quot;"/>
          <column name="Commit every" value="500000"/>
          <column name="Additional columns" value="[]"/>
          <column name="Use field options" value="false"/>
          <column name="Field options" value="[{UPDATE_KEY=false, DELETE_KEY=false, UPDATABLE=true, INSERTABLE=true, SCHEMA_COLUMN=GeographyKey}, {UPDATE_KEY=false, DELETE_KEY=false, UPDATABLE=true, INSERTABLE=true, SCHEMA_COLUMN=GeographyType}, {UPDATE_KEY=false, DELETE_KEY=false, UPDATABLE=true, INSERTABLE=true, SCHEMA_COLUMN=ContinentName}, {UPDATE_KEY=false, DELETE_KEY=false, UPDATABLE=true, INSERTABLE=true, SCHEMA_COLUMN=ContinentCode}, {UPDATE_KEY=false, DELETE_KEY=false, UPDATABLE=true, INSERTABLE=true, SCHEMA_COLUMN=Country}, {UPDATE_KEY=false, DELETE_KEY=false, UPDATABLE=true, INSERTABLE=true, SCHEMA_COLUMN=Country_name}, {UPDATE_KEY=false, DELETE_KEY=false, UPDATABLE=true, INSERTABLE=true, SCHEMA_COLUMN=RegionCountryName}, {UPDATE_KEY=false, DELETE_KEY=false, UPDATABLE=true, INSERTABLE=true, SCHEMA_COLUMN=ISO_3166_numeric}, {UPDATE_KEY=false, DELETE_KEY=false, UPDATABLE=true, INSERTABLE=true, SCHEMA_COLUMN=ISO_3166_alpha_2}, {UPDATE_KEY=false, DELETE_KEY=false, UPDATABLE=true, INSERTABLE=true, SCHEMA_COLUMN=ISO_3166_alpha_3}, {UPDATE_KEY=false, DELETE_KEY=false, UPDATABLE=true, INSERTABLE=true, SCHEMA_COLUMN=Region}, {UPDATE_KEY=false, DELETE_KEY=false, UPDATABLE=true, INSERTABLE=true, SCHEMA_COLUMN=Subdiv_name}, {UPDATE_KEY=false, DELETE_KEY=false, UPDATABLE=true, INSERTABLE=true, SCHEMA_COLUMN=ISO_3166_2_subdiv}, {UPDATE_KEY=false, DELETE_KEY=false, UPDATABLE=true, INSERTABLE=true, SCHEMA_COLUMN=Subdiv_code}, {UPDATE_KEY=false, DELETE_KEY=false, UPDATABLE=true, INSERTABLE=true, SCHEMA_COLUMN=StateProvinceName}, {UPDATE_KEY=false, DELETE_KEY=false, UPDATABLE=true, INSERTABLE=true, SCHEMA_COLUMN=StateProvinceCode}, {UPDATE_KEY=false, DELETE_KEY=false, UPDATABLE=true, INSERTABLE=true, SCHEMA_COLUMN=City}, {UPDATE_KEY=false, DELETE_KEY=false, UPDATABLE=true, INSERTABLE=true, SCHEMA_COLUMN=CityName}, {UPDATE_KEY=false, DELETE_KEY=false, UPDATABLE=true, INSERTABLE=true, SCHEMA_COLUMN=Latitude}, {UPDATE_KEY=false, DELETE_KEY=false, UPDATABLE=true, INSERTABLE=true, SCHEMA_COLUMN=Longitude}, {UPDATE_KEY=false, DELETE_KEY=false, UPDATABLE=true, INSERTABLE=true, SCHEMA_COLUMN=Latitude_Geometry}, {UPDATE_KEY=false, DELETE_KEY=false, UPDATABLE=true, INSERTABLE=true, SCHEMA_COLUMN=Longitude_Geometry}, {UPDATE_KEY=false, DELETE_KEY=false, UPDATABLE=true, INSERTABLE=true, SCHEMA_COLUMN=SOR_ID}, {UPDATE_KEY=false, DELETE_KEY=false, UPDATABLE=true, INSERTABLE=true, SCHEMA_COLUMN=SOR_LoadDate}, {UPDATE_KEY=false, DELETE_KEY=false, UPDATABLE=true, INSERTABLE=true, SCHEMA_COLUMN=SOR_UpdateDate}, {UPDATE_KEY=false, DELETE_KEY=false, UPDATABLE=true, INSERTABLE=true, SCHEMA_COLUMN=DI_Job_ID}]"/>
          <column name="Ignore date out of range" value="false"/>
          <column name="Enable debug mode" value="false"/>
          <column name="Support null in &quot;SQL WHERE&quot; statement" value="false"/>
          <column name="Use Batch Size" value="true"/>
          <column name="Batch Size" value="10000"/>
          <column name="Label format" value="__TABLE__"/>
          <column name="Hint format" value="&lt;b&gt;__UNIQUE_NAME__&lt;/b&gt;&lt;br&gt;__COMMENT__"/>
          <column name="Connection format" value="row"/>
          <column name="Show Information" value="false"/>
          <column name="Comment" value=""/>
          <column name="Use an existing validation rule" value="false"/>
          <column name="Validation Rule Type" value=""/>
        </parameters>
        <schemas>
          <schema name="DimGeography">
            <column name="GeographyKey" key="true" type="int" length="10" precision="" nullable="false" comment=""/>
            <column name="GeographyType" key="false" type="String" length="50" precision="" nullable="false" comment=""/>
            <column name="ContinentName" key="false" type="String" length="50" precision="" nullable="false" comment=""/>
            <column name="ContinentCode" key="false" type="String" length="2" precision="" nullable="true" comment=""/>
            <column name="Country" key="false" type="String" length="100" precision="" nullable="true" comment=""/>
            <column name="Country_name" key="false" type="String" length="100" precision="" nullable="true" comment=""/>
            <column name="RegionCountryName" key="false" type="String" length="100" precision="" nullable="true" comment=""/>
            <column name="ISO_3166_numeric" key="false" type="Integer" length="10" precision="" nullable="true" comment=""/>
            <column name="ISO_3166_alpha_2" key="false" type="String" length="2" precision="" nullable="true" comment=""/>
            <column name="ISO_3166_alpha_3" key="false" type="String" length="3" precision="" nullable="true" comment=""/>
            <column name="Region" key="false" type="String" length="100" precision="" nullable="true" comment=""/>
            <column name="Subdiv_name" key="false" type="String" length="100" precision="" nullable="false" comment=""/>
            <column name="ISO_3166_2_subdiv" key="false" type="String" length="10" precision="" nullable="false" comment=""/>
            <column name="Subdiv_code" key="false" type="String" length="10" precision="" nullable="false" comment=""/>
            <column name="StateProvinceName" key="false" type="String" length="100" precision="" nullable="true" comment=""/>
            <column name="StateProvinceCode" key="false" type="String" length="3" precision="" nullable="true" comment=""/>
            <column name="City" key="false" type="String" length="100" precision="" nullable="true" comment=""/>
            <column name="CityName" key="false" type="String" length="100" precision="" nullable="true" comment=""/>
            <column name="Latitude" key="false" type="Double" length="28" precision="10" nullable="true" comment=""/>
            <column name="Longitude" key="false" type="Double" length="28" precision="10" nullable="true" comment=""/>
            <column name="Latitude_Geometry" key="false" type="BigDecimal" length="28" precision="10" nullable="true" comment=""/>
            <column name="Longitude_Geometry" key="false" type="BigDecimal" length="28" precision="10" nullable="true" comment=""/>
            <column name="SOR_ID" key="false" type="int" length="10" precision="" nullable="false" comment=""/>
            <column name="SOR_LoadDate" key="false" type="java.util.Date" length="23" precision="3" nullable="true" comment=""/>
            <column name="SOR_UpdateDate" key="false" type="java.util.Date" length="23" precision="3" nullable="true" comment=""/>
            <column name="DI_Job_ID" key="false" type="String" length="20" precision="" nullable="false" comment=""/>
          </schema>
        </schemas>
      </component>
      <component icon="pictures/tMSSqlOutput_4.png" uniqueName="tMSSqlOutput_4" label="__TABLE__">
        <input link="tMap_4">tMap_4</input>
        <output>none</output>
        <componentType>tMSSqlOutput</componentType>
        <parameters>
          <column name="Unique Name" value="tMSSqlOutput_4"/>
          <column name="Component Name" value="tMSSqlOutput"/>
          <column name="Version" value="0.102 (ALPHA)"/>
          <column name="Family" value="Databases/MS_SQL_Server"/>
          <column name="Startable" value="false"/>
          <column name="SUBTREE_START" value="false"/>
          <column name="END_OF_FLOW" value="true"/>
          <column name="Activate" value="true"/>
          <column name="DUMMY" value="false"/>
          <column name="tStatCatcher Statistics" value="false"/>
          <column name="Help" value="org.talend.help.tMSSqlOutput"/>
          <column name="Update components" value="true"/>
          <column name="IREPORT_PATH" value=""/>
          <column name="JAVA_LIBRARY_PATH" value="C:\Program Files (x86)\Talend-Studio-6.3\studio\configuration\lib\java"/>
          <column name="Subjob color" value=""/>
          <column name="Title color" value=""/>
          <column name="Enable parallel execution" value="true"/>
          <column name="Number of parallel executions" value="2"/>
          <column name="" value="false"/>
          <column name="Property Type" value="repository: DB (MSSQL):SQLServer_Target"/>
          <column name="Use an existing connection" value="false"/>
          <column name="Component List" value=""/>
          <column name="JDBC Provider" value="JTDS"/>
          <column name="Host" value="&quot;localhost&quot;"/>
          <column name="Port" value="&quot;1433&quot;"/>
          <column name="Schema" value="&quot;&quot;"/>
          <column name="Database" value="&quot;retail_dw&quot;"/>
          <column name="Database Driver" value="MSSQL"/>
          <column name="Username" value="&quot;sa&quot;"/>
          <column name="Password" value="************"/>
          <column name="Table" value="&quot;DimGeography&quot;"/>
          <column name="Action on table" value="NONE"/>
          <column name="Turn on Identity insert" value="false"/>
          <column name="Action on data" value="INSERT_OR_UPDATE"/>
          <column name="Specify identity field" value="false"/>
          <column name="Identity field" value="GeographyKey"/>
          <column name="Start value" value="1"/>
          <column name="Step" value="1"/>
          <column name="REPOSITORY_ALLOW_AUTO_SWITCH" value="true"/>
          <column name="Schema" value="Built-In"/>
          <column name="Reject Schema" value="Built-In"/>
          <column name="Specify a data source alias" value="false"/>
          <column name="Data source alias" value="&quot;&quot;"/>
          <column name="Die on error" value="true"/>
          <column name="Mapping" value="id_MSSQL"/>
          <column name="Additional JDBC Parameters" value="&quot;&quot;"/>
          <column name="Encoding" value="&quot;ISO-8859-15&quot;"/>
          <column name="Commit every" value="500000"/>
          <column name="Additional columns" value="[]"/>
          <column name="Use field options" value="false"/>
          <column name="Field options" value="[{UPDATE_KEY=false, DELETE_KEY=false, UPDATABLE=true, INSERTABLE=true, SCHEMA_COLUMN=GeographyKey}, {UPDATE_KEY=false, DELETE_KEY=false, UPDATABLE=true, INSERTABLE=true, SCHEMA_COLUMN=GeographyType}, {UPDATE_KEY=false, DELETE_KEY=false, UPDATABLE=true, INSERTABLE=true, SCHEMA_COLUMN=ContinentName}, {UPDATE_KEY=false, DELETE_KEY=false, UPDATABLE=true, INSERTABLE=true, SCHEMA_COLUMN=ContinentCode}, {UPDATE_KEY=false, DELETE_KEY=false, UPDATABLE=true, INSERTABLE=true, SCHEMA_COLUMN=Country}, {UPDATE_KEY=false, DELETE_KEY=false, UPDATABLE=true, INSERTABLE=true, SCHEMA_COLUMN=Country_name}, {UPDATE_KEY=false, DELETE_KEY=false, UPDATABLE=true, INSERTABLE=true, SCHEMA_COLUMN=RegionCountryName}, {UPDATE_KEY=false, DELETE_KEY=false, UPDATABLE=true, INSERTABLE=true, SCHEMA_COLUMN=ISO_3166_numeric}, {UPDATE_KEY=false, DELETE_KEY=false, UPDATABLE=true, INSERTABLE=true, SCHEMA_COLUMN=ISO_3166_alpha_2}, {UPDATE_KEY=false, DELETE_KEY=false, UPDATABLE=true, INSERTABLE=true, SCHEMA_COLUMN=ISO_3166_alpha_3}, {UPDATE_KEY=false, DELETE_KEY=false, UPDATABLE=true, INSERTABLE=true, SCHEMA_COLUMN=Region}, {UPDATE_KEY=false, DELETE_KEY=false, UPDATABLE=true, INSERTABLE=true, SCHEMA_COLUMN=Subdiv_name}, {UPDATE_KEY=false, DELETE_KEY=false, UPDATABLE=true, INSERTABLE=true, SCHEMA_COLUMN=ISO_3166_2_subdiv}, {UPDATE_KEY=false, DELETE_KEY=false, UPDATABLE=true, INSERTABLE=true, SCHEMA_COLUMN=Subdiv_code}, {UPDATE_KEY=false, DELETE_KEY=false, UPDATABLE=true, INSERTABLE=true, SCHEMA_COLUMN=StateProvinceName}, {UPDATE_KEY=false, DELETE_KEY=false, UPDATABLE=true, INSERTABLE=true, SCHEMA_COLUMN=StateProvinceCode}, {UPDATE_KEY=false, DELETE_KEY=false, UPDATABLE=true, INSERTABLE=true, SCHEMA_COLUMN=City}, {UPDATE_KEY=false, DELETE_KEY=false, UPDATABLE=true, INSERTABLE=true, SCHEMA_COLUMN=CityName}, {UPDATE_KEY=false, DELETE_KEY=false, UPDATABLE=true, INSERTABLE=true, SCHEMA_COLUMN=Latitude}, {UPDATE_KEY=false, DELETE_KEY=false, UPDATABLE=true, INSERTABLE=true, SCHEMA_COLUMN=Longitude}, {UPDATE_KEY=false, DELETE_KEY=false, UPDATABLE=true, INSERTABLE=true, SCHEMA_COLUMN=Latitude_Geometry}, {UPDATE_KEY=false, DELETE_KEY=false, UPDATABLE=true, INSERTABLE=true, SCHEMA_COLUMN=Longitude_Geometry}, {UPDATE_KEY=false, DELETE_KEY=false, UPDATABLE=true, INSERTABLE=true, SCHEMA_COLUMN=SOR_ID}, {UPDATE_KEY=false, DELETE_KEY=false, UPDATABLE=true, INSERTABLE=true, SCHEMA_COLUMN=SOR_LoadDate}, {UPDATE_KEY=false, DELETE_KEY=false, UPDATABLE=true, INSERTABLE=true, SCHEMA_COLUMN=SOR_UpdateDate}, {UPDATE_KEY=false, DELETE_KEY=false, UPDATABLE=true, INSERTABLE=true, SCHEMA_COLUMN=DI_Job_ID}]"/>
          <column name="Ignore date out of range" value="false"/>
          <column name="Enable debug mode" value="false"/>
          <column name="Support null in &quot;SQL WHERE&quot; statement" value="false"/>
          <column name="Use Batch Size" value="true"/>
          <column name="Batch Size" value="10000"/>
          <column name="Label format" value="__TABLE__"/>
          <column name="Hint format" value="&lt;b&gt;__UNIQUE_NAME__&lt;/b&gt;&lt;br&gt;__COMMENT__"/>
          <column name="Connection format" value="row"/>
          <column name="Show Information" value="false"/>
          <column name="Comment" value=""/>
          <column name="Use an existing validation rule" value="false"/>
          <column name="Validation Rule Type" value=""/>
        </parameters>
        <schemas>
          <schema name="DimGeography">
            <column name="GeographyKey" key="true" type="int" length="10" precision="" nullable="false" comment=""/>
            <column name="GeographyType" key="false" type="String" length="50" precision="" nullable="false" comment=""/>
            <column name="ContinentName" key="false" type="String" length="50" precision="" nullable="false" comment=""/>
            <column name="ContinentCode" key="false" type="String" length="2" precision="" nullable="true" comment=""/>
            <column name="Country" key="false" type="String" length="100" precision="" nullable="true" comment=""/>
            <column name="Country_name" key="false" type="String" length="100" precision="" nullable="true" comment=""/>
            <column name="RegionCountryName" key="false" type="String" length="100" precision="" nullable="true" comment=""/>
            <column name="ISO_3166_numeric" key="false" type="Integer" length="10" precision="" nullable="true" comment=""/>
            <column name="ISO_3166_alpha_2" key="false" type="String" length="2" precision="" nullable="true" comment=""/>
            <column name="ISO_3166_alpha_3" key="false" type="String" length="3" precision="" nullable="true" comment=""/>
            <column name="Region" key="false" type="String" length="100" precision="" nullable="true" comment=""/>
            <column name="Subdiv_name" key="false" type="String" length="100" precision="" nullable="false" comment=""/>
            <column name="ISO_3166_2_subdiv" key="false" type="String" length="10" precision="" nullable="false" comment=""/>
            <column name="Subdiv_code" key="false" type="String" length="10" precision="" nullable="false" comment=""/>
            <column name="StateProvinceName" key="false" type="String" length="100" precision="" nullable="true" comment=""/>
            <column name="StateProvinceCode" key="false" type="String" length="3" precision="" nullable="true" comment=""/>
            <column name="City" key="false" type="String" length="100" precision="" nullable="true" comment=""/>
            <column name="CityName" key="false" type="String" length="100" precision="" nullable="true" comment=""/>
            <column name="Latitude" key="false" type="BigDecimal" length="28" precision="10" nullable="true" comment=""/>
            <column name="Longitude" key="false" type="BigDecimal" length="28" precision="10" nullable="true" comment=""/>
            <column name="Latitude_Geometry" key="false" type="BigDecimal" length="28" precision="10" nullable="true" comment=""/>
            <column name="Longitude_Geometry" key="false" type="BigDecimal" length="28" precision="10" nullable="true" comment=""/>
            <column name="SOR_ID" key="false" type="int" length="10" precision="" nullable="false" comment=""/>
            <column name="SOR_LoadDate" key="false" type="java.util.Date" length="23" precision="3" nullable="true" comment=""/>
            <column name="SOR_UpdateDate" key="false" type="java.util.Date" length="23" precision="3" nullable="true" comment=""/>
            <column name="DI_Job_ID" key="false" type="String" length="20" precision="" nullable="false" comment=""/>
          </schema>
        </schemas>
      </component>
      <component icon="pictures/tMysqlInput_1.png" uniqueName="tMysqlInput_1" label="__TABLE__">
        <input>none</input>
        <output link="tMap_1">tMap_1</output>
        <output link="tOracleInput_1">tOracleInput_1</output>
        <componentType>tMysqlInput</componentType>
        <parameters>
          <column name="Unique Name" value="tMysqlInput_1"/>
          <column name="Component Name" value="tMysqlInput"/>
          <column name="Version" value="0.102 (ALPHA)"/>
          <column name="Family" value="Databases/MySQL"/>
          <column name="Start" value="true"/>
          <column name="Startable" value="true"/>
          <column name="SUBTREE_START" value="true"/>
          <column name="END_OF_FLOW" value="false"/>
          <column name="Activate" value="true"/>
          <column name="DUMMY" value="false"/>
          <column name="tStatCatcher Statistics" value="false"/>
          <column name="Help" value="org.talend.help.tMysqlInput"/>
          <column name="Update components" value="true"/>
          <column name="IREPORT_PATH" value=""/>
          <column name="JAVA_LIBRARY_PATH" value="C:\Program Files (x86)\Talend-Studio-6.3\studio\configuration\lib\java"/>
          <column name="Subjob color" value=""/>
          <column name="Title color" value=""/>
          <column name="Enable parallel execution" value="false"/>
          <column name="Number of parallel executions" value="2"/>
          <column name="" value="false"/>
          <column name="Property Type" value="repository: DB (MYSQL):MySQL_SOR"/>
          <column name="DB Version" value="MYSQL_5"/>
          <column name="Use an existing connection" value="false"/>
          <column name="Component List" value=""/>
          <column name="Host" value="&quot;localhost&quot;"/>
          <column name="Port" value="&quot;3306&quot;"/>
          <column name="Database" value="&quot;retail_sor_eu&quot;"/>
          <column name="Database Driver" value="MYSQL"/>
          <column name="Username" value="&quot;root&quot;"/>
          <column name="Password" value="************"/>
          <column name="REPOSITORY_ALLOW_AUTO_SWITCH" value="true"/>
          <column name="Schema" value="Built-In"/>
          <column name="Table Name" value="&quot;dimgeography&quot;"/>
          <column name="Query Type" value="Built-In"/>
          <column name="Guess Schema" value="&quot;&quot;"/>
          <column name="Query" value="&quot;SELECT 
  `dimgeography`.`GeographyKey`, 
  `dimgeography`.`GeographyType`, 
  `dimgeography`.`ContinentName`, 
  `dimgeography`.`ContinentCode`, 
  `dimgeography`.`Country`, 
  `dimgeography`.`Country_name`, 
  `dimgeography`.`RegionCountryName`, 
  `dimgeography`.`ISO_3166_numeric`, 
  `dimgeography`.`ISO_3166_alpha_2`, 
  `dimgeography`.`ISO_3166_alpha_3`, 
  `dimgeography`.`Region`, 
  `dimgeography`.`Subdiv_name`, 
  `dimgeography`.`ISO_3166_2_subdiv`, 
  `dimgeography`.`Subdiv_code`, 
  `dimgeography`.`StateProvinceName`, 
  `dimgeography`.`StateProvinceCode`, 
  `dimgeography`.`City`, 
  `dimgeography`.`CityName`, 
  `dimgeography`.`Latitude`, 
  `dimgeography`.`Longitude`, 
  `dimgeography`.`ETLLoadID`, 
  `dimgeography`.`LoadDate`, 
  `dimgeography`.`UpdateDate`, 
  `dimgeography`.`SOR_ID`
FROM `dimgeography`&quot;"/>
          <column name="Specify a data source alias" value="false"/>
          <column name="Data source alias" value="&quot;&quot;"/>
          <column name="Mapping" value="mysql_id"/>
          <column name="Additional JDBC Parameters" value="&quot;noDatetimeStringSync=true&quot;"/>
          <column name="Encoding" value="&quot;ISO-8859-15&quot;"/>
          <column name="Enable stream" value="true"/>
          <column name="Trim all the String/Char columns" value="true"/>
          <column name="Trim column" value="[{TRIM=false, SCHEMA_COLUMN=GeographyKey}, {TRIM=false, SCHEMA_COLUMN=GeographyType}, {TRIM=false, SCHEMA_COLUMN=ContinentName}, {TRIM=false, SCHEMA_COLUMN=ContinentCode}, {TRIM=false, SCHEMA_COLUMN=Country}, {TRIM=false, SCHEMA_COLUMN=Country_name}, {TRIM=false, SCHEMA_COLUMN=RegionCountryName}, {TRIM=false, SCHEMA_COLUMN=ISO_3166_numeric}, {TRIM=false, SCHEMA_COLUMN=ISO_3166_alpha_2}, {TRIM=false, SCHEMA_COLUMN=ISO_3166_alpha_3}, {TRIM=false, SCHEMA_COLUMN=Region}, {TRIM=false, SCHEMA_COLUMN=Subdiv_name}, {TRIM=false, SCHEMA_COLUMN=ISO_3166_2_subdiv}, {TRIM=false, SCHEMA_COLUMN=Subdiv_code}, {TRIM=false, SCHEMA_COLUMN=StateProvinceName}, {TRIM=false, SCHEMA_COLUMN=StateProvinceCode}, {TRIM=false, SCHEMA_COLUMN=City}, {TRIM=false, SCHEMA_COLUMN=CityName}, {TRIM=false, SCHEMA_COLUMN=Latitude}, {TRIM=false, SCHEMA_COLUMN=Longitude}, {TRIM=false, SCHEMA_COLUMN=ETLLoadID}, {TRIM=false, SCHEMA_COLUMN=LoadDate}, {TRIM=false, SCHEMA_COLUMN=UpdateDate}, {TRIM=false, SCHEMA_COLUMN=SOR_ID}]"/>
          <column name="Label format" value="__TABLE__"/>
          <column name="Hint format" value="&lt;b&gt;__UNIQUE_NAME__&lt;/b&gt;&lt;br&gt;__COMMENT__"/>
          <column name="Connection format" value="row"/>
          <column name="Show Information" value="false"/>
          <column name="Comment" value=""/>
          <column name="Use an existing validation rule" value="false"/>
          <column name="Validation Rule Type" value=""/>
        </parameters>
        <schemas>
          <schema name="dimgeography">
            <column name="GeographyKey" key="true" type="int" length="10" precision="" nullable="false" comment=""/>
            <column name="GeographyType" key="false" type="String" length="50" precision="" nullable="false" comment=""/>
            <column name="ContinentName" key="false" type="String" length="50" precision="" nullable="false" comment=""/>
            <column name="ContinentCode" key="false" type="String" length="2" precision="" nullable="true" comment=""/>
            <column name="Country" key="false" type="String" length="100" precision="" nullable="true" comment=""/>
            <column name="Country_name" key="false" type="String" length="100" precision="" nullable="true" comment=""/>
            <column name="RegionCountryName" key="false" type="String" length="100" precision="" nullable="true" comment=""/>
            <column name="ISO_3166_numeric" key="false" type="Integer" length="10" precision="" nullable="true" comment=""/>
            <column name="ISO_3166_alpha_2" key="false" type="String" length="2" precision="" nullable="true" comment=""/>
            <column name="ISO_3166_alpha_3" key="false" type="String" length="3" precision="" nullable="true" comment=""/>
            <column name="Region" key="false" type="String" length="100" precision="" nullable="true" comment=""/>
            <column name="Subdiv_name" key="false" type="String" length="100" precision="" nullable="false" comment=""/>
            <column name="ISO_3166_2_subdiv" key="false" type="String" length="10" precision="" nullable="false" comment=""/>
            <column name="Subdiv_code" key="false" type="String" length="10" precision="" nullable="false" comment=""/>
            <column name="StateProvinceName" key="false" type="String" length="100" precision="" nullable="true" comment=""/>
            <column name="StateProvinceCode" key="false" type="String" length="3" precision="" nullable="true" comment=""/>
            <column name="City" key="false" type="String" length="100" precision="" nullable="true" comment=""/>
            <column name="CityName" key="false" type="String" length="100" precision="" nullable="true" comment=""/>
            <column name="Latitude" key="false" type="Float" length="28" precision="10" nullable="true" comment=""/>
            <column name="Longitude" key="false" type="Float" length="28" precision="10" nullable="true" comment=""/>
            <column name="ETLLoadID" key="false" type="Integer" length="10" precision="" nullable="true" comment=""/>
            <column name="LoadDate" key="false" type="java.util.Date" length="19" precision="" nullable="true" comment=""/>
            <column name="UpdateDate" key="false" type="java.util.Date" length="19" precision="" nullable="true" comment=""/>
            <column name="SOR_ID" key="false" type="Integer" length="20" precision="" nullable="true" comment=""/>
          </schema>
        </schemas>
      </component>
      <component icon="pictures/tOracleInput_1.png" uniqueName="tOracleInput_1" label="__TABLE__">
        <input link="tMysqlInput_1">tMysqlInput_1</input>
        <output link="tMap_2">tMap_2</output>
        <output link="tPostgresqlInput_1">tPostgresqlInput_1</output>
        <componentType>tOracleInput</componentType>
        <parameters>
          <column name="Unique Name" value="tOracleInput_1"/>
          <column name="Component Name" value="tOracleInput"/>
          <column name="Version" value="0.102 (ALPHA)"/>
          <column name="Family" value="Databases/Oracle"/>
          <column name="Start" value="false"/>
          <column name="Startable" value="true"/>
          <column name="SUBTREE_START" value="true"/>
          <column name="END_OF_FLOW" value="false"/>
          <column name="Activate" value="true"/>
          <column name="DUMMY" value="false"/>
          <column name="tStatCatcher Statistics" value="false"/>
          <column name="Help" value="org.talend.help.tOracleInput"/>
          <column name="Update components" value="true"/>
          <column name="IREPORT_PATH" value=""/>
          <column name="JAVA_LIBRARY_PATH" value="C:\Program Files (x86)\Talend-Studio-6.3\studio\configuration\lib\java"/>
          <column name="Subjob color" value=""/>
          <column name="Title color" value=""/>
          <column name="Enable parallel execution" value="false"/>
          <column name="Number of parallel executions" value="2"/>
          <column name="" value="false"/>
          <column name="Property Type" value="repository: DB (ORACLE_SERVICE_NAME):Oracle_SOR"/>
          <column name="Use an existing connection" value="false"/>
          <column name="Component List" value=""/>
          <column name="Connection Type" value="ORACLE_SERVICE_NAME"/>
          <column name="DB Version" value="ORACLE_12"/>
          <column name="URL" value="&quot;localhost&quot;"/>
          <column name="Host" value="&quot;localhost&quot;"/>
          <column name="Database Driver" value="ORACLE_SERVICE_NAME"/>
          <column name="Port" value="&quot;1521&quot;"/>
          <column name="Database" value="&quot;xe&quot;"/>
          <column name="Local Service Name" value="&quot;xe&quot;"/>
          <column name="Oracle schema" value="&quot;RETAIL_SOR_CAT&quot;"/>
          <column name="Username" value="&quot;system&quot;"/>
          <column name="Password" value="*******"/>
          <column name="URL" value="&quot;jdbc:oracle:oci:/@talend&quot;"/>
          <column name="REPOSITORY_ALLOW_AUTO_SWITCH" value="true"/>
          <column name="Schema" value="Built-In"/>
          <column name="Table Name" value="&quot;DIMGEOGRAPHY&quot;"/>
          <column name="Query Type" value="Built-In"/>
          <column name="Guess Schema" value="&quot;&quot;"/>
          <column name="Query" value="&quot;SELECT 
  RETAIL_SOR_CAT.DIMGEOGRAPHY.GEOGRAPHYKEY, 
  RETAIL_SOR_CAT.DIMGEOGRAPHY.GEOGRAPHYTYPE, 
  RETAIL_SOR_CAT.DIMGEOGRAPHY.CONTINENTNAME, 
  RETAIL_SOR_CAT.DIMGEOGRAPHY.CONTINENTCODE, 
  RETAIL_SOR_CAT.DIMGEOGRAPHY.COUNTRY, 
  RETAIL_SOR_CAT.DIMGEOGRAPHY.COUNTRY_NAME, 
  RETAIL_SOR_CAT.DIMGEOGRAPHY.REGIONCOUNTRYNAME, 
  RETAIL_SOR_CAT.DIMGEOGRAPHY.ISO_3166_NUMERIC, 
  RETAIL_SOR_CAT.DIMGEOGRAPHY.ISO_3166_ALPHA_2, 
  RETAIL_SOR_CAT.DIMGEOGRAPHY.ISO_3166_ALPHA_3, 
  RETAIL_SOR_CAT.DIMGEOGRAPHY.REGION, 
  RETAIL_SOR_CAT.DIMGEOGRAPHY.SUBDIV_NAME, 
  RETAIL_SOR_CAT.DIMGEOGRAPHY.ISO_3166_2_SUBDIV, 
  RETAIL_SOR_CAT.DIMGEOGRAPHY.SUBDIV_CODE, 
  RETAIL_SOR_CAT.DIMGEOGRAPHY.STATEPROVINCENAME, 
  RETAIL_SOR_CAT.DIMGEOGRAPHY.STATEPROVINCECODE, 
  RETAIL_SOR_CAT.DIMGEOGRAPHY.CITY, 
  RETAIL_SOR_CAT.DIMGEOGRAPHY.CITYNAME, 
  RETAIL_SOR_CAT.DIMGEOGRAPHY.LATITUDE, 
  RETAIL_SOR_CAT.DIMGEOGRAPHY.LONGITUDE, 
  RETAIL_SOR_CAT.DIMGEOGRAPHY.ETLLOADID, 
  RETAIL_SOR_CAT.DIMGEOGRAPHY.LOADDATE, 
  RETAIL_SOR_CAT.DIMGEOGRAPHY.UPDATEDATE, 
  RETAIL_SOR_CAT.DIMGEOGRAPHY.SOR_ID
FROM RETAIL_SOR_CAT.DIMGEOGRAPHY&quot;"/>
          <column name="Specify a data source alias" value="false"/>
          <column name="Data source alias" value="&quot;&quot;"/>
          <column name="Mapping" value="oracle_id"/>
          <column name="Additional JDBC Parameters" value="&quot;&quot;"/>
          <column name="Convert XMLType To Java Type.(just when use extract() return a NODE)" value="false"/>
          <column name="" value="[]"/>
          <column name="Encoding" value="&quot;ISO-8859-15&quot;"/>
          <column name="Use cursor" value="false"/>
          <column name="Cursor size" value="1000"/>
          <column name="Trim all the String/Char columns" value="true"/>
          <column name="Trim column" value="[{TRIM=false, SCHEMA_COLUMN=GEOGRAPHYKEY}, {TRIM=false, SCHEMA_COLUMN=GEOGRAPHYTYPE}, {TRIM=false, SCHEMA_COLUMN=CONTINENTNAME}, {TRIM=false, SCHEMA_COLUMN=CONTINENTCODE}, {TRIM=false, SCHEMA_COLUMN=COUNTRY}, {TRIM=false, SCHEMA_COLUMN=COUNTRY_NAME}, {TRIM=false, SCHEMA_COLUMN=REGIONCOUNTRYNAME}, {TRIM=false, SCHEMA_COLUMN=ISO_3166_NUMERIC}, {TRIM=false, SCHEMA_COLUMN=ISO_3166_ALPHA_2}, {TRIM=false, SCHEMA_COLUMN=ISO_3166_ALPHA_3}, {TRIM=false, SCHEMA_COLUMN=REGION}, {TRIM=false, SCHEMA_COLUMN=SUBDIV_NAME}, {TRIM=false, SCHEMA_COLUMN=ISO_3166_2_SUBDIV}, {TRIM=false, SCHEMA_COLUMN=SUBDIV_CODE}, {TRIM=false, SCHEMA_COLUMN=STATEPROVINCENAME}, {TRIM=false, SCHEMA_COLUMN=STATEPROVINCECODE}, {TRIM=false, SCHEMA_COLUMN=CITY}, {TRIM=false, SCHEMA_COLUMN=CITYNAME}, {TRIM=false, SCHEMA_COLUMN=LATITUDE}, {TRIM=false, SCHEMA_COLUMN=LONGITUDE}, {TRIM=false, SCHEMA_COLUMN=ETLLOADID}, {TRIM=false, SCHEMA_COLUMN=LOADDATE}, {TRIM=false, SCHEMA_COLUMN=UPDATEDATE}, {TRIM=false, SCHEMA_COLUMN=SOR_ID}]"/>
          <column name="No null values" value="false"/>
          <column name="Label format" value="__TABLE__"/>
          <column name="Hint format" value="&lt;b&gt;__UNIQUE_NAME__&lt;/b&gt;&lt;br&gt;__COMMENT__"/>
          <column name="Connection format" value="row"/>
          <column name="Show Information" value="false"/>
          <column name="Comment" value=""/>
          <column name="Use an existing validation rule" value="false"/>
          <column name="Validation Rule Type" value=""/>
        </parameters>
        <schemas>
          <schema name="DIMGEOGRAPHY">
            <column name="GEOGRAPHYKEY" key="true" type="int" length="38" precision="" nullable="false" comment=""/>
            <column name="GEOGRAPHYTYPE" key="false" type="String" length="50" precision="" nullable="false" comment=""/>
            <column name="CONTINENTNAME" key="false" type="String" length="50" precision="" nullable="false" comment=""/>
            <column name="CONTINENTCODE" key="false" type="String" length="2" precision="" nullable="true" comment=""/>
            <column name="COUNTRY" key="false" type="String" length="100" precision="" nullable="true" comment=""/>
            <column name="COUNTRY_NAME" key="false" type="String" length="100" precision="" nullable="true" comment=""/>
            <column name="REGIONCOUNTRYNAME" key="false" type="String" length="100" precision="" nullable="true" comment=""/>
            <column name="ISO_3166_NUMERIC" key="false" type="Integer" length="38" precision="" nullable="true" comment=""/>
            <column name="ISO_3166_ALPHA_2" key="false" type="String" length="2" precision="" nullable="true" comment=""/>
            <column name="ISO_3166_ALPHA_3" key="false" type="String" length="3" precision="" nullable="true" comment=""/>
            <column name="REGION" key="false" type="String" length="100" precision="" nullable="true" comment=""/>
            <column name="SUBDIV_NAME" key="false" type="String" length="100" precision="" nullable="false" comment=""/>
            <column name="ISO_3166_2_SUBDIV" key="false" type="String" length="10" precision="" nullable="false" comment=""/>
            <column name="SUBDIV_CODE" key="false" type="String" length="10" precision="" nullable="false" comment=""/>
            <column name="STATEPROVINCENAME" key="false" type="String" length="100" precision="" nullable="true" comment=""/>
            <column name="STATEPROVINCECODE" key="false" type="String" length="3" precision="" nullable="true" comment=""/>
            <column name="CITY" key="false" type="String" length="100" precision="" nullable="true" comment=""/>
            <column name="CITYNAME" key="false" type="String" length="100" precision="" nullable="true" comment=""/>
            <column name="LATITUDE" key="false" type="BigDecimal" length="28" precision="10" nullable="true" comment=""/>
            <column name="LONGITUDE" key="false" type="BigDecimal" length="28" precision="10" nullable="true" comment=""/>
            <column name="ETLLOADID" key="false" type="BigDecimal" length="38" precision="" nullable="true" comment=""/>
            <column name="LOADDATE" key="false" type="java.util.Date" length="11" precision="6" nullable="true" comment=""/>
            <column name="UPDATEDATE" key="false" type="java.util.Date" length="11" precision="6" nullable="true" comment=""/>
            <column name="SOR_ID" key="false" type="Integer" length="20" precision="" nullable="true" comment=""/>
          </schema>
        </schemas>
      </component>
      <component icon="pictures/tPostgresqlInput_1.png" uniqueName="tPostgresqlInput_1" label="__TABLE__">
        <input link="tOracleInput_1">tOracleInput_1</input>
        <output link="tMap_3">tMap_3</output>
        <output link="tMSSqlInput_1">tMSSqlInput_1</output>
        <componentType>tPostgresqlInput</componentType>
        <parameters>
          <column name="Unique Name" value="tPostgresqlInput_1"/>
          <column name="Component Name" value="tPostgresqlInput"/>
          <column name="Version" value="0.102 (ALPHA)"/>
          <column name="Family" value="Databases/PostgreSQL"/>
          <column name="Start" value="false"/>
          <column name="Startable" value="true"/>
          <column name="SUBTREE_START" value="true"/>
          <column name="END_OF_FLOW" value="false"/>
          <column name="Activate" value="true"/>
          <column name="DUMMY" value="false"/>
          <column name="tStatCatcher Statistics" value="false"/>
          <column name="Help" value="org.talend.help.tPostgresqlInput"/>
          <column name="Update components" value="true"/>
          <column name="IREPORT_PATH" value=""/>
          <column name="JAVA_LIBRARY_PATH" value="C:\Program Files (x86)\Talend-Studio-6.3\studio\configuration\lib\java"/>
          <column name="Subjob color" value=""/>
          <column name="Title color" value=""/>
          <column name="Enable parallel execution" value="false"/>
          <column name="Number of parallel executions" value="2"/>
          <column name="" value="false"/>
          <column name="Property Type" value="repository: DB (POSTGRESQL):PostGRES_SOR"/>
          <column name="Use an existing connection" value="false"/>
          <column name="Component List" value=""/>
          <column name="DB Version" value="PRIOR_TO_V9"/>
          <column name="Host" value="&quot;localhost&quot;"/>
          <column name="Database Driver" value="POSTGRESQL"/>
          <column name="Port" value="&quot;5432&quot;"/>
          <column name="Database" value="&quot;retail_sor_as&quot;"/>
          <column name="Schema" value="&quot;&quot;"/>
          <column name="Username" value="&quot;postgres&quot;"/>
          <column name="Password" value="************"/>
          <column name="REPOSITORY_ALLOW_AUTO_SWITCH" value="true"/>
          <column name="Schema" value="Built-In"/>
          <column name="Table Name" value="&quot;dimgeography&quot;"/>
          <column name="Query Type" value="Built-In"/>
          <column name="Guess Schema" value="&quot;&quot;"/>
          <column name="Query" value="&quot;select \&quot;dimgeography\&quot;.\&quot;geographykey\&quot;,\&quot;dimgeography\&quot;.\&quot;geographytype\&quot;,
 \&quot;dimgeography\&quot;.\&quot;continentname\&quot;,\&quot;dimgeography\&quot;.\&quot;continentcode\&quot;,\&quot;dimgeography\&quot;.\&quot;country\&quot;,
 \&quot;dimgeography\&quot;.\&quot;country_name\&quot;,\&quot;dimgeography\&quot;.\&quot;regioncountryname\&quot;,
 \&quot;dimgeography\&quot;.\&quot;iso_3166_numeric\&quot;,\&quot;dimgeography\&quot;.\&quot;iso_3166_alpha_2\&quot;,
 \&quot;dimgeography\&quot;.\&quot;iso_3166_alpha_3\&quot;,\&quot;dimgeography\&quot;.\&quot;region\&quot;,\&quot;dimgeography\&quot;.\&quot;subdiv_name\&quot;,
 \&quot;dimgeography\&quot;.\&quot;iso_3166_2_subdiv\&quot;,\&quot;dimgeography\&quot;.\&quot;subdiv_code\&quot;,
 \&quot;dimgeography\&quot;.\&quot;stateprovincename\&quot;,\&quot;dimgeography\&quot;.\&quot;stateprovincecode\&quot;,
 \&quot;dimgeography\&quot;.\&quot;city\&quot;,\&quot;dimgeography\&quot;.\&quot;cityname\&quot;,\&quot;dimgeography\&quot;.\&quot;latitude\&quot;,
 \&quot;dimgeography\&quot;.\&quot;longitude\&quot;,\&quot;dimgeography\&quot;.\&quot;etlloadid\&quot;,\&quot;dimgeography\&quot;.\&quot;loaddate\&quot;,
 \&quot;dimgeography\&quot;.\&quot;updatedate\&quot;,\&quot;dimgeography\&quot;.\&quot;sor_id\&quot; 
from \&quot;dimgeography\&quot;&quot;"/>
          <column name="Specify a data source alias" value="false"/>
          <column name="Data source alias" value="&quot;&quot;"/>
          <column name="Mapping" value="postgres_id"/>
          <column name="Encoding" value="&quot;ISO-8859-15&quot;"/>
          <column name="Use cursor" value="false"/>
          <column name="Cursor size" value="1000"/>
          <column name="Trim all the String/Char columns" value="true"/>
          <column name="Trim column" value="[{TRIM=false, SCHEMA_COLUMN=geographykey}, {TRIM=false, SCHEMA_COLUMN=geographytype}, {TRIM=false, SCHEMA_COLUMN=continentname}, {TRIM=false, SCHEMA_COLUMN=continentcode}, {TRIM=false, SCHEMA_COLUMN=country}, {TRIM=false, SCHEMA_COLUMN=country_name}, {TRIM=false, SCHEMA_COLUMN=regioncountryname}, {TRIM=false, SCHEMA_COLUMN=iso_3166_numeric}, {TRIM=false, SCHEMA_COLUMN=iso_3166_alpha_2}, {TRIM=false, SCHEMA_COLUMN=iso_3166_alpha_3}, {TRIM=false, SCHEMA_COLUMN=region}, {TRIM=false, SCHEMA_COLUMN=subdiv_name}, {TRIM=false, SCHEMA_COLUMN=iso_3166_2_subdiv}, {TRIM=false, SCHEMA_COLUMN=subdiv_code}, {TRIM=false, SCHEMA_COLUMN=stateprovincename}, {TRIM=false, SCHEMA_COLUMN=stateprovincecode}, {TRIM=false, SCHEMA_COLUMN=city}, {TRIM=false, SCHEMA_COLUMN=cityname}, {TRIM=false, SCHEMA_COLUMN=latitude}, {TRIM=false, SCHEMA_COLUMN=longitude}, {TRIM=false, SCHEMA_COLUMN=etlloadid}, {TRIM=false, SCHEMA_COLUMN=loaddate}, {TRIM=false, SCHEMA_COLUMN=updatedate}, {TRIM=false, SCHEMA_COLUMN=sor_id}]"/>
          <column name="Label format" value="__TABLE__"/>
          <column name="Hint format" value="&lt;b&gt;__UNIQUE_NAME__&lt;/b&gt;&lt;br&gt;__COMMENT__"/>
          <column name="Connection format" value="row"/>
          <column name="Show Information" value="false"/>
          <column name="Comment" value=""/>
          <column name="Use an existing validation rule" value="false"/>
          <column name="Validation Rule Type" value=""/>
        </parameters>
        <schemas>
          <schema name="dimgeography">
            <column name="geographykey" key="true" type="int" length="10" precision="" nullable="false" comment=""/>
            <column name="geographytype" key="false" type="String" length="50" precision="" nullable="false" comment=""/>
            <column name="continentname" key="false" type="String" length="50" precision="" nullable="false" comment=""/>
            <column name="continentcode" key="false" type="String" length="2" precision="" nullable="true" comment=""/>
            <column name="country" key="false" type="String" length="100" precision="" nullable="true" comment=""/>
            <column name="country_name" key="false" type="String" length="100" precision="" nullable="true" comment=""/>
            <column name="regioncountryname" key="false" type="String" length="100" precision="" nullable="true" comment=""/>
            <column name="iso_3166_numeric" key="false" type="Integer" length="10" precision="" nullable="true" comment=""/>
            <column name="iso_3166_alpha_2" key="false" type="String" length="2" precision="" nullable="true" comment=""/>
            <column name="iso_3166_alpha_3" key="false" type="String" length="3" precision="" nullable="true" comment=""/>
            <column name="region" key="false" type="String" length="100" precision="" nullable="true" comment=""/>
            <column name="subdiv_name" key="false" type="String" length="100" precision="" nullable="false" comment=""/>
            <column name="iso_3166_2_subdiv" key="false" type="String" length="10" precision="" nullable="false" comment=""/>
            <column name="subdiv_code" key="false" type="String" length="10" precision="" nullable="false" comment=""/>
            <column name="stateprovincename" key="false" type="String" length="100" precision="" nullable="true" comment=""/>
            <column name="stateprovincecode" key="false" type="String" length="3" precision="" nullable="true" comment=""/>
            <column name="city" key="false" type="String" length="100" precision="" nullable="true" comment=""/>
            <column name="cityname" key="false" type="String" length="100" precision="" nullable="true" comment=""/>
            <column name="latitude" key="false" type="Double" length="28" precision="10" nullable="true" comment=""/>
            <column name="longitude" key="false" type="Double" length="28" precision="10" nullable="true" comment=""/>
            <column name="etlloadid" key="false" type="Integer" length="10" precision="" nullable="true" comment=""/>
            <column name="loaddate" key="false" type="java.util.Date" length="26" precision="3" nullable="true" comment=""/>
            <column name="updatedate" key="false" type="java.util.Date" length="26" precision="3" nullable="true" comment=""/>
            <column name="sor_id" key="false" type="Integer" length="2147483647" precision="" nullable="true" comment=""/>
          </schema>
        </schemas>
      </component>
    </internalNodeComponents>
    <externalNodeComponents>
      <component icon="pictures/CNTL_Job_Tracking_Stats_CHILD_1.png" uniqueName="CNTL_Job_Tracking_Stats_CHILD_1" label="CNTL_Job_Tracking_Stats_CHILD">
        <input>none</input>
        <output>none</output>
        <componentType>CNTL_Job_Tracking_Stats_CHILD</componentType>
        <parameters>
          <column name="Version">Latest</column>
          <column name="Show Information">false</column>
          <column name="Comment"></column>
        </parameters>
        <!--CNTL_Job_Tracking_Stats_CHILD_1-->
      </component>
      <component icon="pictures/tMap_1.png" uniqueName="tMap_1" label="__UNIQUE_NAME__">
        <input link="tMysqlInput_1">tMysqlInput_1</input>
        <output link="tMSSqlOutput_1">tMSSqlOutput_1</output>
        <componentType>tMap</componentType>
        <!--tMap_1-->
      </component>
      <component icon="pictures/tMap_2.png" uniqueName="tMap_2" label="__UNIQUE_NAME__">
        <input link="tOracleInput_1">tOracleInput_1</input>
        <output link="tMSSqlOutput_2">tMSSqlOutput_2</output>
        <componentType>tMap</componentType>
        <!--tMap_2-->
      </component>
      <component icon="pictures/tMap_3.png" uniqueName="tMap_3" label="__UNIQUE_NAME__">
        <input link="tPostgresqlInput_1">tPostgresqlInput_1</input>
        <output link="tMSSqlOutput_3">tMSSqlOutput_3</output>
        <componentType>tMap</componentType>
        <!--tMap_3-->
      </component>
      <component icon="pictures/tMap_4.png" uniqueName="tMap_4" label="__UNIQUE_NAME__">
        <input link="tMSSqlInput_1">tMSSqlInput_1</input>
        <output link="tMSSqlOutput_4">tMSSqlOutput_4</output>
        <componentType>tMap</componentType>
        <!--tMap_4-->
      </component>
    </externalNodeComponents>
    <connections>
      <connection label="MySQL" lineStyle="0" metaname="tMysqlInput_1" offsetLabelX="0" offsetLabelY="0" source="tMysqlInput_1" target="tMap_1"/>
      <connection label="OnSubjobOk" lineStyle="1" metaname="tMysqlInput_1" offsetLabelX="0" offsetLabelY="0" source="tMysqlInput_1" target="tOracleInput_1"/>
      <connection label="op1" lineStyle="0" metaname="op1" offsetLabelX="0" offsetLabelY="0" source="tMap_1" target="tMSSqlOutput_1"/>
      <connection label="Oracle" lineStyle="0" metaname="tOracleInput_1" offsetLabelX="0" offsetLabelY="0" source="tOracleInput_1" target="tMap_2"/>
      <connection label="OnSubjobOk" lineStyle="1" metaname="tOracleInput_1" offsetLabelX="0" offsetLabelY="0" source="tOracleInput_1" target="tPostgresqlInput_1"/>
      <connection label="op2" lineStyle="0" metaname="op2" offsetLabelX="0" offsetLabelY="0" source="tMap_2" target="tMSSqlOutput_2"/>
      <connection label="PostGRES" lineStyle="0" metaname="tPostgresqlInput_1" offsetLabelX="0" offsetLabelY="0" source="tPostgresqlInput_1" target="tMap_3"/>
      <connection label="OnSubjobOk" lineStyle="1" metaname="tPostgresqlInput_1" offsetLabelX="0" offsetLabelY="0" source="tPostgresqlInput_1" target="tMSSqlInput_1"/>
      <connection label="op3" lineStyle="0" metaname="op3" offsetLabelX="0" offsetLabelY="0" source="tMap_3" target="tMSSqlOutput_3"/>
      <connection label="SQLServer" lineStyle="0" metaname="tMSSqlInput_1" offsetLabelX="0" offsetLabelY="0" source="tMSSqlInput_1" target="tMap_4"/>
      <connection label="op4" lineStyle="0" metaname="op4" offsetLabelX="0" offsetLabelY="0" source="tMap_4" target="tMSSqlOutput_4"/>
    </connections>
  </job>
</project>
