<?xml version="1.1" encoding="UTF-8"?>

<project i18n.job.generated.documetation="Generated documentation" i18n.job.project.name="Project Name" i18n.job.generated.date="GENERATION DATE" i18n.job.author="AUTHOR" i18n.job.summary="Summary" i18n.job.project.description="Project Description" i18n.job.job.description="Description" i18n.job.job.preview.picture="Preview Picture" i18n.job.job.setting="Settings" i18n.job.context.list="Context List" i18n.job.component.list="Component List" i18n.job.components.description="Components Description" i18n.job.source.code="Source Code" i18n.job.properties="Properties" i18n.job.values="Values" i18n.job.name="Name" i18n.job.language="Language" i18n.job.description="Description" i18n.job.author.min="Author" i18n.job.version="Version" i18n.job.purpose="Purpose" i18n.job.status="Status" i18n.job.creation="Creation" i18n.job.modification="Modification" i18n.job.extract.settings="Extra settings" i18n.job.value="Value" i18n.job.stats.logs="Status &amp; Logs" i18n.job.context="Context" i18n.job.promt="Prompt" i18n.job.need.promt="Need Prompt?" i18n.job.type="Type" i18n.job.source="Source" i18n.job.component.name="Component Name" i18n.job.component.type="Component Type" i18n.job.component="Component" i18n.job.unique.name="UNIQUE NAME" i18n.job.input="INPUT(S)" i18n.job.label="LABEL" i18n.job.output="OUTPUT(S)" i18n.job.component.parameters="Component Parameters:" i18n.job.schema.for="Schema for " i18n.job.column="Column" i18n.job.key="Key" i18n.job.length="Length" i18n.job.precision="Precision" i18n.job.nullable="Nullable" i18n.job.comment="Comment" i18n.job.original.function.parameters="Original Function Parameters:" i18n.job.ended="ended" i18n.job.content="content" i18n.route.manifest.type="Type" i18n.route.manifest.value="Value" i18n.route.resource.name="Name" i18n.route.resource.version="Version" i18n.route.resource.path="Path" name="Final_Project" logo="pictures/logo.jpg" title="Generated by Talend Data Fabric" link="http://www.talend.com" language="java" generatedDate="Apr 30, 2017 12:31:07 AM" versionName="Talend Data Fabric VERSION " version="6.3.1.20161216_1026" docType="Jobs" company="">
  <pro-description><![CDATA[]]></pro-description>
  <job name="Fact_StrategyPlan" author="user@talend.com" i18n.job.extract.settings.type="i18n.job.extract.settings" i18n.job.stats.logs.type="i18n.job.stats.logs" version="0.1" purpose="" status="" creation="Apr 26, 2017 7:26:57 AM" modification="Apr 29, 2017 10:47:46 PM">
    <description><![CDATA[<br/>]]></description>
    <preview picture="pictures/Fact_StrategyPlan_0.1.png"/>
    <contextList>
      <context name="Default"/>
    </contextList>
    <jobSetting>
      <extra>
        <jobParameter name="COMP_DEFAULT_FILE_DIR" value=""/>
        <jobParameter name="Multi thread execution" value="true"/>
        <jobParameter name="Implicit tContextLoad" value="false"/>
      </extra>
      <Statslogs>
        <jobParameter name="Use statistics (tStatCatcher)" value="false"/>
        <jobParameter name="Use logs (tLogCatcher)" value="false"/>
        <jobParameter name="Use volumetrics (tFlowMeterCatcher)" value="false"/>
        <jobParameter name="On Console" value="false"/>
        <jobParameter name="On Files" value="false"/>
        <jobParameter name="On Databases" value="false"/>
        <jobParameter name="Catch components statistics" value="false"/>
        <jobParameter name="Catch runtime errors" value="true"/>
        <jobParameter name="Catch user errors" value="true"/>
        <jobParameter name="Catch user warnings" value="true"/>
      </Statslogs>
    </jobSetting>
    <componentList>
      <componentItem name="tMSSqlRow_1" link="tMSSqlRow_1" type="tMSSqlRow" leftTopX="128" leftTopY="224" rightBottomX="160" rightBottomY="256"/>
      <componentItem name="tRunJob_1" link="tRunJob_1" type="tRunJob" leftTopX="384" leftTopY="224" rightBottomX="416" rightBottomY="256"/>
      <componentItem name="tRunJob_2" link="tRunJob_2" type="tRunJob" leftTopX="864" leftTopY="64" rightBottomX="896" rightBottomY="96"/>
    </componentList>
    <internalNodeComponents>
      <component icon="pictures/tMSSqlRow_1.png" uniqueName="tMSSqlRow_1" label="__UNIQUE_NAME__">
        <input>none</input>
        <output link="tRunJob_1">tRunJob_1</output>
        <componentType>tMSSqlRow</componentType>
        <parameters>
          <column name="Unique Name" value="tMSSqlRow_1"/>
          <column name="Component Name" value="tMSSqlRow"/>
          <column name="Version" value="0.102 (ALPHA)"/>
          <column name="Family" value="Databases/MS_SQL_Server"/>
          <column name="Start" value="true"/>
          <column name="Startable" value="true"/>
          <column name="SUBTREE_START" value="true"/>
          <column name="END_OF_FLOW" value="true"/>
          <column name="Activate" value="true"/>
          <column name="DUMMY" value="false"/>
          <column name="tStatCatcher Statistics" value="false"/>
          <column name="Help" value="org.talend.help.tMSSqlRow"/>
          <column name="Update components" value="true"/>
          <column name="IREPORT_PATH" value=""/>
          <column name="JAVA_LIBRARY_PATH" value="C:\Program Files (x86)\Talend-Studio-6.3\studio\configuration\lib\java"/>
          <column name="Subjob color" value=""/>
          <column name="Title color" value=""/>
          <column name="Enable parallel execution" value="false"/>
          <column name="Number of parallel executions" value="2"/>
          <column name="" value="false"/>
          <column name="Use an existing connection" value="false"/>
          <column name="Component List" value=""/>
          <column name="Property Type" value="repository: DB (MSSQL):SQLServer_Target"/>
          <column name="JDBC Provider" value="JTDS"/>
          <column name="Host" value="&quot;localhost&quot;"/>
          <column name="Port" value="&quot;1433&quot;"/>
          <column name="Schema" value="&quot;&quot;"/>
          <column name="Database" value="&quot;retail_dw&quot;"/>
          <column name="Database Driver" value="MSSQL"/>
          <column name="Username" value="&quot;sa&quot;"/>
          <column name="Password" value="************"/>
          <column name="REPOSITORY_ALLOW_AUTO_SWITCH" value="true"/>
          <column name="Schema" value="Built-In"/>
          <column name="Reject Schema" value="Built-In"/>
          <column name="Table Name" value="&quot;&quot;"/>
          <column name="Turn on identity insert" value="false"/>
          <column name="Query Type" value="Built-In"/>
          <column name="Query" value="&quot;truncate table dbo.FactStrategyPlan; truncate table dbo.FactStrategyPlan_Rejects;&quot;"/>
          <column name="Specify a data source alias" value="false"/>
          <column name="Data source alias" value="&quot;&quot;"/>
          <column name="Die on error" value="true"/>
          <column name="Additional JDBC Parameters" value="&quot;&quot;"/>
          <column name="Propagate QUERY's recordset" value="false"/>
          <column name="use column" value=""/>
          <column name="Use PreparedStatement" value="false"/>
          <column name="Set PreparedStatement Parameters" value="[]"/>
          <column name="Encoding" value="&quot;ISO-8859-15&quot;"/>
          <column name="Commit every" value="10000"/>
          <column name="Label format" value="__UNIQUE_NAME__"/>
          <column name="Hint format" value="&lt;b&gt;__UNIQUE_NAME__&lt;/b&gt;&lt;br&gt;__COMMENT__"/>
          <column name="Connection format" value="row"/>
          <column name="Show Information" value="false"/>
          <column name="Comment" value=""/>
          <column name="Use an existing validation rule" value="false"/>
          <column name="Validation Rule Type" value=""/>
        </parameters>
        <schemas>
          <schema name="tMSSqlRow_1"/>
        </schemas>
      </component>
      <component icon="pictures/tRunJob_1.png" uniqueName="tRunJob_1" label="__PROCESS__">
        <input link="tMSSqlRow_1">tMSSqlRow_1</input>
        <output link="tRunJob_2">tRunJob_2</output>
        <componentType>tRunJob</componentType>
        <parameters>
          <column name="Unique Name" value="tRunJob_1"/>
          <column name="Component Name" value="tRunJob"/>
          <column name="Version" value="0.101 (ALPHA)"/>
          <column name="Family" value="System|Orchestration"/>
          <column name="Start" value="false"/>
          <column name="Startable" value="true"/>
          <column name="SUBTREE_START" value="true"/>
          <column name="END_OF_FLOW" value="true"/>
          <column name="Activate" value="true"/>
          <column name="DUMMY" value="false"/>
          <column name="tStatCatcher Statistics" value="false"/>
          <column name="Help" value="org.talend.help.tRunJob"/>
          <column name="Update components" value="true"/>
          <column name="IREPORT_PATH" value=""/>
          <column name="JAVA_LIBRARY_PATH" value="C:\Program Files (x86)\Talend-Studio-6.3\studio\configuration\lib\java"/>
          <column name="Subjob color" value=""/>
          <column name="Title color" value=""/>
          <column name="Enable parallel execution" value="false"/>
          <column name="Number of parallel executions" value="2"/>
          <column name="" value="false"/>
          <column name="REPOSITORY_ALLOW_AUTO_SWITCH" value="true"/>
          <column name="Schema" value="Built-In"/>
          <column name="Use dynamic job" value="false"/>
          <column name="Context job" value=""/>
          <column name="Job" value="FactStrategyPlan_SQLServer"/>
          <column name="Context" value="Default"/>
          <column name="Use an independent process to run subjob" value="false"/>
          <column name="Die on child error" value="true"/>
          <column name="Transmit whole context" value="false"/>
          <column name="Context Param" value="[]"/>
          <column name="Propagate the child result to the output schema" value="false"/>
          <column name="Print Parameters" value="false"/>
          <column name="Transmit original context value(if uncheck, there will convert context value to string type before transmiting.)" value="true"/>
          <column name="Label format" value="__PROCESS__"/>
          <column name="Hint format" value="&lt;b&gt;__UNIQUE_NAME__&lt;/b&gt;&lt;br&gt;__COMMENT__"/>
          <column name="Connection format" value="row"/>
          <column name="Show Information" value="false"/>
          <column name="Comment" value=""/>
          <column name="Use an existing validation rule" value="false"/>
          <column name="Validation Rule Type" value=""/>
        </parameters>
        <schemas>
          <schema name="tRunJob_1"/>
        </schemas>
      </component>
      <component icon="pictures/tRunJob_2.png" uniqueName="tRunJob_2" label="__PROCESS__">
        <input link="tRunJob_1">tRunJob_1</input>
        <output link="tRunJob_4">tRunJob_4</output>
        <componentType>tRunJob</componentType>
        <parameters>
          <column name="Unique Name" value="tRunJob_2"/>
          <column name="Component Name" value="tRunJob"/>
          <column name="Version" value="0.101 (ALPHA)"/>
          <column name="Family" value="System|Orchestration"/>
          <column name="Start" value="false"/>
          <column name="Startable" value="true"/>
          <column name="SUBTREE_START" value="true"/>
          <column name="END_OF_FLOW" value="true"/>
          <column name="Activate" value="true"/>
          <column name="DUMMY" value="false"/>
          <column name="tStatCatcher Statistics" value="false"/>
          <column name="Help" value="org.talend.help.tRunJob"/>
          <column name="Update components" value="true"/>
          <column name="IREPORT_PATH" value=""/>
          <column name="JAVA_LIBRARY_PATH" value="C:\Program Files (x86)\Talend-Studio-6.3\studio\configuration\lib\java"/>
          <column name="Subjob color" value=""/>
          <column name="Title color" value=""/>
          <column name="Enable parallel execution" value="false"/>
          <column name="Number of parallel executions" value="2"/>
          <column name="" value="false"/>
          <column name="REPOSITORY_ALLOW_AUTO_SWITCH" value="true"/>
          <column name="Schema" value="Built-In"/>
          <column name="Use dynamic job" value="false"/>
          <column name="Context job" value=""/>
          <column name="Job" value="FactStrategyPlan_MySQL"/>
          <column name="Context" value="Default"/>
          <column name="Use an independent process to run subjob" value="false"/>
          <column name="Die on child error" value="true"/>
          <column name="Transmit whole context" value="false"/>
          <column name="Context Param" value="[]"/>
          <column name="Propagate the child result to the output schema" value="false"/>
          <column name="Print Parameters" value="false"/>
          <column name="Transmit original context value(if uncheck, there will convert context value to string type before transmiting.)" value="true"/>
          <column name="Label format" value="__PROCESS__"/>
          <column name="Hint format" value="&lt;b&gt;__UNIQUE_NAME__&lt;/b&gt;&lt;br&gt;__COMMENT__"/>
          <column name="Connection format" value="row"/>
          <column name="Show Information" value="false"/>
          <column name="Comment" value=""/>
          <column name="Use an existing validation rule" value="false"/>
          <column name="Validation Rule Type" value=""/>
        </parameters>
        <schemas>
          <schema name="tRunJob_2"/>
        </schemas>
      </component>
    </internalNodeComponents>
    <externalNodeComponents/>
    <connections>
      <connection label="OnSubjobOk" lineStyle="1" metaname="tMSSqlRow_1" offsetLabelX="0" offsetLabelY="0" source="tMSSqlRow_1" target="tRunJob_1"/>
      <connection label="OnSubjobOk" lineStyle="1" metaname="tRunJob_1" offsetLabelX="0" offsetLabelY="0" source="tRunJob_1" target="tRunJob_2"/>
      <connection label="OnSubjobOk" lineStyle="1" metaname="tRunJob_2" offsetLabelX="0" offsetLabelY="0" source="tRunJob_2" target="tRunJob_4"/>
    </connections>
  </job>
</project>
