<?xml version="1.1" encoding="UTF-8"?>

<project i18n.job.generated.documetation="Generated documentation" i18n.job.project.name="Project Name" i18n.job.generated.date="GENERATION DATE" i18n.job.author="AUTHOR" i18n.job.summary="Summary" i18n.job.project.description="Project Description" i18n.job.job.description="Description" i18n.job.job.preview.picture="Preview Picture" i18n.job.job.setting="Settings" i18n.job.context.list="Context List" i18n.job.component.list="Component List" i18n.job.components.description="Components Description" i18n.job.source.code="Source Code" i18n.job.properties="Properties" i18n.job.values="Values" i18n.job.name="Name" i18n.job.language="Language" i18n.job.description="Description" i18n.job.author.min="Author" i18n.job.version="Version" i18n.job.purpose="Purpose" i18n.job.status="Status" i18n.job.creation="Creation" i18n.job.modification="Modification" i18n.job.extract.settings="Extra settings" i18n.job.value="Value" i18n.job.stats.logs="Status &amp; Logs" i18n.job.context="Context" i18n.job.promt="Prompt" i18n.job.need.promt="Need Prompt?" i18n.job.type="Type" i18n.job.source="Source" i18n.job.component.name="Component Name" i18n.job.component.type="Component Type" i18n.job.component="Component" i18n.job.unique.name="UNIQUE NAME" i18n.job.input="INPUT(S)" i18n.job.label="LABEL" i18n.job.output="OUTPUT(S)" i18n.job.component.parameters="Component Parameters:" i18n.job.schema.for="Schema for " i18n.job.column="Column" i18n.job.key="Key" i18n.job.length="Length" i18n.job.precision="Precision" i18n.job.nullable="Nullable" i18n.job.comment="Comment" i18n.job.original.function.parameters="Original Function Parameters:" i18n.job.ended="ended" i18n.job.content="content" i18n.route.manifest.type="Type" i18n.route.manifest.value="Value" i18n.route.resource.name="Name" i18n.route.resource.version="Version" i18n.route.resource.path="Path" name="Final_Project" logo="pictures/logo.jpg" title="Generated by Talend Data Fabric" link="http://www.talend.com" language="java" generatedDate="Apr 30, 2017 12:30:17 AM" versionName="Talend Data Fabric VERSION " version="6.3.1.20161216_1026" docType="Jobs" company="">
  <pro-description><![CDATA[]]></pro-description>
  <job name="DimProductCost" author="user@talend.com" i18n.job.extract.settings.type="i18n.job.extract.settings" i18n.job.stats.logs.type="i18n.job.stats.logs" version="0.1" purpose="" status="" creation="Apr 24, 2017 2:59:37 AM" modification="Apr 29, 2017 3:02:39 PM">
    <description><![CDATA[<br/>]]></description>
    <preview picture="pictures/DimProductCost_0.1.png"/>
    <contextList>
      <context name="Default"/>
    </contextList>
    <jobSetting>
      <extra>
        <jobParameter name="COMP_DEFAULT_FILE_DIR" value=""/>
        <jobParameter name="Multi thread execution" value="true"/>
        <jobParameter name="Implicit tContextLoad" value="false"/>
      </extra>
      <Statslogs>
        <jobParameter name="Use statistics (tStatCatcher)" value="false"/>
        <jobParameter name="Use logs (tLogCatcher)" value="false"/>
        <jobParameter name="Use volumetrics (tFlowMeterCatcher)" value="false"/>
        <jobParameter name="On Console" value="false"/>
        <jobParameter name="On Files" value="false"/>
        <jobParameter name="On Databases" value="false"/>
        <jobParameter name="Catch components statistics" value="false"/>
        <jobParameter name="Catch runtime errors" value="true"/>
        <jobParameter name="Catch user errors" value="true"/>
        <jobParameter name="Catch user warnings" value="true"/>
      </Statslogs>
    </jobSetting>
    <componentList>
      <componentItem name="CNTL_Job_Tracking_Stats_CHILD_1" link="CNTL_Job_Tracking_Stats_CHILD_1" type="CNTL_Job_Tracking_Stats_CHILD" leftTopX="128" leftTopY="64" rightBottomX="160" rightBottomY="96"/>
      <componentItem name="tMSSqlInput_1" link="tMSSqlInput_1" type="tMSSqlInput" leftTopX="384" leftTopY="64" rightBottomX="416" rightBottomY="96"/>
      <componentItem name="tMSSqlInput_2" link="tMSSqlInput_2" type="tMSSqlInput" leftTopX="448" leftTopY="160" rightBottomX="480" rightBottomY="192"/>
      <componentItem name="tMSSqlSCD_1" link="tMSSqlSCD_1" type="tMSSqlSCD" leftTopX="928" leftTopY="64" rightBottomX="960" rightBottomY="96"/>
      <componentItem name="tMap_1" link="tMap_1" type="tMap" leftTopX="672" leftTopY="64" rightBottomX="704" rightBottomY="96"/>
    </componentList>
    <internalNodeComponents>
      <component icon="pictures/tMSSqlInput_1.png" uniqueName="tMSSqlInput_1" label="__TABLE__">
        <input>none</input>
        <output link="tMap_1">tMap_1</output>
        <componentType>tMSSqlInput</componentType>
        <parameters>
          <column name="Unique Name" value="tMSSqlInput_1"/>
          <column name="Component Name" value="tMSSqlInput"/>
          <column name="Version" value="0.102 (ALPHA)"/>
          <column name="Family" value="Databases/MS_SQL_Server"/>
          <column name="Start" value="true"/>
          <column name="Startable" value="true"/>
          <column name="SUBTREE_START" value="true"/>
          <column name="END_OF_FLOW" value="false"/>
          <column name="Activate" value="true"/>
          <column name="DUMMY" value="false"/>
          <column name="tStatCatcher Statistics" value="false"/>
          <column name="Help" value="org.talend.help.tMSSqlInput"/>
          <column name="Update components" value="true"/>
          <column name="IREPORT_PATH" value=""/>
          <column name="JAVA_LIBRARY_PATH" value="C:\Program Files (x86)\Talend-Studio-6.3\studio\configuration\lib\java"/>
          <column name="Subjob color" value=""/>
          <column name="Title color" value=""/>
          <column name="Enable parallel execution" value="false"/>
          <column name="Number of parallel executions" value="2"/>
          <column name="" value="false"/>
          <column name="Use an existing connection" value="false"/>
          <column name="Component List" value=""/>
          <column name="Property Type" value="repository: DB (MSSQL):SQLServer_Stage"/>
          <column name="Host" value="&quot;localhost&quot;"/>
          <column name="JDBC Provider" value="JTDS"/>
          <column name="Database Driver" value="MSSQL"/>
          <column name="Port" value="&quot;1433&quot;"/>
          <column name="Schema" value="&quot;&quot;"/>
          <column name="Database" value="&quot;retail_stage&quot;"/>
          <column name="Username" value="&quot;sa&quot;"/>
          <column name="Password" value="************"/>
          <column name="REPOSITORY_ALLOW_AUTO_SWITCH" value="true"/>
          <column name="Schema" value="repository: DB (MSSQL):SQLServer_Stage - Cost_Combined_All"/>
          <column name="Table Name" value="&quot;Cost_Combined_All&quot;"/>
          <column name="Query Type" value="Built-In"/>
          <column name="Guess Schema" value="&quot;&quot;"/>
          <column name="Query" value="&quot;SELECT Cost_Combined_All.Product_Label,
		Cost_Combined_All.CurrencyKey,
		Cost_Combined_All.UnitCost,
		Cost_Combined_All.SCD_EffectiveDate,
		Cost_Combined_All.step,
		Cost_Combined_All.ImportDate
FROM	Cost_Combined_All&quot;"/>
          <column name="Specify a data source alias" value="false"/>
          <column name="Data source alias" value="&quot;&quot;"/>
          <column name="Mapping" value="id_MSSQL"/>
          <column name="Additional JDBC Parameters" value="&quot;&quot;"/>
          <column name="Encoding" value="&quot;ISO-8859-15&quot;"/>
          <column name="Trim all the String/Char columns" value="true"/>
          <column name="Trim column" value="[{TRIM=false, SCHEMA_COLUMN=Product_Label}, {TRIM=false, SCHEMA_COLUMN=CurrencyKey}, {TRIM=false, SCHEMA_COLUMN=UnitCost}, {TRIM=false, SCHEMA_COLUMN=SCD_EffectiveDate}, {TRIM=false, SCHEMA_COLUMN=step}, {TRIM=false, SCHEMA_COLUMN=ImportDate}]"/>
          <column name="Label format" value="__TABLE__"/>
          <column name="Hint format" value="&lt;b&gt;__UNIQUE_NAME__&lt;/b&gt;&lt;br&gt;__COMMENT__"/>
          <column name="Connection format" value="row"/>
          <column name="Show Information" value="false"/>
          <column name="Comment" value=""/>
          <column name="Use an existing validation rule" value="false"/>
          <column name="Validation Rule Type" value=""/>
        </parameters>
        <schemas>
          <schema name="Cost_Combined_All">
            <column name="Product_Label" key="false" type="String" length="24" precision="" nullable="true" comment=""/>
            <column name="CurrencyKey" key="false" type="Integer" length="10" precision="" nullable="true" comment=""/>
            <column name="UnitCost" key="false" type="Float" length="24" precision="" nullable="true" comment=""/>
            <column name="SCD_EffectiveDate" key="false" type="java.util.Date" length="23" precision="3" nullable="true" comment=""/>
            <column name="step" key="false" type="Integer" length="10" precision="" nullable="true" comment=""/>
            <column name="ImportDate" key="false" type="java.util.Date" length="23" precision="3" nullable="true" comment=""/>
          </schema>
        </schemas>
      </component>
      <component icon="pictures/tMSSqlInput_2.png" uniqueName="tMSSqlInput_2" label="__TABLE__">
        <input>none</input>
        <output link="tMap_1">tMap_1</output>
        <componentType>tMSSqlInput</componentType>
        <parameters>
          <column name="Unique Name" value="tMSSqlInput_2"/>
          <column name="Component Name" value="tMSSqlInput"/>
          <column name="Version" value="0.102 (ALPHA)"/>
          <column name="Family" value="Databases/MS_SQL_Server"/>
          <column name="Start" value="false"/>
          <column name="Startable" value="true"/>
          <column name="SUBTREE_START" value="false"/>
          <column name="END_OF_FLOW" value="false"/>
          <column name="Activate" value="true"/>
          <column name="DUMMY" value="false"/>
          <column name="tStatCatcher Statistics" value="false"/>
          <column name="Help" value="org.talend.help.tMSSqlInput"/>
          <column name="Update components" value="true"/>
          <column name="IREPORT_PATH" value=""/>
          <column name="JAVA_LIBRARY_PATH" value="C:\Program Files (x86)\Talend-Studio-6.3\studio\configuration\lib\java"/>
          <column name="Subjob color" value=""/>
          <column name="Title color" value=""/>
          <column name="Enable parallel execution" value="false"/>
          <column name="Number of parallel executions" value="2"/>
          <column name="" value="false"/>
          <column name="Use an existing connection" value="false"/>
          <column name="Component List" value=""/>
          <column name="Property Type" value="repository: DB (MSSQL):SQLServer_Target"/>
          <column name="Host" value="&quot;localhost&quot;"/>
          <column name="JDBC Provider" value="JTDS"/>
          <column name="Database Driver" value="MSSQL"/>
          <column name="Port" value="&quot;1433&quot;"/>
          <column name="Schema" value="&quot;&quot;"/>
          <column name="Database" value="&quot;retail_dw&quot;"/>
          <column name="Username" value="&quot;sa&quot;"/>
          <column name="Password" value="************"/>
          <column name="REPOSITORY_ALLOW_AUTO_SWITCH" value="true"/>
          <column name="Schema" value="Built-In"/>
          <column name="Table Name" value="&quot;DimProduct&quot;"/>
          <column name="Query Type" value="Built-In"/>
          <column name="Guess Schema" value="&quot;&quot;"/>
          <column name="Query" value="&quot;SELECT DimProduct.ProductSK,
		DimProduct.ProductLabel
FROM	DimProduct&quot;"/>
          <column name="Specify a data source alias" value="false"/>
          <column name="Data source alias" value="&quot;&quot;"/>
          <column name="Mapping" value="id_MSSQL"/>
          <column name="Additional JDBC Parameters" value="&quot;&quot;"/>
          <column name="Encoding" value="&quot;ISO-8859-15&quot;"/>
          <column name="Trim all the String/Char columns" value="true"/>
          <column name="Trim column" value="[{TRIM=false, SCHEMA_COLUMN=ProductSK}, {TRIM=false, SCHEMA_COLUMN=ProductLabel}]"/>
          <column name="Label format" value="__TABLE__"/>
          <column name="Hint format" value="&lt;b&gt;__UNIQUE_NAME__&lt;/b&gt;&lt;br&gt;__COMMENT__"/>
          <column name="Connection format" value="row"/>
          <column name="Show Information" value="false"/>
          <column name="Comment" value=""/>
          <column name="Use an existing validation rule" value="false"/>
          <column name="Validation Rule Type" value=""/>
        </parameters>
        <schemas>
          <schema name="DimProduct">
            <column name="ProductSK" key="true" type="int" length="10" precision="" nullable="false" comment=""/>
            <column name="ProductLabel" key="false" type="String" length="24" precision="" nullable="false" comment=""/>
          </schema>
        </schemas>
      </component>
    </internalNodeComponents>
    <externalNodeComponents>
      <component icon="pictures/CNTL_Job_Tracking_Stats_CHILD_1.png" uniqueName="CNTL_Job_Tracking_Stats_CHILD_1" label="CNTL_Job_Tracking_Stats_CHILD">
        <input>none</input>
        <output>none</output>
        <componentType>CNTL_Job_Tracking_Stats_CHILD</componentType>
        <parameters>
          <column name="Version">Latest</column>
          <column name="Show Information">false</column>
          <column name="Comment"></column>
        </parameters>
        <!--CNTL_Job_Tracking_Stats_CHILD_1-->
      </component>
      <component icon="pictures/tMSSqlSCD_1.png" uniqueName="tMSSqlSCD_1" label="__TABLE__">
        <input link="tMap_1">tMap_1</input>
        <input link="tMSSqlInput_2">tMSSqlInput_2</input>
        <output>none</output>
        <componentType>tMSSqlSCD</componentType>
        <parameters>
          <column name="Activate">true</column>
          <column name="tStatCatcher Statistics">false</column>
          <column name="Enable parallel execution">false</column>
          <column name="Use an existing connection">false</column>
          <column name="JDBC Provider">JTDS</column>
          <column name="Server">"localhost"</column>
          <column name="Port">"1433"</column>
          <column name="Schema">""</column>
          <column name="Database">"retail_dw"</column>
          <column name="Username">"sa"</column>
          <column name="Password">************</column>
          <column name="Table">"DimProductCost"</column>
          <column name="SCD Editor"></column>
          <column name="Use memory saving mode">false</column>
          <column name="Source keys include Null">false</column>
          <column name="Die on error">false</column>
          <column name="Debug mode">false</column>
          <column name="Additional JDBC Parameters">""</column>
          <column name="Show Information">false</column>
          <column name="Comment"></column>
          <column name="Use an existing validation rule">false</column>
        </parameters>
        <schemas>
          <schema name="DimProductCost">
            <column name="ProductSK" key="false" type="int" length="10" precision="" nullable="false" comment=""/>
            <column name="CurrencyKey" key="false" type="int" length="10" precision="" nullable="false" comment=""/>
            <column name="UnitCost" key="false" type="Float" length="15" precision="2" nullable="true" comment=""/>
            <column name="SOR_ID" key="false" type="int" length="10" precision="" nullable="false" comment=""/>
            <column name="SOR_LoadDate" key="false" type="java.util.Date" length="23" precision="3" nullable="true" comment=""/>
            <column name="SOR_UpdateDate" key="false" type="java.util.Date" length="23" precision="3" nullable="true" comment=""/>
            <column name="DI_Job_ID" key="false" type="String" length="20" precision="" nullable="false" comment=""/>
            <column name="EffectiveDate" key="false" type="java.util.Date" length="23" precision="3" nullable="true" comment=""/>
            <column name="SCD_EffectiveDate" key="false" type="java.util.Date" length="" precision="" nullable="false" comment="Column generated by scd editor."/>
            <column name="SCD_IneffectiveDate" key="false" type="java.util.Date" length="" precision="" nullable="true" comment="Column generated by scd editor."/>
            <column name="SCD_Current_Flag" key="false" type="boolean" length="" precision="" nullable="false" comment="Column generated by scd editor."/>
            <column name="SCD_ProductCostSK" key="true" type="int" length="" precision="" nullable="false" comment="Column generated by scd editor."/>
          </schema>
        </schemas>
        <!--tMSSqlSCD_1-->
      </component>
      <component icon="pictures/tMap_1.png" uniqueName="tMap_1" label="__UNIQUE_NAME__">
        <input link="tMap_1">tMap_1</input>
        <input link="tMSSqlInput_2">tMSSqlInput_2</input>
        <output link="tMSSqlSCD_1">tMSSqlSCD_1</output>
        <componentType>tMap</componentType>
        <!--tMap_1-->
      </component>
    </externalNodeComponents>
    <connections>
      <connection label="cost" lineStyle="0" metaname="tMSSqlInput_1" offsetLabelX="0" offsetLabelY="0" source="tMSSqlInput_1" target="tMap_1"/>
      <connection label="op_scd_cost" lineStyle="0" metaname="op_scd_cost" offsetLabelX="0" offsetLabelY="0" source="tMap_1" target="tMSSqlSCD_1"/>
      <connection label="prod" lineStyle="8" metaname="tMSSqlInput_2" offsetLabelX="0" offsetLabelY="0" source="tMSSqlInput_2" target="tMap_1"/>
    </connections>
  </job>
</project>
