<?xml version="1.1" encoding="UTF-8"?>

<project i18n.job.generated.documetation="Generated documentation" i18n.job.project.name="Project Name" i18n.job.generated.date="GENERATION DATE" i18n.job.author="AUTHOR" i18n.job.summary="Summary" i18n.job.project.description="Project Description" i18n.job.job.description="Description" i18n.job.job.preview.picture="Preview Picture" i18n.job.job.setting="Settings" i18n.job.context.list="Context List" i18n.job.component.list="Component List" i18n.job.components.description="Components Description" i18n.job.source.code="Source Code" i18n.job.properties="Properties" i18n.job.values="Values" i18n.job.name="Name" i18n.job.language="Language" i18n.job.description="Description" i18n.job.author.min="Author" i18n.job.version="Version" i18n.job.purpose="Purpose" i18n.job.status="Status" i18n.job.creation="Creation" i18n.job.modification="Modification" i18n.job.extract.settings="Extra settings" i18n.job.value="Value" i18n.job.stats.logs="Status &amp; Logs" i18n.job.context="Context" i18n.job.promt="Prompt" i18n.job.need.promt="Need Prompt?" i18n.job.type="Type" i18n.job.source="Source" i18n.job.component.name="Component Name" i18n.job.component.type="Component Type" i18n.job.component="Component" i18n.job.unique.name="UNIQUE NAME" i18n.job.input="INPUT(S)" i18n.job.label="LABEL" i18n.job.output="OUTPUT(S)" i18n.job.component.parameters="Component Parameters:" i18n.job.schema.for="Schema for " i18n.job.column="Column" i18n.job.key="Key" i18n.job.length="Length" i18n.job.precision="Precision" i18n.job.nullable="Nullable" i18n.job.comment="Comment" i18n.job.original.function.parameters="Original Function Parameters:" i18n.job.ended="ended" i18n.job.content="content" i18n.route.manifest.type="Type" i18n.route.manifest.value="Value" i18n.route.resource.name="Name" i18n.route.resource.version="Version" i18n.route.resource.path="Path" name="Final_Project" logo="pictures/logo.jpg" title="Generated by Talend Data Fabric" link="http://www.talend.com" language="java" generatedDate="Apr 30, 2017 12:30:20 AM" versionName="Talend Data Fabric VERSION " version="6.3.1.20161216_1026" docType="Jobs" company="">
  <pro-description><![CDATA[]]></pro-description>
  <job name="DimStore" author="user@talend.com" i18n.job.extract.settings.type="i18n.job.extract.settings" i18n.job.stats.logs.type="i18n.job.stats.logs" version="0.1" purpose="" status="" creation="Apr 23, 2017 10:05:57 PM" modification="Apr 29, 2017 3:10:37 PM">
    <description><![CDATA[<br/>]]></description>
    <preview picture="pictures/DimStore_0.1.png"/>
    <contextList>
      <context name="Default"/>
    </contextList>
    <jobSetting>
      <extra>
        <jobParameter name="COMP_DEFAULT_FILE_DIR" value=""/>
        <jobParameter name="Multi thread execution" value="true"/>
        <jobParameter name="Implicit tContextLoad" value="false"/>
      </extra>
      <Statslogs>
        <jobParameter name="Use statistics (tStatCatcher)" value="false"/>
        <jobParameter name="Use logs (tLogCatcher)" value="false"/>
        <jobParameter name="Use volumetrics (tFlowMeterCatcher)" value="false"/>
        <jobParameter name="On Console" value="false"/>
        <jobParameter name="On Files" value="false"/>
        <jobParameter name="On Databases" value="false"/>
        <jobParameter name="Catch components statistics" value="false"/>
        <jobParameter name="Catch runtime errors" value="true"/>
        <jobParameter name="Catch user errors" value="true"/>
        <jobParameter name="Catch user warnings" value="true"/>
      </Statslogs>
    </jobSetting>
    <componentList>
      <componentItem name="CNTL_Job_Tracking_Stats_CHILD_1" link="CNTL_Job_Tracking_Stats_CHILD_1" type="CNTL_Job_Tracking_Stats_CHILD" leftTopX="160" leftTopY="64" rightBottomX="192" rightBottomY="96"/>
      <componentItem name="tMSSqlInput_1" link="tMSSqlInput_1" type="tMSSqlInput" leftTopX="448" leftTopY="160" rightBottomX="480" rightBottomY="192"/>
      <componentItem name="tMSSqlInput_2" link="tMSSqlInput_2" type="tMSSqlInput" leftTopX="608" leftTopY="192" rightBottomX="640" rightBottomY="224"/>
      <componentItem name="tMSSqlInput_3" link="tMSSqlInput_3" type="tMSSqlInput" leftTopX="448" leftTopY="448" rightBottomX="480" rightBottomY="480"/>
      <componentItem name="tMSSqlInput_4" link="tMSSqlInput_4" type="tMSSqlInput" leftTopX="608" leftTopY="480" rightBottomX="640" rightBottomY="512"/>
      <componentItem name="tMSSqlInput_5" link="tMSSqlInput_5" type="tMSSqlInput" leftTopX="448" leftTopY="736" rightBottomX="480" rightBottomY="768"/>
      <componentItem name="tMSSqlInput_6" link="tMSSqlInput_6" type="tMSSqlInput" leftTopX="608" leftTopY="768" rightBottomX="640" rightBottomY="800"/>
      <componentItem name="tMSSqlInput_7" link="tMSSqlInput_7" type="tMSSqlInput" leftTopX="416" leftTopY="640" rightBottomX="448" rightBottomY="672"/>
      <componentItem name="tMSSqlOutput_1" link="tMSSqlOutput_1" type="tMSSqlOutput" leftTopX="928" leftTopY="64" rightBottomX="960" rightBottomY="96"/>
      <componentItem name="tMSSqlOutput_2" link="tMSSqlOutput_2" type="tMSSqlOutput" leftTopX="928" leftTopY="352" rightBottomX="960" rightBottomY="384"/>
      <componentItem name="tMSSqlOutput_3" link="tMSSqlOutput_3" type="tMSSqlOutput" leftTopX="928" leftTopY="640" rightBottomX="960" rightBottomY="672"/>
      <componentItem name="tMap_1" link="tMap_1" type="tMap" leftTopX="672" leftTopY="64" rightBottomX="704" rightBottomY="96"/>
      <componentItem name="tMap_2" link="tMap_2" type="tMap" leftTopX="672" leftTopY="352" rightBottomX="704" rightBottomY="384"/>
      <componentItem name="tMap_3" link="tMap_3" type="tMap" leftTopX="672" leftTopY="640" rightBottomX="704" rightBottomY="672"/>
      <componentItem name="tMysqlInput_1" link="tMysqlInput_1" type="tMysqlInput" leftTopX="416" leftTopY="64" rightBottomX="448" rightBottomY="96"/>
      <componentItem name="tPostgresqlInput_1" link="tPostgresqlInput_1" type="tPostgresqlInput" leftTopX="416" leftTopY="352" rightBottomX="448" rightBottomY="384"/>
    </componentList>
    <internalNodeComponents>
      <component icon="pictures/tMSSqlInput_1.png" uniqueName="tMSSqlInput_1" label="__TABLE__">
        <input>none</input>
        <output link="tMap_1">tMap_1</output>
        <componentType>tMSSqlInput</componentType>
        <parameters>
          <column name="Unique Name" value="tMSSqlInput_1"/>
          <column name="Component Name" value="tMSSqlInput"/>
          <column name="Version" value="0.102 (ALPHA)"/>
          <column name="Family" value="Databases/MS_SQL_Server"/>
          <column name="Start" value="false"/>
          <column name="Startable" value="true"/>
          <column name="SUBTREE_START" value="false"/>
          <column name="END_OF_FLOW" value="false"/>
          <column name="Activate" value="true"/>
          <column name="DUMMY" value="false"/>
          <column name="tStatCatcher Statistics" value="false"/>
          <column name="Help" value="org.talend.help.tMSSqlInput"/>
          <column name="Update components" value="true"/>
          <column name="IREPORT_PATH" value=""/>
          <column name="JAVA_LIBRARY_PATH" value="C:\Program Files (x86)\Talend-Studio-6.3\studio\configuration\lib\java"/>
          <column name="Subjob color" value=""/>
          <column name="Title color" value=""/>
          <column name="Enable parallel execution" value="false"/>
          <column name="Number of parallel executions" value="2"/>
          <column name="" value="false"/>
          <column name="Use an existing connection" value="false"/>
          <column name="Component List" value=""/>
          <column name="Property Type" value="repository: DB (MSSQL):SQLServer_Target"/>
          <column name="Host" value="&quot;localhost&quot;"/>
          <column name="JDBC Provider" value="JTDS"/>
          <column name="Database Driver" value="MSSQL"/>
          <column name="Port" value="&quot;1433&quot;"/>
          <column name="Schema" value="&quot;&quot;"/>
          <column name="Database" value="&quot;retail_dw&quot;"/>
          <column name="Username" value="&quot;sa&quot;"/>
          <column name="Password" value="************"/>
          <column name="REPOSITORY_ALLOW_AUTO_SWITCH" value="true"/>
          <column name="Schema" value="Built-In"/>
          <column name="Table Name" value="&quot;DimGeography&quot;"/>
          <column name="Query Type" value="Built-In"/>
          <column name="Guess Schema" value="&quot;&quot;"/>
          <column name="Query" value="&quot;SELECT DimGeography.GeographySK,
		DimGeography.GeographyKey
FROM	DimGeography&quot;"/>
          <column name="Specify a data source alias" value="false"/>
          <column name="Data source alias" value="&quot;&quot;"/>
          <column name="Mapping" value="id_MSSQL"/>
          <column name="Additional JDBC Parameters" value="&quot;&quot;"/>
          <column name="Encoding" value="&quot;ISO-8859-15&quot;"/>
          <column name="Trim all the String/Char columns" value="true"/>
          <column name="Trim column" value="[{TRIM=false, SCHEMA_COLUMN=GeographySK}, {TRIM=false, SCHEMA_COLUMN=GeographyKey}]"/>
          <column name="Label format" value="__TABLE__"/>
          <column name="Hint format" value="&lt;b&gt;__UNIQUE_NAME__&lt;/b&gt;&lt;br&gt;__COMMENT__"/>
          <column name="Connection format" value="row"/>
          <column name="Show Information" value="false"/>
          <column name="Comment" value=""/>
          <column name="Use an existing validation rule" value="false"/>
          <column name="Validation Rule Type" value=""/>
        </parameters>
        <schemas>
          <schema name="DimGeography">
            <column name="GeographySK" key="true" type="int" length="10" precision="" nullable="false" comment=""/>
            <column name="GeographyKey" key="false" type="int" length="10" precision="" nullable="false" comment=""/>
          </schema>
        </schemas>
      </component>
      <component icon="pictures/tMSSqlInput_2.png" uniqueName="tMSSqlInput_2" label="__TABLE__">
        <input>none</input>
        <output link="tMap_1">tMap_1</output>
        <componentType>tMSSqlInput</componentType>
        <parameters>
          <column name="Unique Name" value="tMSSqlInput_2"/>
          <column name="Component Name" value="tMSSqlInput"/>
          <column name="Version" value="0.102 (ALPHA)"/>
          <column name="Family" value="Databases/MS_SQL_Server"/>
          <column name="Start" value="false"/>
          <column name="Startable" value="true"/>
          <column name="SUBTREE_START" value="false"/>
          <column name="END_OF_FLOW" value="false"/>
          <column name="Activate" value="true"/>
          <column name="DUMMY" value="false"/>
          <column name="tStatCatcher Statistics" value="false"/>
          <column name="Help" value="org.talend.help.tMSSqlInput"/>
          <column name="Update components" value="true"/>
          <column name="IREPORT_PATH" value=""/>
          <column name="JAVA_LIBRARY_PATH" value="C:\Program Files (x86)\Talend-Studio-6.3\studio\configuration\lib\java"/>
          <column name="Subjob color" value=""/>
          <column name="Title color" value=""/>
          <column name="Enable parallel execution" value="false"/>
          <column name="Number of parallel executions" value="2"/>
          <column name="" value="false"/>
          <column name="Use an existing connection" value="false"/>
          <column name="Component List" value=""/>
          <column name="Property Type" value="repository: DB (MSSQL):SQLServer_Target"/>
          <column name="Host" value="&quot;localhost&quot;"/>
          <column name="JDBC Provider" value="JTDS"/>
          <column name="Database Driver" value="MSSQL"/>
          <column name="Port" value="&quot;1433&quot;"/>
          <column name="Schema" value="&quot;&quot;"/>
          <column name="Database" value="&quot;retail_dw&quot;"/>
          <column name="Username" value="&quot;sa&quot;"/>
          <column name="Password" value="************"/>
          <column name="REPOSITORY_ALLOW_AUTO_SWITCH" value="true"/>
          <column name="Schema" value="Built-In"/>
          <column name="Table Name" value="&quot;DimSalesTerritory&quot;"/>
          <column name="Query Type" value="Built-In"/>
          <column name="Guess Schema" value="&quot;&quot;"/>
          <column name="Query" value="&quot;SELECT DimSalesTerritory.SalesTerritorySK,
		DimSalesTerritory.GeographySK
FROM	DimSalesTerritory&quot;"/>
          <column name="Specify a data source alias" value="false"/>
          <column name="Data source alias" value="&quot;&quot;"/>
          <column name="Mapping" value="id_MSSQL"/>
          <column name="Additional JDBC Parameters" value="&quot;&quot;"/>
          <column name="Encoding" value="&quot;ISO-8859-15&quot;"/>
          <column name="Trim all the String/Char columns" value="true"/>
          <column name="Trim column" value="[{TRIM=false, SCHEMA_COLUMN=SalesTerritorySK}, {TRIM=false, SCHEMA_COLUMN=GeographySK}]"/>
          <column name="Label format" value="__TABLE__"/>
          <column name="Hint format" value="&lt;b&gt;__UNIQUE_NAME__&lt;/b&gt;&lt;br&gt;__COMMENT__"/>
          <column name="Connection format" value="row"/>
          <column name="Show Information" value="false"/>
          <column name="Comment" value=""/>
          <column name="Use an existing validation rule" value="false"/>
          <column name="Validation Rule Type" value=""/>
        </parameters>
        <schemas>
          <schema name="DimSalesTerritory">
            <column name="SalesTerritorySK" key="true" type="int" length="10" precision="" nullable="false" comment=""/>
            <column name="GeographySK" key="false" type="int" length="10" precision="" nullable="false" comment=""/>
          </schema>
        </schemas>
      </component>
      <component icon="pictures/tMSSqlInput_3.png" uniqueName="tMSSqlInput_3" label="__TABLE__">
        <input>none</input>
        <output link="tMap_2">tMap_2</output>
        <componentType>tMSSqlInput</componentType>
        <parameters>
          <column name="Unique Name" value="tMSSqlInput_3"/>
          <column name="Component Name" value="tMSSqlInput"/>
          <column name="Version" value="0.102 (ALPHA)"/>
          <column name="Family" value="Databases/MS_SQL_Server"/>
          <column name="Start" value="false"/>
          <column name="Startable" value="true"/>
          <column name="SUBTREE_START" value="false"/>
          <column name="END_OF_FLOW" value="false"/>
          <column name="Activate" value="true"/>
          <column name="DUMMY" value="false"/>
          <column name="tStatCatcher Statistics" value="false"/>
          <column name="Help" value="org.talend.help.tMSSqlInput"/>
          <column name="Update components" value="true"/>
          <column name="IREPORT_PATH" value=""/>
          <column name="JAVA_LIBRARY_PATH" value="C:\Program Files (x86)\Talend-Studio-6.3\studio\configuration\lib\java"/>
          <column name="Subjob color" value=""/>
          <column name="Title color" value=""/>
          <column name="Enable parallel execution" value="false"/>
          <column name="Number of parallel executions" value="2"/>
          <column name="" value="false"/>
          <column name="Use an existing connection" value="false"/>
          <column name="Component List" value=""/>
          <column name="Property Type" value="repository: DB (MSSQL):SQLServer_Target"/>
          <column name="Host" value="&quot;localhost&quot;"/>
          <column name="JDBC Provider" value="JTDS"/>
          <column name="Database Driver" value="MSSQL"/>
          <column name="Port" value="&quot;1433&quot;"/>
          <column name="Schema" value="&quot;&quot;"/>
          <column name="Database" value="&quot;retail_dw&quot;"/>
          <column name="Username" value="&quot;sa&quot;"/>
          <column name="Password" value="************"/>
          <column name="REPOSITORY_ALLOW_AUTO_SWITCH" value="true"/>
          <column name="Schema" value="Built-In"/>
          <column name="Table Name" value="&quot;DimGeography&quot;"/>
          <column name="Query Type" value="Built-In"/>
          <column name="Guess Schema" value="&quot;&quot;"/>
          <column name="Query" value="&quot;SELECT DimGeography.GeographySK,
		DimGeography.GeographyKey
FROM	DimGeography&quot;"/>
          <column name="Specify a data source alias" value="false"/>
          <column name="Data source alias" value="&quot;&quot;"/>
          <column name="Mapping" value="id_MSSQL"/>
          <column name="Additional JDBC Parameters" value="&quot;&quot;"/>
          <column name="Encoding" value="&quot;ISO-8859-15&quot;"/>
          <column name="Trim all the String/Char columns" value="true"/>
          <column name="Trim column" value="[{TRIM=false, SCHEMA_COLUMN=GeographySK}, {TRIM=false, SCHEMA_COLUMN=GeographyKey}]"/>
          <column name="Label format" value="__TABLE__"/>
          <column name="Hint format" value="&lt;b&gt;__UNIQUE_NAME__&lt;/b&gt;&lt;br&gt;__COMMENT__"/>
          <column name="Connection format" value="row"/>
          <column name="Show Information" value="false"/>
          <column name="Comment" value=""/>
          <column name="Use an existing validation rule" value="false"/>
          <column name="Validation Rule Type" value=""/>
        </parameters>
        <schemas>
          <schema name="DimGeography">
            <column name="GeographySK" key="true" type="int" length="10" precision="" nullable="false" comment=""/>
            <column name="GeographyKey" key="false" type="int" length="10" precision="" nullable="false" comment=""/>
          </schema>
        </schemas>
      </component>
      <component icon="pictures/tMSSqlInput_4.png" uniqueName="tMSSqlInput_4" label="__TABLE__">
        <input>none</input>
        <output link="tMap_2">tMap_2</output>
        <componentType>tMSSqlInput</componentType>
        <parameters>
          <column name="Unique Name" value="tMSSqlInput_4"/>
          <column name="Component Name" value="tMSSqlInput"/>
          <column name="Version" value="0.102 (ALPHA)"/>
          <column name="Family" value="Databases/MS_SQL_Server"/>
          <column name="Start" value="false"/>
          <column name="Startable" value="true"/>
          <column name="SUBTREE_START" value="false"/>
          <column name="END_OF_FLOW" value="false"/>
          <column name="Activate" value="true"/>
          <column name="DUMMY" value="false"/>
          <column name="tStatCatcher Statistics" value="false"/>
          <column name="Help" value="org.talend.help.tMSSqlInput"/>
          <column name="Update components" value="true"/>
          <column name="IREPORT_PATH" value=""/>
          <column name="JAVA_LIBRARY_PATH" value="C:\Program Files (x86)\Talend-Studio-6.3\studio\configuration\lib\java"/>
          <column name="Subjob color" value=""/>
          <column name="Title color" value=""/>
          <column name="Enable parallel execution" value="false"/>
          <column name="Number of parallel executions" value="2"/>
          <column name="" value="false"/>
          <column name="Use an existing connection" value="false"/>
          <column name="Component List" value=""/>
          <column name="Property Type" value="repository: DB (MSSQL):SQLServer_Target"/>
          <column name="Host" value="&quot;localhost&quot;"/>
          <column name="JDBC Provider" value="JTDS"/>
          <column name="Database Driver" value="MSSQL"/>
          <column name="Port" value="&quot;1433&quot;"/>
          <column name="Schema" value="&quot;&quot;"/>
          <column name="Database" value="&quot;retail_dw&quot;"/>
          <column name="Username" value="&quot;sa&quot;"/>
          <column name="Password" value="************"/>
          <column name="REPOSITORY_ALLOW_AUTO_SWITCH" value="true"/>
          <column name="Schema" value="Built-In"/>
          <column name="Table Name" value="&quot;DimSalesTerritory&quot;"/>
          <column name="Query Type" value="Built-In"/>
          <column name="Guess Schema" value="&quot;&quot;"/>
          <column name="Query" value="&quot;SELECT DimSalesTerritory.SalesTerritorySK,
		DimSalesTerritory.GeographySK
FROM	DimSalesTerritory&quot;"/>
          <column name="Specify a data source alias" value="false"/>
          <column name="Data source alias" value="&quot;&quot;"/>
          <column name="Mapping" value="id_MSSQL"/>
          <column name="Additional JDBC Parameters" value="&quot;&quot;"/>
          <column name="Encoding" value="&quot;ISO-8859-15&quot;"/>
          <column name="Trim all the String/Char columns" value="true"/>
          <column name="Trim column" value="[{TRIM=false, SCHEMA_COLUMN=SalesTerritorySK}, {TRIM=false, SCHEMA_COLUMN=GeographySK}]"/>
          <column name="Label format" value="__TABLE__"/>
          <column name="Hint format" value="&lt;b&gt;__UNIQUE_NAME__&lt;/b&gt;&lt;br&gt;__COMMENT__"/>
          <column name="Connection format" value="row"/>
          <column name="Show Information" value="false"/>
          <column name="Comment" value=""/>
          <column name="Use an existing validation rule" value="false"/>
          <column name="Validation Rule Type" value=""/>
        </parameters>
        <schemas>
          <schema name="DimSalesTerritory">
            <column name="SalesTerritorySK" key="true" type="int" length="10" precision="" nullable="false" comment=""/>
            <column name="GeographySK" key="false" type="int" length="10" precision="" nullable="false" comment=""/>
          </schema>
        </schemas>
      </component>
      <component icon="pictures/tMSSqlInput_5.png" uniqueName="tMSSqlInput_5" label="__TABLE__">
        <input>none</input>
        <output link="tMap_3">tMap_3</output>
        <componentType>tMSSqlInput</componentType>
        <parameters>
          <column name="Unique Name" value="tMSSqlInput_5"/>
          <column name="Component Name" value="tMSSqlInput"/>
          <column name="Version" value="0.102 (ALPHA)"/>
          <column name="Family" value="Databases/MS_SQL_Server"/>
          <column name="Start" value="false"/>
          <column name="Startable" value="true"/>
          <column name="SUBTREE_START" value="false"/>
          <column name="END_OF_FLOW" value="false"/>
          <column name="Activate" value="true"/>
          <column name="DUMMY" value="false"/>
          <column name="tStatCatcher Statistics" value="false"/>
          <column name="Help" value="org.talend.help.tMSSqlInput"/>
          <column name="Update components" value="true"/>
          <column name="IREPORT_PATH" value=""/>
          <column name="JAVA_LIBRARY_PATH" value="C:\Program Files (x86)\Talend-Studio-6.3\studio\configuration\lib\java"/>
          <column name="Subjob color" value=""/>
          <column name="Title color" value=""/>
          <column name="Enable parallel execution" value="false"/>
          <column name="Number of parallel executions" value="2"/>
          <column name="" value="false"/>
          <column name="Use an existing connection" value="false"/>
          <column name="Component List" value=""/>
          <column name="Property Type" value="repository: DB (MSSQL):SQLServer_Target"/>
          <column name="Host" value="&quot;localhost&quot;"/>
          <column name="JDBC Provider" value="JTDS"/>
          <column name="Database Driver" value="MSSQL"/>
          <column name="Port" value="&quot;1433&quot;"/>
          <column name="Schema" value="&quot;&quot;"/>
          <column name="Database" value="&quot;retail_dw&quot;"/>
          <column name="Username" value="&quot;sa&quot;"/>
          <column name="Password" value="************"/>
          <column name="REPOSITORY_ALLOW_AUTO_SWITCH" value="true"/>
          <column name="Schema" value="Built-In"/>
          <column name="Table Name" value="&quot;DimGeography&quot;"/>
          <column name="Query Type" value="Built-In"/>
          <column name="Guess Schema" value="&quot;&quot;"/>
          <column name="Query" value="&quot;SELECT DimGeography.GeographySK,
		DimGeography.GeographyKey
FROM	DimGeography&quot;"/>
          <column name="Specify a data source alias" value="false"/>
          <column name="Data source alias" value="&quot;&quot;"/>
          <column name="Mapping" value="id_MSSQL"/>
          <column name="Additional JDBC Parameters" value="&quot;&quot;"/>
          <column name="Encoding" value="&quot;ISO-8859-15&quot;"/>
          <column name="Trim all the String/Char columns" value="true"/>
          <column name="Trim column" value="[{TRIM=false, SCHEMA_COLUMN=GeographySK}, {TRIM=false, SCHEMA_COLUMN=GeographyKey}]"/>
          <column name="Label format" value="__TABLE__"/>
          <column name="Hint format" value="&lt;b&gt;__UNIQUE_NAME__&lt;/b&gt;&lt;br&gt;__COMMENT__"/>
          <column name="Connection format" value="row"/>
          <column name="Show Information" value="false"/>
          <column name="Comment" value=""/>
          <column name="Use an existing validation rule" value="false"/>
          <column name="Validation Rule Type" value=""/>
        </parameters>
        <schemas>
          <schema name="DimGeography">
            <column name="GeographySK" key="true" type="int" length="10" precision="" nullable="false" comment=""/>
            <column name="GeographyKey" key="false" type="int" length="10" precision="" nullable="false" comment=""/>
          </schema>
        </schemas>
      </component>
      <component icon="pictures/tMSSqlInput_6.png" uniqueName="tMSSqlInput_6" label="__TABLE__">
        <input>none</input>
        <output link="tMap_3">tMap_3</output>
        <componentType>tMSSqlInput</componentType>
        <parameters>
          <column name="Unique Name" value="tMSSqlInput_6"/>
          <column name="Component Name" value="tMSSqlInput"/>
          <column name="Version" value="0.102 (ALPHA)"/>
          <column name="Family" value="Databases/MS_SQL_Server"/>
          <column name="Start" value="false"/>
          <column name="Startable" value="true"/>
          <column name="SUBTREE_START" value="false"/>
          <column name="END_OF_FLOW" value="false"/>
          <column name="Activate" value="true"/>
          <column name="DUMMY" value="false"/>
          <column name="tStatCatcher Statistics" value="false"/>
          <column name="Help" value="org.talend.help.tMSSqlInput"/>
          <column name="Update components" value="true"/>
          <column name="IREPORT_PATH" value=""/>
          <column name="JAVA_LIBRARY_PATH" value="C:\Program Files (x86)\Talend-Studio-6.3\studio\configuration\lib\java"/>
          <column name="Subjob color" value=""/>
          <column name="Title color" value=""/>
          <column name="Enable parallel execution" value="false"/>
          <column name="Number of parallel executions" value="2"/>
          <column name="" value="false"/>
          <column name="Use an existing connection" value="false"/>
          <column name="Component List" value=""/>
          <column name="Property Type" value="repository: DB (MSSQL):SQLServer_Target"/>
          <column name="Host" value="&quot;localhost&quot;"/>
          <column name="JDBC Provider" value="JTDS"/>
          <column name="Database Driver" value="MSSQL"/>
          <column name="Port" value="&quot;1433&quot;"/>
          <column name="Schema" value="&quot;&quot;"/>
          <column name="Database" value="&quot;retail_dw&quot;"/>
          <column name="Username" value="&quot;sa&quot;"/>
          <column name="Password" value="************"/>
          <column name="REPOSITORY_ALLOW_AUTO_SWITCH" value="true"/>
          <column name="Schema" value="Built-In"/>
          <column name="Table Name" value="&quot;DimSalesTerritory&quot;"/>
          <column name="Query Type" value="Built-In"/>
          <column name="Guess Schema" value="&quot;&quot;"/>
          <column name="Query" value="&quot;SELECT DimSalesTerritory.SalesTerritorySK,
		DimSalesTerritory.GeographySK
FROM	DimSalesTerritory&quot;"/>
          <column name="Specify a data source alias" value="false"/>
          <column name="Data source alias" value="&quot;&quot;"/>
          <column name="Mapping" value="id_MSSQL"/>
          <column name="Additional JDBC Parameters" value="&quot;&quot;"/>
          <column name="Encoding" value="&quot;ISO-8859-15&quot;"/>
          <column name="Trim all the String/Char columns" value="true"/>
          <column name="Trim column" value="[{TRIM=false, SCHEMA_COLUMN=SalesTerritorySK}, {TRIM=false, SCHEMA_COLUMN=GeographySK}]"/>
          <column name="Label format" value="__TABLE__"/>
          <column name="Hint format" value="&lt;b&gt;__UNIQUE_NAME__&lt;/b&gt;&lt;br&gt;__COMMENT__"/>
          <column name="Connection format" value="row"/>
          <column name="Show Information" value="false"/>
          <column name="Comment" value=""/>
          <column name="Use an existing validation rule" value="false"/>
          <column name="Validation Rule Type" value=""/>
        </parameters>
        <schemas>
          <schema name="DimSalesTerritory">
            <column name="SalesTerritorySK" key="true" type="int" length="10" precision="" nullable="false" comment=""/>
            <column name="GeographySK" key="false" type="int" length="10" precision="" nullable="false" comment=""/>
          </schema>
        </schemas>
      </component>
      <component icon="pictures/tMSSqlInput_7.png" uniqueName="tMSSqlInput_7" label="__TABLE__">
        <input link="tPostgresqlInput_1">tPostgresqlInput_1</input>
        <output link="tMap_3">tMap_3</output>
        <componentType>tMSSqlInput</componentType>
        <parameters>
          <column name="Unique Name" value="tMSSqlInput_7"/>
          <column name="Component Name" value="tMSSqlInput"/>
          <column name="Version" value="0.102 (ALPHA)"/>
          <column name="Family" value="Databases/MS_SQL_Server"/>
          <column name="Start" value="false"/>
          <column name="Startable" value="true"/>
          <column name="SUBTREE_START" value="true"/>
          <column name="END_OF_FLOW" value="false"/>
          <column name="Activate" value="true"/>
          <column name="DUMMY" value="false"/>
          <column name="tStatCatcher Statistics" value="false"/>
          <column name="Help" value="org.talend.help.tMSSqlInput"/>
          <column name="Update components" value="true"/>
          <column name="IREPORT_PATH" value=""/>
          <column name="JAVA_LIBRARY_PATH" value="C:\Program Files (x86)\Talend-Studio-6.3\studio\configuration\lib\java"/>
          <column name="Subjob color" value=""/>
          <column name="Title color" value=""/>
          <column name="Enable parallel execution" value="false"/>
          <column name="Number of parallel executions" value="2"/>
          <column name="" value="false"/>
          <column name="Use an existing connection" value="false"/>
          <column name="Component List" value=""/>
          <column name="Property Type" value="repository: DB (MSSQL):SQLServer_SOR"/>
          <column name="Host" value="&quot;localhost&quot;"/>
          <column name="JDBC Provider" value="JTDS"/>
          <column name="Database Driver" value="MSSQL"/>
          <column name="Port" value="&quot;1433&quot;"/>
          <column name="Schema" value="&quot;&quot;"/>
          <column name="Database" value="&quot;retail_sor_na&quot;"/>
          <column name="Username" value="&quot;sa&quot;"/>
          <column name="Password" value="************"/>
          <column name="REPOSITORY_ALLOW_AUTO_SWITCH" value="true"/>
          <column name="Schema" value="Built-In"/>
          <column name="Table Name" value="&quot;DimStore&quot;"/>
          <column name="Query Type" value="Built-In"/>
          <column name="Guess Schema" value="&quot;&quot;"/>
          <column name="Query" value="&quot;SELECT DimStore.StoreID,
		DimStore.StoreKey,
		DimStore.StoreManager,
		DimStore.StoreType,
		DimStore.StoreName,
		DimStore.StoreDescription,
		DimStore.Status,
		DimStore.OpenDate,
		DimStore.CloseDate,
		DimStore.EntityKey,
		DimStore.ZipCode,
		DimStore.ZipCodeExtension,
		DimStore.StorePhone,
		DimStore.StoreFax,
		DimStore.AddressLine1,
		DimStore.AddressLine2,
		DimStore.CloseReason,
		DimStore.EmployeeCount,
		DimStore.SellingAreaSize,
		DimStore.LastRemodelDate,
		DimStore.GeographyKey,
		DimStore.ETLLoadID,
		DimStore.LoadDate,
		DimStore.UpdateDate,
		DimStore.SOR_ID
FROM	DimStore&quot;"/>
          <column name="Specify a data source alias" value="false"/>
          <column name="Data source alias" value="&quot;&quot;"/>
          <column name="Mapping" value="id_MSSQL"/>
          <column name="Additional JDBC Parameters" value="&quot;&quot;"/>
          <column name="Encoding" value="&quot;ISO-8859-15&quot;"/>
          <column name="Trim all the String/Char columns" value="true"/>
          <column name="Trim column" value="[{TRIM=false, SCHEMA_COLUMN=StoreID}, {TRIM=false, SCHEMA_COLUMN=StoreKey}, {TRIM=false, SCHEMA_COLUMN=StoreManager}, {TRIM=false, SCHEMA_COLUMN=StoreType}, {TRIM=false, SCHEMA_COLUMN=StoreName}, {TRIM=false, SCHEMA_COLUMN=StoreDescription}, {TRIM=false, SCHEMA_COLUMN=Status}, {TRIM=false, SCHEMA_COLUMN=OpenDate}, {TRIM=false, SCHEMA_COLUMN=CloseDate}, {TRIM=false, SCHEMA_COLUMN=EntityKey}, {TRIM=false, SCHEMA_COLUMN=ZipCode}, {TRIM=false, SCHEMA_COLUMN=ZipCodeExtension}, {TRIM=false, SCHEMA_COLUMN=StorePhone}, {TRIM=false, SCHEMA_COLUMN=StoreFax}, {TRIM=false, SCHEMA_COLUMN=AddressLine1}, {TRIM=false, SCHEMA_COLUMN=AddressLine2}, {TRIM=false, SCHEMA_COLUMN=CloseReason}, {TRIM=false, SCHEMA_COLUMN=EmployeeCount}, {TRIM=false, SCHEMA_COLUMN=SellingAreaSize}, {TRIM=false, SCHEMA_COLUMN=LastRemodelDate}, {TRIM=false, SCHEMA_COLUMN=GeographyKey}, {TRIM=false, SCHEMA_COLUMN=ETLLoadID}, {TRIM=false, SCHEMA_COLUMN=LoadDate}, {TRIM=false, SCHEMA_COLUMN=UpdateDate}, {TRIM=false, SCHEMA_COLUMN=SOR_ID}]"/>
          <column name="Label format" value="__TABLE__"/>
          <column name="Hint format" value="&lt;b&gt;__UNIQUE_NAME__&lt;/b&gt;&lt;br&gt;__COMMENT__"/>
          <column name="Connection format" value="row"/>
          <column name="Show Information" value="false"/>
          <column name="Comment" value=""/>
          <column name="Use an existing validation rule" value="false"/>
          <column name="Validation Rule Type" value=""/>
        </parameters>
        <schemas>
          <schema name="DimStore">
            <column name="StoreID" key="true" type="int" length="10" precision="" nullable="false" comment=""/>
            <column name="StoreKey" key="false" type="int" length="10" precision="" nullable="false" comment=""/>
            <column name="StoreManager" key="false" type="Integer" length="10" precision="" nullable="true" comment=""/>
            <column name="StoreType" key="false" type="String" length="15" precision="" nullable="true" comment=""/>
            <column name="StoreName" key="false" type="String" length="100" precision="" nullable="false" comment=""/>
            <column name="StoreDescription" key="false" type="String" length="300" precision="" nullable="false" comment=""/>
            <column name="Status" key="false" type="String" length="20" precision="" nullable="false" comment=""/>
            <column name="OpenDate" key="false" type="java.util.Date" length="10" precision="" nullable="false" comment=""/>
            <column name="CloseDate" key="false" type="java.util.Date" length="10" precision="" nullable="true" comment=""/>
            <column name="EntityKey" key="false" type="Integer" length="10" precision="" nullable="true" comment=""/>
            <column name="ZipCode" key="false" type="String" length="20" precision="" nullable="true" comment=""/>
            <column name="ZipCodeExtension" key="false" type="String" length="10" precision="" nullable="true" comment=""/>
            <column name="StorePhone" key="false" type="String" length="15" precision="" nullable="true" comment=""/>
            <column name="StoreFax" key="false" type="String" length="14" precision="" nullable="true" comment=""/>
            <column name="AddressLine1" key="false" type="String" length="100" precision="" nullable="true" comment=""/>
            <column name="AddressLine2" key="false" type="String" length="100" precision="" nullable="true" comment=""/>
            <column name="CloseReason" key="false" type="String" length="20" precision="" nullable="true" comment=""/>
            <column name="EmployeeCount" key="false" type="Integer" length="10" precision="" nullable="true" comment=""/>
            <column name="SellingAreaSize" key="false" type="Double" length="53" precision="" nullable="true" comment=""/>
            <column name="LastRemodelDate" key="false" type="java.util.Date" length="10" precision="" nullable="true" comment=""/>
            <column name="GeographyKey" key="false" type="int" length="10" precision="" nullable="false" comment=""/>
            <column name="ETLLoadID" key="false" type="Integer" length="10" precision="" nullable="true" comment=""/>
            <column name="LoadDate" key="false" type="java.util.Date" length="23" precision="3" nullable="true" comment=""/>
            <column name="UpdateDate" key="false" type="java.util.Date" length="23" precision="3" nullable="true" comment=""/>
            <column name="SOR_ID" key="false" type="Integer" length="20" precision="" nullable="true" comment=""/>
          </schema>
        </schemas>
      </component>
      <component icon="pictures/tMSSqlOutput_1.png" uniqueName="tMSSqlOutput_1" label="__TABLE__">
        <input link="tMap_1">tMap_1</input>
        <input link="tMSSqlInput_1">tMSSqlInput_1</input>
        <input link="tMSSqlInput_2">tMSSqlInput_2</input>
        <output>none</output>
        <componentType>tMSSqlOutput</componentType>
        <parameters>
          <column name="Unique Name" value="tMSSqlOutput_1"/>
          <column name="Component Name" value="tMSSqlOutput"/>
          <column name="Version" value="0.102 (ALPHA)"/>
          <column name="Family" value="Databases/MS_SQL_Server"/>
          <column name="Startable" value="false"/>
          <column name="SUBTREE_START" value="false"/>
          <column name="END_OF_FLOW" value="true"/>
          <column name="Activate" value="true"/>
          <column name="DUMMY" value="false"/>
          <column name="tStatCatcher Statistics" value="false"/>
          <column name="Help" value="org.talend.help.tMSSqlOutput"/>
          <column name="Update components" value="true"/>
          <column name="IREPORT_PATH" value=""/>
          <column name="JAVA_LIBRARY_PATH" value="C:\Program Files (x86)\Talend-Studio-6.3\studio\configuration\lib\java"/>
          <column name="Subjob color" value=""/>
          <column name="Title color" value=""/>
          <column name="Enable parallel execution" value="false"/>
          <column name="Number of parallel executions" value="2"/>
          <column name="" value="false"/>
          <column name="Property Type" value="repository: DB (MSSQL):SQLServer_Target"/>
          <column name="Use an existing connection" value="false"/>
          <column name="Component List" value=""/>
          <column name="JDBC Provider" value="JTDS"/>
          <column name="Host" value="&quot;localhost&quot;"/>
          <column name="Port" value="&quot;1433&quot;"/>
          <column name="Schema" value="&quot;&quot;"/>
          <column name="Database" value="&quot;retail_dw&quot;"/>
          <column name="Database Driver" value="MSSQL"/>
          <column name="Username" value="&quot;sa&quot;"/>
          <column name="Password" value="************"/>
          <column name="Table" value="&quot;DimStore&quot;"/>
          <column name="Action on table" value="TRUNCATE"/>
          <column name="Turn on Identity insert" value="false"/>
          <column name="Action on data" value="INSERT"/>
          <column name="Specify identity field" value="false"/>
          <column name="Identity field" value="StoreID"/>
          <column name="Start value" value="1"/>
          <column name="Step" value="1"/>
          <column name="REPOSITORY_ALLOW_AUTO_SWITCH" value="true"/>
          <column name="Schema" value="Built-In"/>
          <column name="Reject Schema" value="Built-In"/>
          <column name="Specify a data source alias" value="false"/>
          <column name="Data source alias" value="&quot;&quot;"/>
          <column name="Die on error" value="true"/>
          <column name="Mapping" value="id_MSSQL"/>
          <column name="Additional JDBC Parameters" value="&quot;&quot;"/>
          <column name="Encoding" value="&quot;ISO-8859-15&quot;"/>
          <column name="Commit every" value="500000"/>
          <column name="Additional columns" value="[]"/>
          <column name="Use field options" value="false"/>
          <column name="Field options" value="[{UPDATE_KEY=false, DELETE_KEY=false, UPDATABLE=true, INSERTABLE=true, SCHEMA_COLUMN=StoreID}, {UPDATE_KEY=false, DELETE_KEY=false, UPDATABLE=true, INSERTABLE=true, SCHEMA_COLUMN=StoreKey}, {UPDATE_KEY=false, DELETE_KEY=false, UPDATABLE=true, INSERTABLE=true, SCHEMA_COLUMN=SalesTerritorySK}, {UPDATE_KEY=false, DELETE_KEY=false, UPDATABLE=true, INSERTABLE=true, SCHEMA_COLUMN=StoreManager}, {UPDATE_KEY=false, DELETE_KEY=false, UPDATABLE=true, INSERTABLE=true, SCHEMA_COLUMN=StoreType}, {UPDATE_KEY=false, DELETE_KEY=false, UPDATABLE=true, INSERTABLE=true, SCHEMA_COLUMN=StoreName}, {UPDATE_KEY=false, DELETE_KEY=false, UPDATABLE=true, INSERTABLE=true, SCHEMA_COLUMN=StoreDescription}, {UPDATE_KEY=false, DELETE_KEY=false, UPDATABLE=true, INSERTABLE=true, SCHEMA_COLUMN=Status}, {UPDATE_KEY=false, DELETE_KEY=false, UPDATABLE=true, INSERTABLE=true, SCHEMA_COLUMN=OpenDate}, {UPDATE_KEY=false, DELETE_KEY=false, UPDATABLE=true, INSERTABLE=true, SCHEMA_COLUMN=CloseDate}, {UPDATE_KEY=false, DELETE_KEY=false, UPDATABLE=true, INSERTABLE=true, SCHEMA_COLUMN=EntityKey}, {UPDATE_KEY=false, DELETE_KEY=false, UPDATABLE=true, INSERTABLE=true, SCHEMA_COLUMN=ZipCode}, {UPDATE_KEY=false, DELETE_KEY=false, UPDATABLE=true, INSERTABLE=true, SCHEMA_COLUMN=ZipCodeExtension}, {UPDATE_KEY=false, DELETE_KEY=false, UPDATABLE=true, INSERTABLE=true, SCHEMA_COLUMN=StorePhone}, {UPDATE_KEY=false, DELETE_KEY=false, UPDATABLE=true, INSERTABLE=true, SCHEMA_COLUMN=StoreFax}, {UPDATE_KEY=false, DELETE_KEY=false, UPDATABLE=true, INSERTABLE=true, SCHEMA_COLUMN=AddressLine1}, {UPDATE_KEY=false, DELETE_KEY=false, UPDATABLE=true, INSERTABLE=true, SCHEMA_COLUMN=AddressLine2}, {UPDATE_KEY=false, DELETE_KEY=false, UPDATABLE=true, INSERTABLE=true, SCHEMA_COLUMN=GeographySK}, {UPDATE_KEY=false, DELETE_KEY=false, UPDATABLE=true, INSERTABLE=true, SCHEMA_COLUMN=CloseReason}, {UPDATE_KEY=false, DELETE_KEY=false, UPDATABLE=true, INSERTABLE=true, SCHEMA_COLUMN=EmployeeCount}, {UPDATE_KEY=false, DELETE_KEY=false, UPDATABLE=true, INSERTABLE=true, SCHEMA_COLUMN=SellingAreaSize}, {UPDATE_KEY=false, DELETE_KEY=false, UPDATABLE=true, INSERTABLE=true, SCHEMA_COLUMN=LastRemodelDate}, {UPDATE_KEY=false, DELETE_KEY=false, UPDATABLE=true, INSERTABLE=true, SCHEMA_COLUMN=SOR_ID}, {UPDATE_KEY=false, DELETE_KEY=false, UPDATABLE=true, INSERTABLE=true, SCHEMA_COLUMN=SOR_LoadDate}, {UPDATE_KEY=false, DELETE_KEY=false, UPDATABLE=true, INSERTABLE=true, SCHEMA_COLUMN=SOR_UpdateDate}, {UPDATE_KEY=false, DELETE_KEY=false, UPDATABLE=true, INSERTABLE=true, SCHEMA_COLUMN=DI_Job_ID}]"/>
          <column name="Ignore date out of range" value="false"/>
          <column name="Enable debug mode" value="false"/>
          <column name="Support null in &quot;SQL WHERE&quot; statement" value="false"/>
          <column name="Use Batch Size" value="true"/>
          <column name="Batch Size" value="1000000"/>
          <column name="Label format" value="__TABLE__"/>
          <column name="Hint format" value="&lt;b&gt;__UNIQUE_NAME__&lt;/b&gt;&lt;br&gt;__COMMENT__"/>
          <column name="Connection format" value="row"/>
          <column name="Show Information" value="false"/>
          <column name="Comment" value=""/>
          <column name="Use an existing validation rule" value="false"/>
          <column name="Validation Rule Type" value=""/>
        </parameters>
        <schemas>
          <schema name="DimStore">
            <column name="StoreID" key="false" type="int" length="10" precision="" nullable="false" comment=""/>
            <column name="StoreKey" key="false" type="int" length="10" precision="" nullable="false" comment=""/>
            <column name="SalesTerritorySK" key="false" type="Integer" length="10" precision="" nullable="true" comment=""/>
            <column name="StoreManager" key="false" type="Integer" length="10" precision="" nullable="true" comment=""/>
            <column name="StoreType" key="false" type="String" length="15" precision="" nullable="true" comment=""/>
            <column name="StoreName" key="false" type="String" length="100" precision="" nullable="false" comment=""/>
            <column name="StoreDescription" key="false" type="String" length="300" precision="" nullable="false" comment=""/>
            <column name="Status" key="false" type="String" length="20" precision="" nullable="false" comment=""/>
            <column name="OpenDate" key="false" type="java.util.Date" length="10" precision="" nullable="false" comment=""/>
            <column name="CloseDate" key="false" type="java.util.Date" length="10" precision="" nullable="true" comment=""/>
            <column name="EntityKey" key="false" type="Integer" length="10" precision="" nullable="true" comment=""/>
            <column name="ZipCode" key="false" type="String" length="20" precision="" nullable="true" comment=""/>
            <column name="ZipCodeExtension" key="false" type="String" length="10" precision="" nullable="true" comment=""/>
            <column name="StorePhone" key="false" type="String" length="15" precision="" nullable="true" comment=""/>
            <column name="StoreFax" key="false" type="String" length="14" precision="" nullable="true" comment=""/>
            <column name="AddressLine1" key="false" type="String" length="100" precision="" nullable="true" comment=""/>
            <column name="AddressLine2" key="false" type="String" length="100" precision="" nullable="true" comment=""/>
            <column name="GeographySK" key="false" type="int" length="10" precision="" nullable="false" comment=""/>
            <column name="CloseReason" key="false" type="String" length="20" precision="" nullable="true" comment=""/>
            <column name="EmployeeCount" key="false" type="Integer" length="10" precision="" nullable="true" comment=""/>
            <column name="SellingAreaSize" key="false" type="Double" length="53" precision="" nullable="true" comment=""/>
            <column name="LastRemodelDate" key="false" type="java.util.Date" length="23" precision="3" nullable="true" comment=""/>
            <column name="SOR_ID" key="false" type="int" length="10" precision="" nullable="false" comment=""/>
            <column name="SOR_LoadDate" key="false" type="java.util.Date" length="23" precision="3" nullable="true" comment=""/>
            <column name="SOR_UpdateDate" key="false" type="java.util.Date" length="23" precision="3" nullable="true" comment=""/>
            <column name="DI_Job_ID" key="false" type="String" length="20" precision="" nullable="false" comment=""/>
          </schema>
        </schemas>
      </component>
      <component icon="pictures/tMSSqlOutput_2.png" uniqueName="tMSSqlOutput_2" label="__TABLE__">
        <input link="tMap_2">tMap_2</input>
        <input link="tMSSqlInput_3">tMSSqlInput_3</input>
        <input link="tMSSqlInput_4">tMSSqlInput_4</input>
        <output>none</output>
        <componentType>tMSSqlOutput</componentType>
        <parameters>
          <column name="Unique Name" value="tMSSqlOutput_2"/>
          <column name="Component Name" value="tMSSqlOutput"/>
          <column name="Version" value="0.102 (ALPHA)"/>
          <column name="Family" value="Databases/MS_SQL_Server"/>
          <column name="Startable" value="false"/>
          <column name="SUBTREE_START" value="false"/>
          <column name="END_OF_FLOW" value="true"/>
          <column name="Activate" value="true"/>
          <column name="DUMMY" value="false"/>
          <column name="tStatCatcher Statistics" value="false"/>
          <column name="Help" value="org.talend.help.tMSSqlOutput"/>
          <column name="Update components" value="true"/>
          <column name="IREPORT_PATH" value=""/>
          <column name="JAVA_LIBRARY_PATH" value="C:\Program Files (x86)\Talend-Studio-6.3\studio\configuration\lib\java"/>
          <column name="Subjob color" value=""/>
          <column name="Title color" value=""/>
          <column name="Enable parallel execution" value="true"/>
          <column name="Number of parallel executions" value="2"/>
          <column name="" value="false"/>
          <column name="Property Type" value="repository: DB (MSSQL):SQLServer_Target"/>
          <column name="Use an existing connection" value="false"/>
          <column name="Component List" value=""/>
          <column name="JDBC Provider" value="JTDS"/>
          <column name="Host" value="&quot;localhost&quot;"/>
          <column name="Port" value="&quot;1433&quot;"/>
          <column name="Schema" value="&quot;&quot;"/>
          <column name="Database" value="&quot;retail_dw&quot;"/>
          <column name="Database Driver" value="MSSQL"/>
          <column name="Username" value="&quot;sa&quot;"/>
          <column name="Password" value="************"/>
          <column name="Table" value="&quot;DimStore&quot;"/>
          <column name="Action on table" value="NONE"/>
          <column name="Turn on Identity insert" value="false"/>
          <column name="Action on data" value="INSERT_OR_UPDATE"/>
          <column name="Specify identity field" value="false"/>
          <column name="Identity field" value="StoreID"/>
          <column name="Start value" value="1"/>
          <column name="Step" value="1"/>
          <column name="REPOSITORY_ALLOW_AUTO_SWITCH" value="true"/>
          <column name="Schema" value="Built-In"/>
          <column name="Reject Schema" value="Built-In"/>
          <column name="Specify a data source alias" value="false"/>
          <column name="Data source alias" value="&quot;&quot;"/>
          <column name="Die on error" value="true"/>
          <column name="Mapping" value="id_MSSQL"/>
          <column name="Additional JDBC Parameters" value="&quot;&quot;"/>
          <column name="Encoding" value="&quot;ISO-8859-15&quot;"/>
          <column name="Commit every" value="500000"/>
          <column name="Additional columns" value="[]"/>
          <column name="Use field options" value="false"/>
          <column name="Field options" value="[{UPDATE_KEY=false, DELETE_KEY=false, UPDATABLE=true, INSERTABLE=true, SCHEMA_COLUMN=StoreID}, {UPDATE_KEY=false, DELETE_KEY=false, UPDATABLE=true, INSERTABLE=true, SCHEMA_COLUMN=StoreKey}, {UPDATE_KEY=false, DELETE_KEY=false, UPDATABLE=true, INSERTABLE=true, SCHEMA_COLUMN=SalesTerritorySK}, {UPDATE_KEY=false, DELETE_KEY=false, UPDATABLE=true, INSERTABLE=true, SCHEMA_COLUMN=StoreManager}, {UPDATE_KEY=false, DELETE_KEY=false, UPDATABLE=true, INSERTABLE=true, SCHEMA_COLUMN=StoreType}, {UPDATE_KEY=false, DELETE_KEY=false, UPDATABLE=true, INSERTABLE=true, SCHEMA_COLUMN=StoreName}, {UPDATE_KEY=false, DELETE_KEY=false, UPDATABLE=true, INSERTABLE=true, SCHEMA_COLUMN=StoreDescription}, {UPDATE_KEY=false, DELETE_KEY=false, UPDATABLE=true, INSERTABLE=true, SCHEMA_COLUMN=Status}, {UPDATE_KEY=false, DELETE_KEY=false, UPDATABLE=true, INSERTABLE=true, SCHEMA_COLUMN=OpenDate}, {UPDATE_KEY=false, DELETE_KEY=false, UPDATABLE=true, INSERTABLE=true, SCHEMA_COLUMN=CloseDate}, {UPDATE_KEY=false, DELETE_KEY=false, UPDATABLE=true, INSERTABLE=true, SCHEMA_COLUMN=EntityKey}, {UPDATE_KEY=false, DELETE_KEY=false, UPDATABLE=true, INSERTABLE=true, SCHEMA_COLUMN=ZipCode}, {UPDATE_KEY=false, DELETE_KEY=false, UPDATABLE=true, INSERTABLE=true, SCHEMA_COLUMN=ZipCodeExtension}, {UPDATE_KEY=false, DELETE_KEY=false, UPDATABLE=true, INSERTABLE=true, SCHEMA_COLUMN=StorePhone}, {UPDATE_KEY=false, DELETE_KEY=false, UPDATABLE=true, INSERTABLE=true, SCHEMA_COLUMN=StoreFax}, {UPDATE_KEY=false, DELETE_KEY=false, UPDATABLE=true, INSERTABLE=true, SCHEMA_COLUMN=AddressLine1}, {UPDATE_KEY=false, DELETE_KEY=false, UPDATABLE=true, INSERTABLE=true, SCHEMA_COLUMN=AddressLine2}, {UPDATE_KEY=false, DELETE_KEY=false, UPDATABLE=true, INSERTABLE=true, SCHEMA_COLUMN=GeographySK}, {UPDATE_KEY=false, DELETE_KEY=false, UPDATABLE=true, INSERTABLE=true, SCHEMA_COLUMN=CloseReason}, {UPDATE_KEY=false, DELETE_KEY=false, UPDATABLE=true, INSERTABLE=true, SCHEMA_COLUMN=EmployeeCount}, {UPDATE_KEY=false, DELETE_KEY=false, UPDATABLE=true, INSERTABLE=true, SCHEMA_COLUMN=SellingAreaSize}, {UPDATE_KEY=false, DELETE_KEY=false, UPDATABLE=true, INSERTABLE=true, SCHEMA_COLUMN=LastRemodelDate}, {UPDATE_KEY=false, DELETE_KEY=false, UPDATABLE=true, INSERTABLE=true, SCHEMA_COLUMN=SOR_ID}, {UPDATE_KEY=false, DELETE_KEY=false, UPDATABLE=true, INSERTABLE=true, SCHEMA_COLUMN=SOR_LoadDate}, {UPDATE_KEY=false, DELETE_KEY=false, UPDATABLE=true, INSERTABLE=true, SCHEMA_COLUMN=SOR_UpdateDate}, {UPDATE_KEY=false, DELETE_KEY=false, UPDATABLE=true, INSERTABLE=true, SCHEMA_COLUMN=DI_Job_ID}]"/>
          <column name="Ignore date out of range" value="false"/>
          <column name="Enable debug mode" value="false"/>
          <column name="Support null in &quot;SQL WHERE&quot; statement" value="false"/>
          <column name="Use Batch Size" value="true"/>
          <column name="Batch Size" value="10000"/>
          <column name="Label format" value="__TABLE__"/>
          <column name="Hint format" value="&lt;b&gt;__UNIQUE_NAME__&lt;/b&gt;&lt;br&gt;__COMMENT__"/>
          <column name="Connection format" value="row"/>
          <column name="Show Information" value="false"/>
          <column name="Comment" value=""/>
          <column name="Use an existing validation rule" value="false"/>
          <column name="Validation Rule Type" value=""/>
        </parameters>
        <schemas>
          <schema name="DimStore">
            <column name="StoreID" key="false" type="int" length="10" precision="" nullable="false" comment=""/>
            <column name="StoreKey" key="true" type="int" length="10" precision="" nullable="false" comment=""/>
            <column name="SalesTerritorySK" key="false" type="Integer" length="10" precision="" nullable="true" comment=""/>
            <column name="StoreManager" key="false" type="Integer" length="10" precision="" nullable="true" comment=""/>
            <column name="StoreType" key="false" type="String" length="15" precision="" nullable="true" comment=""/>
            <column name="StoreName" key="false" type="String" length="100" precision="" nullable="false" comment=""/>
            <column name="StoreDescription" key="false" type="String" length="300" precision="" nullable="false" comment=""/>
            <column name="Status" key="false" type="String" length="20" precision="" nullable="false" comment=""/>
            <column name="OpenDate" key="false" type="java.util.Date" length="10" precision="" nullable="false" comment=""/>
            <column name="CloseDate" key="false" type="java.util.Date" length="10" precision="" nullable="true" comment=""/>
            <column name="EntityKey" key="false" type="Integer" length="10" precision="" nullable="true" comment=""/>
            <column name="ZipCode" key="false" type="String" length="20" precision="" nullable="true" comment=""/>
            <column name="ZipCodeExtension" key="false" type="String" length="10" precision="" nullable="true" comment=""/>
            <column name="StorePhone" key="false" type="String" length="15" precision="" nullable="true" comment=""/>
            <column name="StoreFax" key="false" type="String" length="14" precision="" nullable="true" comment=""/>
            <column name="AddressLine1" key="false" type="String" length="100" precision="" nullable="true" comment=""/>
            <column name="AddressLine2" key="false" type="String" length="100" precision="" nullable="true" comment=""/>
            <column name="GeographySK" key="false" type="int" length="10" precision="" nullable="false" comment=""/>
            <column name="CloseReason" key="false" type="String" length="20" precision="" nullable="true" comment=""/>
            <column name="EmployeeCount" key="false" type="Integer" length="10" precision="" nullable="true" comment=""/>
            <column name="SellingAreaSize" key="false" type="Double" length="53" precision="" nullable="true" comment=""/>
            <column name="LastRemodelDate" key="false" type="java.util.Date" length="23" precision="3" nullable="true" comment=""/>
            <column name="SOR_ID" key="false" type="int" length="10" precision="" nullable="false" comment=""/>
            <column name="SOR_LoadDate" key="false" type="java.util.Date" length="23" precision="3" nullable="true" comment=""/>
            <column name="SOR_UpdateDate" key="false" type="java.util.Date" length="23" precision="3" nullable="true" comment=""/>
            <column name="DI_Job_ID" key="false" type="String" length="20" precision="" nullable="false" comment=""/>
          </schema>
        </schemas>
      </component>
      <component icon="pictures/tMSSqlOutput_3.png" uniqueName="tMSSqlOutput_3" label="__TABLE__">
        <input link="tMap_3">tMap_3</input>
        <input link="tMSSqlInput_5">tMSSqlInput_5</input>
        <input link="tMSSqlInput_6">tMSSqlInput_6</input>
        <output>none</output>
        <componentType>tMSSqlOutput</componentType>
        <parameters>
          <column name="Unique Name" value="tMSSqlOutput_3"/>
          <column name="Component Name" value="tMSSqlOutput"/>
          <column name="Version" value="0.102 (ALPHA)"/>
          <column name="Family" value="Databases/MS_SQL_Server"/>
          <column name="Startable" value="false"/>
          <column name="SUBTREE_START" value="false"/>
          <column name="END_OF_FLOW" value="true"/>
          <column name="Activate" value="true"/>
          <column name="DUMMY" value="false"/>
          <column name="tStatCatcher Statistics" value="false"/>
          <column name="Help" value="org.talend.help.tMSSqlOutput"/>
          <column name="Update components" value="true"/>
          <column name="IREPORT_PATH" value=""/>
          <column name="JAVA_LIBRARY_PATH" value="C:\Program Files (x86)\Talend-Studio-6.3\studio\configuration\lib\java"/>
          <column name="Subjob color" value=""/>
          <column name="Title color" value=""/>
          <column name="Enable parallel execution" value="true"/>
          <column name="Number of parallel executions" value="2"/>
          <column name="" value="false"/>
          <column name="Property Type" value="repository: DB (MSSQL):SQLServer_Target"/>
          <column name="Use an existing connection" value="false"/>
          <column name="Component List" value=""/>
          <column name="JDBC Provider" value="JTDS"/>
          <column name="Host" value="&quot;localhost&quot;"/>
          <column name="Port" value="&quot;1433&quot;"/>
          <column name="Schema" value="&quot;&quot;"/>
          <column name="Database" value="&quot;retail_dw&quot;"/>
          <column name="Database Driver" value="MSSQL"/>
          <column name="Username" value="&quot;sa&quot;"/>
          <column name="Password" value="************"/>
          <column name="Table" value="&quot;DimStore&quot;"/>
          <column name="Action on table" value="NONE"/>
          <column name="Turn on Identity insert" value="false"/>
          <column name="Action on data" value="INSERT_OR_UPDATE"/>
          <column name="Specify identity field" value="false"/>
          <column name="Identity field" value="StoreID"/>
          <column name="Start value" value="1"/>
          <column name="Step" value="1"/>
          <column name="REPOSITORY_ALLOW_AUTO_SWITCH" value="true"/>
          <column name="Schema" value="Built-In"/>
          <column name="Reject Schema" value="Built-In"/>
          <column name="Specify a data source alias" value="false"/>
          <column name="Data source alias" value="&quot;&quot;"/>
          <column name="Die on error" value="true"/>
          <column name="Mapping" value="id_MSSQL"/>
          <column name="Additional JDBC Parameters" value="&quot;&quot;"/>
          <column name="Encoding" value="&quot;ISO-8859-15&quot;"/>
          <column name="Commit every" value="500000"/>
          <column name="Additional columns" value="[]"/>
          <column name="Use field options" value="false"/>
          <column name="Field options" value="[{UPDATE_KEY=false, DELETE_KEY=false, UPDATABLE=true, INSERTABLE=true, SCHEMA_COLUMN=StoreID}, {UPDATE_KEY=false, DELETE_KEY=false, UPDATABLE=true, INSERTABLE=true, SCHEMA_COLUMN=StoreKey}, {UPDATE_KEY=false, DELETE_KEY=false, UPDATABLE=true, INSERTABLE=true, SCHEMA_COLUMN=SalesTerritorySK}, {UPDATE_KEY=false, DELETE_KEY=false, UPDATABLE=true, INSERTABLE=true, SCHEMA_COLUMN=StoreManager}, {UPDATE_KEY=false, DELETE_KEY=false, UPDATABLE=true, INSERTABLE=true, SCHEMA_COLUMN=StoreType}, {UPDATE_KEY=false, DELETE_KEY=false, UPDATABLE=true, INSERTABLE=true, SCHEMA_COLUMN=StoreName}, {UPDATE_KEY=false, DELETE_KEY=false, UPDATABLE=true, INSERTABLE=true, SCHEMA_COLUMN=StoreDescription}, {UPDATE_KEY=false, DELETE_KEY=false, UPDATABLE=true, INSERTABLE=true, SCHEMA_COLUMN=Status}, {UPDATE_KEY=false, DELETE_KEY=false, UPDATABLE=true, INSERTABLE=true, SCHEMA_COLUMN=OpenDate}, {UPDATE_KEY=false, DELETE_KEY=false, UPDATABLE=true, INSERTABLE=true, SCHEMA_COLUMN=CloseDate}, {UPDATE_KEY=false, DELETE_KEY=false, UPDATABLE=true, INSERTABLE=true, SCHEMA_COLUMN=EntityKey}, {UPDATE_KEY=false, DELETE_KEY=false, UPDATABLE=true, INSERTABLE=true, SCHEMA_COLUMN=ZipCode}, {UPDATE_KEY=false, DELETE_KEY=false, UPDATABLE=true, INSERTABLE=true, SCHEMA_COLUMN=ZipCodeExtension}, {UPDATE_KEY=false, DELETE_KEY=false, UPDATABLE=true, INSERTABLE=true, SCHEMA_COLUMN=StorePhone}, {UPDATE_KEY=false, DELETE_KEY=false, UPDATABLE=true, INSERTABLE=true, SCHEMA_COLUMN=StoreFax}, {UPDATE_KEY=false, DELETE_KEY=false, UPDATABLE=true, INSERTABLE=true, SCHEMA_COLUMN=AddressLine1}, {UPDATE_KEY=false, DELETE_KEY=false, UPDATABLE=true, INSERTABLE=true, SCHEMA_COLUMN=AddressLine2}, {UPDATE_KEY=false, DELETE_KEY=false, UPDATABLE=true, INSERTABLE=true, SCHEMA_COLUMN=GeographySK}, {UPDATE_KEY=false, DELETE_KEY=false, UPDATABLE=true, INSERTABLE=true, SCHEMA_COLUMN=CloseReason}, {UPDATE_KEY=false, DELETE_KEY=false, UPDATABLE=true, INSERTABLE=true, SCHEMA_COLUMN=EmployeeCount}, {UPDATE_KEY=false, DELETE_KEY=false, UPDATABLE=true, INSERTABLE=true, SCHEMA_COLUMN=SellingAreaSize}, {UPDATE_KEY=false, DELETE_KEY=false, UPDATABLE=true, INSERTABLE=true, SCHEMA_COLUMN=LastRemodelDate}, {UPDATE_KEY=false, DELETE_KEY=false, UPDATABLE=true, INSERTABLE=true, SCHEMA_COLUMN=SOR_ID}, {UPDATE_KEY=false, DELETE_KEY=false, UPDATABLE=true, INSERTABLE=true, SCHEMA_COLUMN=SOR_LoadDate}, {UPDATE_KEY=false, DELETE_KEY=false, UPDATABLE=true, INSERTABLE=true, SCHEMA_COLUMN=SOR_UpdateDate}, {UPDATE_KEY=false, DELETE_KEY=false, UPDATABLE=true, INSERTABLE=true, SCHEMA_COLUMN=DI_Job_ID}]"/>
          <column name="Ignore date out of range" value="false"/>
          <column name="Enable debug mode" value="false"/>
          <column name="Support null in &quot;SQL WHERE&quot; statement" value="false"/>
          <column name="Use Batch Size" value="true"/>
          <column name="Batch Size" value="10000"/>
          <column name="Label format" value="__TABLE__"/>
          <column name="Hint format" value="&lt;b&gt;__UNIQUE_NAME__&lt;/b&gt;&lt;br&gt;__COMMENT__"/>
          <column name="Connection format" value="row"/>
          <column name="Show Information" value="false"/>
          <column name="Comment" value=""/>
          <column name="Use an existing validation rule" value="false"/>
          <column name="Validation Rule Type" value=""/>
        </parameters>
        <schemas>
          <schema name="DimStore">
            <column name="StoreID" key="false" type="int" length="10" precision="" nullable="false" comment=""/>
            <column name="StoreKey" key="true" type="int" length="10" precision="" nullable="false" comment=""/>
            <column name="SalesTerritorySK" key="false" type="Integer" length="10" precision="" nullable="true" comment=""/>
            <column name="StoreManager" key="false" type="Integer" length="10" precision="" nullable="true" comment=""/>
            <column name="StoreType" key="false" type="String" length="15" precision="" nullable="true" comment=""/>
            <column name="StoreName" key="false" type="String" length="100" precision="" nullable="false" comment=""/>
            <column name="StoreDescription" key="false" type="String" length="300" precision="" nullable="false" comment=""/>
            <column name="Status" key="false" type="String" length="20" precision="" nullable="false" comment=""/>
            <column name="OpenDate" key="false" type="java.util.Date" length="10" precision="" nullable="false" comment=""/>
            <column name="CloseDate" key="false" type="java.util.Date" length="10" precision="" nullable="true" comment=""/>
            <column name="EntityKey" key="false" type="Integer" length="10" precision="" nullable="true" comment=""/>
            <column name="ZipCode" key="false" type="String" length="20" precision="" nullable="true" comment=""/>
            <column name="ZipCodeExtension" key="false" type="String" length="10" precision="" nullable="true" comment=""/>
            <column name="StorePhone" key="false" type="String" length="15" precision="" nullable="true" comment=""/>
            <column name="StoreFax" key="false" type="String" length="14" precision="" nullable="true" comment=""/>
            <column name="AddressLine1" key="false" type="String" length="100" precision="" nullable="true" comment=""/>
            <column name="AddressLine2" key="false" type="String" length="100" precision="" nullable="true" comment=""/>
            <column name="GeographySK" key="false" type="int" length="10" precision="" nullable="false" comment=""/>
            <column name="CloseReason" key="false" type="String" length="20" precision="" nullable="true" comment=""/>
            <column name="EmployeeCount" key="false" type="Integer" length="10" precision="" nullable="true" comment=""/>
            <column name="SellingAreaSize" key="false" type="Double" length="53" precision="" nullable="true" comment=""/>
            <column name="LastRemodelDate" key="false" type="java.util.Date" length="23" precision="3" nullable="true" comment=""/>
            <column name="SOR_ID" key="false" type="int" length="10" precision="" nullable="false" comment=""/>
            <column name="SOR_LoadDate" key="false" type="java.util.Date" length="23" precision="3" nullable="true" comment=""/>
            <column name="SOR_UpdateDate" key="false" type="java.util.Date" length="23" precision="3" nullable="true" comment=""/>
            <column name="DI_Job_ID" key="false" type="String" length="20" precision="" nullable="false" comment=""/>
          </schema>
        </schemas>
      </component>
      <component icon="pictures/tMysqlInput_1.png" uniqueName="tMysqlInput_1" label="__TABLE__">
        <input>none</input>
        <output link="tMap_1">tMap_1</output>
        <output link="tPostgresqlInput_1">tPostgresqlInput_1</output>
        <componentType>tMysqlInput</componentType>
        <parameters>
          <column name="Unique Name" value="tMysqlInput_1"/>
          <column name="Component Name" value="tMysqlInput"/>
          <column name="Version" value="0.102 (ALPHA)"/>
          <column name="Family" value="Databases/MySQL"/>
          <column name="Start" value="true"/>
          <column name="Startable" value="true"/>
          <column name="SUBTREE_START" value="true"/>
          <column name="END_OF_FLOW" value="false"/>
          <column name="Activate" value="true"/>
          <column name="DUMMY" value="false"/>
          <column name="tStatCatcher Statistics" value="false"/>
          <column name="Help" value="org.talend.help.tMysqlInput"/>
          <column name="Update components" value="true"/>
          <column name="IREPORT_PATH" value=""/>
          <column name="JAVA_LIBRARY_PATH" value="C:\Program Files (x86)\Talend-Studio-6.3\studio\configuration\lib\java"/>
          <column name="Subjob color" value=""/>
          <column name="Title color" value=""/>
          <column name="Enable parallel execution" value="false"/>
          <column name="Number of parallel executions" value="2"/>
          <column name="" value="false"/>
          <column name="Property Type" value="repository: DB (MYSQL):MySQL_SOR"/>
          <column name="DB Version" value="MYSQL_5"/>
          <column name="Use an existing connection" value="false"/>
          <column name="Component List" value=""/>
          <column name="Host" value="&quot;localhost&quot;"/>
          <column name="Port" value="&quot;3306&quot;"/>
          <column name="Database" value="&quot;retail_sor_eu&quot;"/>
          <column name="Database Driver" value="MYSQL"/>
          <column name="Username" value="&quot;root&quot;"/>
          <column name="Password" value="************"/>
          <column name="REPOSITORY_ALLOW_AUTO_SWITCH" value="true"/>
          <column name="Schema" value="Built-In"/>
          <column name="Table Name" value="&quot;dimstore&quot;"/>
          <column name="Query Type" value="Built-In"/>
          <column name="Guess Schema" value="&quot;&quot;"/>
          <column name="Query" value="&quot;SELECT 
  `dimstore`.`StoreID`, 
  `dimstore`.`StoreKey`, 
  `dimstore`.`EntityKey`, 
  `dimstore`.`StoreManager`, 
  `dimstore`.`StoreType`, 
  `dimstore`.`StoreName`, 
  `dimstore`.`StoreDescription`, 
  `dimstore`.`Status`, 
  `dimstore`.`OpenDate`, 
  `dimstore`.`CloseDate`, 
  `dimstore`.`ZipCode`, 
  `dimstore`.`ZipCodeExtension`, 
  `dimstore`.`StorePhone`, 
  `dimstore`.`StoreFax`, 
  `dimstore`.`AddressLine1`, 
  `dimstore`.`AddressLine2`, 
  `dimstore`.`GeographyKey`, 
  `dimstore`.`CloseReason`, 
  `dimstore`.`EmployeeCount`, 
  `dimstore`.`SellingAreaSize`, 
  `dimstore`.`LastRemodelDate`, 
  `dimstore`.`ETLLoadID`, 
  `dimstore`.`LoadDate`, 
  `dimstore`.`UpdateDate`, 
  `dimstore`.`SOR_ID`
FROM `dimstore`&quot;"/>
          <column name="Specify a data source alias" value="false"/>
          <column name="Data source alias" value="&quot;&quot;"/>
          <column name="Mapping" value="mysql_id"/>
          <column name="Additional JDBC Parameters" value="&quot;noDatetimeStringSync=true&quot;"/>
          <column name="Encoding" value="&quot;ISO-8859-15&quot;"/>
          <column name="Enable stream" value="true"/>
          <column name="Trim all the String/Char columns" value="true"/>
          <column name="Trim column" value="[{TRIM=false, SCHEMA_COLUMN=StoreID}, {TRIM=false, SCHEMA_COLUMN=StoreKey}, {TRIM=false, SCHEMA_COLUMN=EntityKey}, {TRIM=false, SCHEMA_COLUMN=StoreManager}, {TRIM=false, SCHEMA_COLUMN=StoreType}, {TRIM=false, SCHEMA_COLUMN=StoreName}, {TRIM=false, SCHEMA_COLUMN=StoreDescription}, {TRIM=false, SCHEMA_COLUMN=Status}, {TRIM=false, SCHEMA_COLUMN=OpenDate}, {TRIM=false, SCHEMA_COLUMN=CloseDate}, {TRIM=false, SCHEMA_COLUMN=ZipCode}, {TRIM=false, SCHEMA_COLUMN=ZipCodeExtension}, {TRIM=false, SCHEMA_COLUMN=StorePhone}, {TRIM=false, SCHEMA_COLUMN=StoreFax}, {TRIM=false, SCHEMA_COLUMN=AddressLine1}, {TRIM=false, SCHEMA_COLUMN=AddressLine2}, {TRIM=false, SCHEMA_COLUMN=GeographyKey}, {TRIM=false, SCHEMA_COLUMN=CloseReason}, {TRIM=false, SCHEMA_COLUMN=EmployeeCount}, {TRIM=false, SCHEMA_COLUMN=SellingAreaSize}, {TRIM=false, SCHEMA_COLUMN=LastRemodelDate}, {TRIM=false, SCHEMA_COLUMN=ETLLoadID}, {TRIM=false, SCHEMA_COLUMN=LoadDate}, {TRIM=false, SCHEMA_COLUMN=UpdateDate}, {TRIM=false, SCHEMA_COLUMN=SOR_ID}]"/>
          <column name="Label format" value="__TABLE__"/>
          <column name="Hint format" value="&lt;b&gt;__UNIQUE_NAME__&lt;/b&gt;&lt;br&gt;__COMMENT__"/>
          <column name="Connection format" value="row"/>
          <column name="Show Information" value="false"/>
          <column name="Comment" value=""/>
          <column name="Use an existing validation rule" value="false"/>
          <column name="Validation Rule Type" value=""/>
        </parameters>
        <schemas>
          <schema name="dimstore">
            <column name="StoreID" key="true" type="int" length="10" precision="" nullable="false" comment=""/>
            <column name="StoreKey" key="false" type="int" length="10" precision="" nullable="false" comment=""/>
            <column name="EntityKey" key="false" type="Integer" length="10" precision="" nullable="true" comment=""/>
            <column name="StoreManager" key="false" type="Integer" length="10" precision="" nullable="true" comment=""/>
            <column name="StoreType" key="false" type="String" length="15" precision="" nullable="true" comment=""/>
            <column name="StoreName" key="false" type="String" length="100" precision="" nullable="false" comment=""/>
            <column name="StoreDescription" key="false" type="String" length="300" precision="" nullable="false" comment=""/>
            <column name="Status" key="false" type="String" length="20" precision="" nullable="false" comment=""/>
            <column name="OpenDate" key="false" type="java.util.Date" length="19" precision="" nullable="false" comment=""/>
            <column name="CloseDate" key="false" type="java.util.Date" length="19" precision="" nullable="true" comment=""/>
            <column name="ZipCode" key="false" type="String" length="20" precision="" nullable="true" comment=""/>
            <column name="ZipCodeExtension" key="false" type="String" length="10" precision="" nullable="true" comment=""/>
            <column name="StorePhone" key="false" type="String" length="15" precision="" nullable="true" comment=""/>
            <column name="StoreFax" key="false" type="String" length="14" precision="" nullable="true" comment=""/>
            <column name="AddressLine1" key="false" type="String" length="100" precision="" nullable="true" comment=""/>
            <column name="AddressLine2" key="false" type="String" length="100" precision="" nullable="true" comment=""/>
            <column name="GeographyKey" key="false" type="int" length="10" precision="" nullable="false" comment=""/>
            <column name="CloseReason" key="false" type="String" length="20" precision="" nullable="true" comment=""/>
            <column name="EmployeeCount" key="false" type="Integer" length="10" precision="" nullable="true" comment=""/>
            <column name="SellingAreaSize" key="false" type="Double" length="22" precision="" nullable="true" comment=""/>
            <column name="LastRemodelDate" key="false" type="java.util.Date" length="19" precision="" nullable="true" comment=""/>
            <column name="ETLLoadID" key="false" type="Integer" length="10" precision="" nullable="true" comment=""/>
            <column name="LoadDate" key="false" type="java.util.Date" length="19" precision="" nullable="true" comment=""/>
            <column name="UpdateDate" key="false" type="java.util.Date" length="19" precision="" nullable="true" comment=""/>
            <column name="SOR_ID" key="false" type="Integer" length="20" precision="" nullable="true" comment=""/>
          </schema>
        </schemas>
      </component>
      <component icon="pictures/tPostgresqlInput_1.png" uniqueName="tPostgresqlInput_1" label="__TABLE__">
        <input link="tMysqlInput_1">tMysqlInput_1</input>
        <output link="tMap_2">tMap_2</output>
        <output link="tMSSqlInput_7">tMSSqlInput_7</output>
        <componentType>tPostgresqlInput</componentType>
        <parameters>
          <column name="Unique Name" value="tPostgresqlInput_1"/>
          <column name="Component Name" value="tPostgresqlInput"/>
          <column name="Version" value="0.102 (ALPHA)"/>
          <column name="Family" value="Databases/PostgreSQL"/>
          <column name="Start" value="false"/>
          <column name="Startable" value="true"/>
          <column name="SUBTREE_START" value="true"/>
          <column name="END_OF_FLOW" value="false"/>
          <column name="Activate" value="true"/>
          <column name="DUMMY" value="false"/>
          <column name="tStatCatcher Statistics" value="false"/>
          <column name="Help" value="org.talend.help.tPostgresqlInput"/>
          <column name="Update components" value="true"/>
          <column name="IREPORT_PATH" value=""/>
          <column name="JAVA_LIBRARY_PATH" value="C:\Program Files (x86)\Talend-Studio-6.3\studio\configuration\lib\java"/>
          <column name="Subjob color" value=""/>
          <column name="Title color" value=""/>
          <column name="Enable parallel execution" value="false"/>
          <column name="Number of parallel executions" value="2"/>
          <column name="" value="false"/>
          <column name="Property Type" value="repository: DB (POSTGRESQL):PostGRES_SOR"/>
          <column name="Use an existing connection" value="false"/>
          <column name="Component List" value=""/>
          <column name="DB Version" value="PRIOR_TO_V9"/>
          <column name="Host" value="&quot;localhost&quot;"/>
          <column name="Database Driver" value="POSTGRESQL"/>
          <column name="Port" value="&quot;5432&quot;"/>
          <column name="Database" value="&quot;retail_sor_as&quot;"/>
          <column name="Schema" value="&quot;&quot;"/>
          <column name="Username" value="&quot;postgres&quot;"/>
          <column name="Password" value="************"/>
          <column name="REPOSITORY_ALLOW_AUTO_SWITCH" value="true"/>
          <column name="Schema" value="Built-In"/>
          <column name="Table Name" value="&quot;dimstore&quot;"/>
          <column name="Query Type" value="Built-In"/>
          <column name="Guess Schema" value="&quot;&quot;"/>
          <column name="Query" value="&quot;select \&quot;dimstore\&quot;.\&quot;storeid\&quot;,\&quot;dimstore\&quot;.\&quot;storekey\&quot;,\&quot;dimstore\&quot;.\&quot;storemanager\&quot;,
 \&quot;dimstore\&quot;.\&quot;storetype\&quot;,\&quot;dimstore\&quot;.\&quot;storename\&quot;,\&quot;dimstore\&quot;.\&quot;storedescription\&quot;,
 \&quot;dimstore\&quot;.\&quot;status\&quot;,\&quot;dimstore\&quot;.\&quot;opendate\&quot;,\&quot;dimstore\&quot;.\&quot;closedate\&quot;,
 \&quot;dimstore\&quot;.\&quot;entitykey\&quot;,\&quot;dimstore\&quot;.\&quot;zipcode\&quot;,\&quot;dimstore\&quot;.\&quot;zipcodeextension\&quot;,
 \&quot;dimstore\&quot;.\&quot;storephone\&quot;,\&quot;dimstore\&quot;.\&quot;storefax\&quot;,\&quot;dimstore\&quot;.\&quot;addressline1\&quot;,
 \&quot;dimstore\&quot;.\&quot;addressline2\&quot;,\&quot;dimstore\&quot;.\&quot;closereason\&quot;,\&quot;dimstore\&quot;.\&quot;employeecount\&quot;,
 \&quot;dimstore\&quot;.\&quot;sellingareasize\&quot;,\&quot;dimstore\&quot;.\&quot;lastremodeldate\&quot;,\&quot;dimstore\&quot;.\&quot;geographykey\&quot;,
 \&quot;dimstore\&quot;.\&quot;etlloadid\&quot;,\&quot;dimstore\&quot;.\&quot;loaddate\&quot;,\&quot;dimstore\&quot;.\&quot;updatedate\&quot;,
 \&quot;dimstore\&quot;.\&quot;sor_id\&quot; 
from \&quot;dimstore\&quot;&quot;"/>
          <column name="Specify a data source alias" value="false"/>
          <column name="Data source alias" value="&quot;&quot;"/>
          <column name="Mapping" value="postgres_id"/>
          <column name="Encoding" value="&quot;ISO-8859-15&quot;"/>
          <column name="Use cursor" value="false"/>
          <column name="Cursor size" value="1000"/>
          <column name="Trim all the String/Char columns" value="true"/>
          <column name="Trim column" value="[{TRIM=false, SCHEMA_COLUMN=storeid}, {TRIM=false, SCHEMA_COLUMN=storekey}, {TRIM=false, SCHEMA_COLUMN=storemanager}, {TRIM=false, SCHEMA_COLUMN=storetype}, {TRIM=false, SCHEMA_COLUMN=storename}, {TRIM=false, SCHEMA_COLUMN=storedescription}, {TRIM=false, SCHEMA_COLUMN=status}, {TRIM=false, SCHEMA_COLUMN=opendate}, {TRIM=false, SCHEMA_COLUMN=closedate}, {TRIM=false, SCHEMA_COLUMN=entitykey}, {TRIM=false, SCHEMA_COLUMN=zipcode}, {TRIM=false, SCHEMA_COLUMN=zipcodeextension}, {TRIM=false, SCHEMA_COLUMN=storephone}, {TRIM=false, SCHEMA_COLUMN=storefax}, {TRIM=false, SCHEMA_COLUMN=addressline1}, {TRIM=false, SCHEMA_COLUMN=addressline2}, {TRIM=false, SCHEMA_COLUMN=closereason}, {TRIM=false, SCHEMA_COLUMN=employeecount}, {TRIM=false, SCHEMA_COLUMN=sellingareasize}, {TRIM=false, SCHEMA_COLUMN=lastremodeldate}, {TRIM=false, SCHEMA_COLUMN=geographykey}, {TRIM=false, SCHEMA_COLUMN=etlloadid}, {TRIM=false, SCHEMA_COLUMN=loaddate}, {TRIM=false, SCHEMA_COLUMN=updatedate}, {TRIM=false, SCHEMA_COLUMN=sor_id}]"/>
          <column name="Label format" value="__TABLE__"/>
          <column name="Hint format" value="&lt;b&gt;__UNIQUE_NAME__&lt;/b&gt;&lt;br&gt;__COMMENT__"/>
          <column name="Connection format" value="row"/>
          <column name="Show Information" value="false"/>
          <column name="Comment" value=""/>
          <column name="Use an existing validation rule" value="false"/>
          <column name="Validation Rule Type" value=""/>
        </parameters>
        <schemas>
          <schema name="dimstore">
            <column name="storeid" key="true" type="int" length="10" precision="" nullable="false" comment=""/>
            <column name="storekey" key="false" type="int" length="10" precision="" nullable="false" comment=""/>
            <column name="storemanager" key="false" type="Integer" length="10" precision="" nullable="true" comment=""/>
            <column name="storetype" key="false" type="String" length="15" precision="" nullable="true" comment=""/>
            <column name="storename" key="false" type="String" length="100" precision="" nullable="false" comment=""/>
            <column name="storedescription" key="false" type="String" length="300" precision="" nullable="false" comment=""/>
            <column name="status" key="false" type="String" length="20" precision="" nullable="false" comment=""/>
            <column name="opendate" key="false" type="java.util.Date" length="13" precision="" nullable="false" comment=""/>
            <column name="closedate" key="false" type="java.util.Date" length="13" precision="" nullable="true" comment=""/>
            <column name="entitykey" key="false" type="Integer" length="10" precision="" nullable="true" comment=""/>
            <column name="zipcode" key="false" type="String" length="20" precision="" nullable="true" comment=""/>
            <column name="zipcodeextension" key="false" type="String" length="10" precision="" nullable="true" comment=""/>
            <column name="storephone" key="false" type="String" length="15" precision="" nullable="true" comment=""/>
            <column name="storefax" key="false" type="String" length="14" precision="" nullable="true" comment=""/>
            <column name="addressline1" key="false" type="String" length="100" precision="" nullable="true" comment=""/>
            <column name="addressline2" key="false" type="String" length="100" precision="" nullable="true" comment=""/>
            <column name="closereason" key="false" type="String" length="20" precision="" nullable="true" comment=""/>
            <column name="employeecount" key="false" type="Integer" length="10" precision="" nullable="true" comment=""/>
            <column name="sellingareasize" key="false" type="Double" length="17" precision="17" nullable="true" comment=""/>
            <column name="lastremodeldate" key="false" type="java.util.Date" length="13" precision="" nullable="true" comment=""/>
            <column name="geographykey" key="false" type="int" length="10" precision="" nullable="false" comment=""/>
            <column name="etlloadid" key="false" type="Integer" length="10" precision="" nullable="true" comment=""/>
            <column name="loaddate" key="false" type="java.util.Date" length="26" precision="3" nullable="true" comment=""/>
            <column name="updatedate" key="false" type="java.util.Date" length="26" precision="3" nullable="true" comment=""/>
            <column name="sor_id" key="false" type="Integer" length="2147483647" precision="" nullable="true" comment=""/>
          </schema>
        </schemas>
      </component>
    </internalNodeComponents>
    <externalNodeComponents>
      <component icon="pictures/CNTL_Job_Tracking_Stats_CHILD_1.png" uniqueName="CNTL_Job_Tracking_Stats_CHILD_1" label="CNTL_Job_Tracking_Stats_CHILD">
        <input>none</input>
        <output>none</output>
        <componentType>CNTL_Job_Tracking_Stats_CHILD</componentType>
        <parameters>
          <column name="Version">Latest</column>
          <column name="Show Information">false</column>
          <column name="Comment"></column>
        </parameters>
        <!--CNTL_Job_Tracking_Stats_CHILD_1-->
      </component>
      <component icon="pictures/tMap_1.png" uniqueName="tMap_1" label="__UNIQUE_NAME__">
        <input link="tMap_1">tMap_1</input>
        <input link="tMSSqlInput_1">tMSSqlInput_1</input>
        <input link="tMSSqlInput_2">tMSSqlInput_2</input>
        <output link="tMSSqlOutput_1">tMSSqlOutput_1</output>
        <componentType>tMap</componentType>
        <!--tMap_1-->
      </component>
      <component icon="pictures/tMap_2.png" uniqueName="tMap_2" label="__UNIQUE_NAME__">
        <input link="tMap_2">tMap_2</input>
        <input link="tMSSqlInput_3">tMSSqlInput_3</input>
        <input link="tMSSqlInput_4">tMSSqlInput_4</input>
        <output link="tMSSqlOutput_2">tMSSqlOutput_2</output>
        <componentType>tMap</componentType>
        <!--tMap_2-->
      </component>
      <component icon="pictures/tMap_3.png" uniqueName="tMap_3" label="__UNIQUE_NAME__">
        <input link="tMap_3">tMap_3</input>
        <input link="tMSSqlInput_5">tMSSqlInput_5</input>
        <input link="tMSSqlInput_6">tMSSqlInput_6</input>
        <output link="tMSSqlOutput_3">tMSSqlOutput_3</output>
        <componentType>tMap</componentType>
        <!--tMap_3-->
      </component>
    </externalNodeComponents>
    <connections>
      <connection label="store_mysql" lineStyle="0" metaname="tMysqlInput_1" offsetLabelX="0" offsetLabelY="0" source="tMysqlInput_1" target="tMap_1"/>
      <connection label="OnSubjobOk" lineStyle="1" metaname="tMysqlInput_1" offsetLabelX="0" offsetLabelY="0" source="tMysqlInput_1" target="tPostgresqlInput_1"/>
      <connection label="op" lineStyle="0" metaname="op" offsetLabelX="0" offsetLabelY="0" source="tMap_1" target="tMSSqlOutput_1"/>
      <connection label="geo_lkp_mysql" lineStyle="8" metaname="tMSSqlInput_1" offsetLabelX="0" offsetLabelY="0" source="tMSSqlInput_1" target="tMap_1"/>
      <connection label="territory_lkp_mysql" lineStyle="8" metaname="tMSSqlInput_2" offsetLabelX="0" offsetLabelY="0" source="tMSSqlInput_2" target="tMap_1"/>
      <connection label="store_postgres" lineStyle="0" metaname="tPostgresqlInput_1" offsetLabelX="0" offsetLabelY="0" source="tPostgresqlInput_1" target="tMap_2"/>
      <connection label="OnSubjobOk" lineStyle="1" metaname="tPostgresqlInput_1" offsetLabelX="0" offsetLabelY="0" source="tPostgresqlInput_1" target="tMSSqlInput_7"/>
      <connection label="op1" lineStyle="0" metaname="op1" offsetLabelX="0" offsetLabelY="0" source="tMap_2" target="tMSSqlOutput_2"/>
      <connection label="geo_lkp_postgres" lineStyle="8" metaname="tMSSqlInput_3" offsetLabelX="0" offsetLabelY="0" source="tMSSqlInput_3" target="tMap_2"/>
      <connection label="territory_lkp_postgres" lineStyle="8" metaname="tMSSqlInput_4" offsetLabelX="0" offsetLabelY="0" source="tMSSqlInput_4" target="tMap_2"/>
      <connection label="store_sqlserver" lineStyle="0" metaname="tMSSqlInput_7" offsetLabelX="0" offsetLabelY="0" source="tMSSqlInput_7" target="tMap_3"/>
      <connection label="op2" lineStyle="0" metaname="op2" offsetLabelX="0" offsetLabelY="0" source="tMap_3" target="tMSSqlOutput_3"/>
      <connection label="geo_lkp_sqlserver" lineStyle="8" metaname="tMSSqlInput_5" offsetLabelX="0" offsetLabelY="0" source="tMSSqlInput_5" target="tMap_3"/>
      <connection label="territory_lkp_sqlserver" lineStyle="8" metaname="tMSSqlInput_6" offsetLabelX="0" offsetLabelY="0" source="tMSSqlInput_6" target="tMap_3"/>
    </connections>
  </job>
</project>
