<?xml version="1.1" encoding="UTF-8"?>

<project i18n.job.generated.documetation="Generated documentation" i18n.job.project.name="Project Name" i18n.job.generated.date="GENERATION DATE" i18n.job.author="AUTHOR" i18n.job.summary="Summary" i18n.job.project.description="Project Description" i18n.job.job.description="Description" i18n.job.job.preview.picture="Preview Picture" i18n.job.job.setting="Settings" i18n.job.context.list="Context List" i18n.job.component.list="Component List" i18n.job.components.description="Components Description" i18n.job.source.code="Source Code" i18n.job.properties="Properties" i18n.job.values="Values" i18n.job.name="Name" i18n.job.language="Language" i18n.job.description="Description" i18n.job.author.min="Author" i18n.job.version="Version" i18n.job.purpose="Purpose" i18n.job.status="Status" i18n.job.creation="Creation" i18n.job.modification="Modification" i18n.job.extract.settings="Extra settings" i18n.job.value="Value" i18n.job.stats.logs="Status &amp; Logs" i18n.job.context="Context" i18n.job.promt="Prompt" i18n.job.need.promt="Need Prompt?" i18n.job.type="Type" i18n.job.source="Source" i18n.job.component.name="Component Name" i18n.job.component.type="Component Type" i18n.job.component="Component" i18n.job.unique.name="UNIQUE NAME" i18n.job.input="INPUT(S)" i18n.job.label="LABEL" i18n.job.output="OUTPUT(S)" i18n.job.component.parameters="Component Parameters:" i18n.job.schema.for="Schema for " i18n.job.column="Column" i18n.job.key="Key" i18n.job.length="Length" i18n.job.precision="Precision" i18n.job.nullable="Nullable" i18n.job.comment="Comment" i18n.job.original.function.parameters="Original Function Parameters:" i18n.job.ended="ended" i18n.job.content="content" i18n.route.manifest.type="Type" i18n.route.manifest.value="Value" i18n.route.resource.name="Name" i18n.route.resource.version="Version" i18n.route.resource.path="Path" name="Final_Project" logo="pictures/logo.jpg" title="Generated by Talend Data Fabric" link="http://www.talend.com" language="java" generatedDate="Apr 30, 2017 12:31:55 AM" versionName="Talend Data Fabric VERSION " version="6.3.1.20161216_1026" docType="Jobs" company="">
  <pro-description><![CDATA[]]></pro-description>
  <job name="price_eur" author="user@talend.com" i18n.job.extract.settings.type="i18n.job.extract.settings" i18n.job.stats.logs.type="i18n.job.stats.logs" version="0.1" purpose="" status="" creation="Apr 24, 2017 4:09:57 AM" modification="Apr 24, 2017 8:47:46 PM">
    <description><![CDATA[<br/>]]></description>
    <preview picture="pictures/price_eur_0.1.png"/>
    <contextList>
      <context name="Default"/>
    </contextList>
    <jobSetting>
      <extra>
        <jobParameter name="COMP_DEFAULT_FILE_DIR" value=""/>
        <jobParameter name="Multi thread execution" value="false"/>
        <jobParameter name="Implicit tContextLoad" value="false"/>
      </extra>
      <Statslogs>
        <jobParameter name="Use statistics (tStatCatcher)" value="false"/>
        <jobParameter name="Use logs (tLogCatcher)" value="false"/>
        <jobParameter name="Use volumetrics (tFlowMeterCatcher)" value="false"/>
        <jobParameter name="On Console" value="false"/>
        <jobParameter name="On Files" value="false"/>
        <jobParameter name="On Databases" value="false"/>
        <jobParameter name="Catch components statistics" value="false"/>
        <jobParameter name="Catch runtime errors" value="true"/>
        <jobParameter name="Catch user errors" value="true"/>
        <jobParameter name="Catch user warnings" value="true"/>
      </Statslogs>
    </jobSetting>
    <componentList>
      <componentItem name="tFileInputDelimited_1" link="tFileInputDelimited_1" type="tFileInputDelimited" leftTopX="192" leftTopY="32" rightBottomX="224" rightBottomY="64"/>
      <componentItem name="tFileInputDelimited_2" link="tFileInputDelimited_2" type="tFileInputDelimited" leftTopX="192" leftTopY="224" rightBottomX="224" rightBottomY="256"/>
      <componentItem name="tFileInputDelimited_3" link="tFileInputDelimited_3" type="tFileInputDelimited" leftTopX="192" leftTopY="416" rightBottomX="224" rightBottomY="448"/>
      <componentItem name="tFileInputDelimited_4" link="tFileInputDelimited_4" type="tFileInputDelimited" leftTopX="192" leftTopY="608" rightBottomX="224" rightBottomY="640"/>
      <componentItem name="tMSSqlInput_1" link="tMSSqlInput_1" type="tMSSqlInput" leftTopX="288" leftTopY="96" rightBottomX="320" rightBottomY="128"/>
      <componentItem name="tMSSqlInput_2" link="tMSSqlInput_2" type="tMSSqlInput" leftTopX="288" leftTopY="288" rightBottomX="320" rightBottomY="320"/>
      <componentItem name="tMSSqlInput_3" link="tMSSqlInput_3" type="tMSSqlInput" leftTopX="288" leftTopY="480" rightBottomX="320" rightBottomY="512"/>
      <componentItem name="tMSSqlInput_4" link="tMSSqlInput_4" type="tMSSqlInput" leftTopX="288" leftTopY="672" rightBottomX="320" rightBottomY="704"/>
      <componentItem name="tMSSqlInput_5" link="tMSSqlInput_5" type="tMSSqlInput" leftTopX="576" leftTopY="96" rightBottomX="608" rightBottomY="128"/>
      <componentItem name="tMSSqlInput_6" link="tMSSqlInput_6" type="tMSSqlInput" leftTopX="576" leftTopY="288" rightBottomX="608" rightBottomY="320"/>
      <componentItem name="tMSSqlInput_7" link="tMSSqlInput_7" type="tMSSqlInput" leftTopX="576" leftTopY="480" rightBottomX="608" rightBottomY="512"/>
      <componentItem name="tMSSqlInput_8" link="tMSSqlInput_8" type="tMSSqlInput" leftTopX="576" leftTopY="672" rightBottomX="608" rightBottomY="704"/>
      <componentItem name="tMSSqlOutput_1" link="tMSSqlOutput_1" type="tMSSqlOutput" leftTopX="768" leftTopY="32" rightBottomX="800" rightBottomY="64"/>
      <componentItem name="tMSSqlOutput_2" link="tMSSqlOutput_2" type="tMSSqlOutput" leftTopX="768" leftTopY="224" rightBottomX="800" rightBottomY="256"/>
      <componentItem name="tMSSqlOutput_3" link="tMSSqlOutput_3" type="tMSSqlOutput" leftTopX="768" leftTopY="416" rightBottomX="800" rightBottomY="448"/>
      <componentItem name="tMSSqlOutput_4" link="tMSSqlOutput_4" type="tMSSqlOutput" leftTopX="768" leftTopY="608" rightBottomX="800" rightBottomY="640"/>
      <componentItem name="tMap_1" link="tMap_1" type="tMap" leftTopX="512" leftTopY="32" rightBottomX="544" rightBottomY="64"/>
      <componentItem name="tMap_2" link="tMap_2" type="tMap" leftTopX="512" leftTopY="224" rightBottomX="544" rightBottomY="256"/>
      <componentItem name="tMap_3" link="tMap_3" type="tMap" leftTopX="512" leftTopY="416" rightBottomX="544" rightBottomY="448"/>
      <componentItem name="tMap_4" link="tMap_4" type="tMap" leftTopX="512" leftTopY="608" rightBottomX="544" rightBottomY="640"/>
    </componentList>
    <internalNodeComponents>
      <component icon="pictures/tFileInputDelimited_1.png" uniqueName="tFileInputDelimited_1" label="price_eur_step_1_of_4">
        <input>none</input>
        <output link="tMap_1">tMap_1</output>
        <output link="tFileInputDelimited_2">tFileInputDelimited_2</output>
        <componentType>tFileInputDelimited</componentType>
        <parameters>
          <column name="Unique Name" value="tFileInputDelimited_1"/>
          <column name="Component Name" value="tFileInputDelimited"/>
          <column name="Version" value="0.102 (ALPHA)"/>
          <column name="Family" value="File/Input"/>
          <column name="Start" value="true"/>
          <column name="Startable" value="true"/>
          <column name="SUBTREE_START" value="true"/>
          <column name="END_OF_FLOW" value="false"/>
          <column name="Activate" value="true"/>
          <column name="DUMMY" value="false"/>
          <column name="tStatCatcher Statistics" value="false"/>
          <column name="Help" value="org.talend.help.tFileInputDelimited"/>
          <column name="Update components" value="true"/>
          <column name="IREPORT_PATH" value=""/>
          <column name="JAVA_LIBRARY_PATH" value="C:\Program Files (x86)\Talend-Studio-6.3\studio\configuration\lib\java"/>
          <column name="Subjob color" value=""/>
          <column name="Title color" value=""/>
          <column name="Enable parallel execution" value="false"/>
          <column name="Number of parallel executions" value="2"/>
          <column name="" value="false"/>
          <column name="Property Type" value="repository: DELIM:price_eur_step_1_of_4"/>
          <column name="File name/Stream" value="&quot;C:/Users/prash/Downloads/Documents/DWBI/Team Project Final/SOR Flat Files/price_eur_step_1_of_4.csv&quot;"/>
          <column name="CSV options" value="false"/>
          <column name="Row Separator" value="&quot;\r\n&quot;"/>
          <column name="CSV Row Separator" value="&quot;\n&quot;"/>
          <column name="Field Separator" value="&quot;,&quot;"/>
          <column name="Escape char" value="&quot;&quot;&quot;"/>
          <column name="Text enclosure" value="&quot;&quot;&quot;"/>
          <column name="Header" value="1"/>
          <column name="Footer" value="0"/>
          <column name="Limit" value=""/>
          <column name="Skip empty rows" value="false"/>
          <column name="Uncompress as zip file" value="false"/>
          <column name="Die on error" value="false"/>
          <column name="REPOSITORY_ALLOW_AUTO_SWITCH" value="true"/>
          <column name="Schema" value="repository: DELIM:price_eur_step_1_of_4 - metadata"/>
          <column name="Schema" value="repository: DELIM:price_eur_step_1_of_4 - metadata"/>
          <column name="!!!TEMP_DIR.NAME!!!" value="&quot;C:/Users/prash/workspace_6.3&quot;"/>
          <column name="Advanced separator (for numbers)" value="false"/>
          <column name="Thousands separator" value="&quot;,&quot;"/>
          <column name="Decimal separator" value="&quot;.&quot;"/>
          <column name="Extract lines at random" value="false"/>
          <column name="Number of lines" value="10"/>
          <column name="Trim all columns" value="false"/>
          <column name="Check column to trim" value="[{TRIM=false, SCHEMA_COLUMN=Brand_ID}, {TRIM=false, SCHEMA_COLUMN=CurrencyKey}, {TRIM=false, SCHEMA_COLUMN=UnitPrice}, {TRIM=false, SCHEMA_COLUMN=SCD_EffectiveDate}]"/>
          <column name="Check each row structure against schema" value="false"/>
          <column name="Check date" value="false"/>
          <column name="Encoding" value="&quot;windows-1252&quot;"/>
          <column name="Split row before field" value="false"/>
          <column name="Permit hexadecimal (0xNNN) or octal (0NNNN) for numeric types" value="false"/>
          <column name="Decode table" value="[{DECODE=false, SCHEMA_COLUMN=Brand_ID}, {DECODE=false, SCHEMA_COLUMN=CurrencyKey}, {DECODE=false, SCHEMA_COLUMN=UnitPrice}, {DECODE=false, SCHEMA_COLUMN=SCD_EffectiveDate}]"/>
          <column name="!!!DESTINATION.NAME!!!" value=""/>
          <column name="Min column number of optimize code" value="100"/>
          <column name="Label format" value="price_eur_step_1_of_4"/>
          <column name="Hint format" value="&lt;b&gt;__UNIQUE_NAME__&lt;/b&gt;&lt;br&gt;__COMMENT__"/>
          <column name="Connection format" value="row"/>
          <column name="Show Information" value="false"/>
          <column name="Comment" value=""/>
          <column name="Use an existing validation rule" value="false"/>
          <column name="Validation Rule Type" value=""/>
        </parameters>
        <schemas>
          <schema name="metadata">
            <column name="Brand_ID" key="false" type="String" length="12" precision="" nullable="true" comment=""/>
            <column name="CurrencyKey" key="false" type="Integer" length="1" precision="" nullable="true" comment=""/>
            <column name="UnitPrice" key="false" type="Float" length="8" precision="5" nullable="true" comment=""/>
            <column name="SCD_EffectiveDate" key="false" type="java.util.Date" length="10" precision="" nullable="true" comment=""/>
          </schema>
        </schemas>
      </component>
      <component icon="pictures/tFileInputDelimited_2.png" uniqueName="tFileInputDelimited_2" label="price_eur_step_2_of_4">
        <input link="tFileInputDelimited_1">tFileInputDelimited_1</input>
        <output link="tMap_2">tMap_2</output>
        <output link="tFileInputDelimited_3">tFileInputDelimited_3</output>
        <componentType>tFileInputDelimited</componentType>
        <parameters>
          <column name="Unique Name" value="tFileInputDelimited_2"/>
          <column name="Component Name" value="tFileInputDelimited"/>
          <column name="Version" value="0.102 (ALPHA)"/>
          <column name="Family" value="File/Input"/>
          <column name="Start" value="false"/>
          <column name="Startable" value="true"/>
          <column name="SUBTREE_START" value="true"/>
          <column name="END_OF_FLOW" value="false"/>
          <column name="Activate" value="true"/>
          <column name="DUMMY" value="false"/>
          <column name="tStatCatcher Statistics" value="false"/>
          <column name="Help" value="org.talend.help.tFileInputDelimited"/>
          <column name="Update components" value="true"/>
          <column name="IREPORT_PATH" value=""/>
          <column name="JAVA_LIBRARY_PATH" value="C:\Program Files (x86)\Talend-Studio-6.3\studio\configuration\lib\java"/>
          <column name="Subjob color" value=""/>
          <column name="Title color" value=""/>
          <column name="Enable parallel execution" value="false"/>
          <column name="Number of parallel executions" value="2"/>
          <column name="" value="false"/>
          <column name="Property Type" value="repository: DELIM:price_eur_step_2_of_4"/>
          <column name="File name/Stream" value="&quot;C:/Users/prash/Downloads/Documents/DWBI/Team Project Final/SOR Flat Files/price_eur_step_2_of_4.csv&quot;"/>
          <column name="CSV options" value="false"/>
          <column name="Row Separator" value="&quot;\r\n&quot;"/>
          <column name="CSV Row Separator" value="&quot;\n&quot;"/>
          <column name="Field Separator" value="&quot;,&quot;"/>
          <column name="Escape char" value="&quot;&quot;&quot;"/>
          <column name="Text enclosure" value="&quot;&quot;&quot;"/>
          <column name="Header" value="1"/>
          <column name="Footer" value="0"/>
          <column name="Limit" value=""/>
          <column name="Skip empty rows" value="false"/>
          <column name="Uncompress as zip file" value="false"/>
          <column name="Die on error" value="false"/>
          <column name="REPOSITORY_ALLOW_AUTO_SWITCH" value="true"/>
          <column name="Schema" value="repository: DELIM:price_eur_step_2_of_4 - metadata"/>
          <column name="Schema" value="repository: DELIM:price_eur_step_2_of_4 - metadata"/>
          <column name="!!!TEMP_DIR.NAME!!!" value="&quot;C:/Users/prash/workspace_6.3&quot;"/>
          <column name="Advanced separator (for numbers)" value="false"/>
          <column name="Thousands separator" value="&quot;,&quot;"/>
          <column name="Decimal separator" value="&quot;.&quot;"/>
          <column name="Extract lines at random" value="false"/>
          <column name="Number of lines" value="10"/>
          <column name="Trim all columns" value="false"/>
          <column name="Check column to trim" value="[{TRIM=false, SCHEMA_COLUMN=Brand_ID}, {TRIM=false, SCHEMA_COLUMN=CurrencyKey}, {TRIM=false, SCHEMA_COLUMN=UnitPrice}, {TRIM=false, SCHEMA_COLUMN=SCD_EffectiveDate}]"/>
          <column name="Check each row structure against schema" value="false"/>
          <column name="Check date" value="false"/>
          <column name="Encoding" value="&quot;windows-1252&quot;"/>
          <column name="Split row before field" value="false"/>
          <column name="Permit hexadecimal (0xNNN) or octal (0NNNN) for numeric types" value="false"/>
          <column name="Decode table" value="[{DECODE=false, SCHEMA_COLUMN=Brand_ID}, {DECODE=false, SCHEMA_COLUMN=CurrencyKey}, {DECODE=false, SCHEMA_COLUMN=UnitPrice}, {DECODE=false, SCHEMA_COLUMN=SCD_EffectiveDate}]"/>
          <column name="!!!DESTINATION.NAME!!!" value=""/>
          <column name="Min column number of optimize code" value="100"/>
          <column name="Label format" value="price_eur_step_2_of_4"/>
          <column name="Hint format" value="&lt;b&gt;__UNIQUE_NAME__&lt;/b&gt;&lt;br&gt;__COMMENT__"/>
          <column name="Connection format" value="row"/>
          <column name="Show Information" value="false"/>
          <column name="Comment" value=""/>
          <column name="Use an existing validation rule" value="false"/>
          <column name="Validation Rule Type" value=""/>
        </parameters>
        <schemas>
          <schema name="metadata">
            <column name="Brand_ID" key="false" type="String" length="12" precision="" nullable="true" comment=""/>
            <column name="CurrencyKey" key="false" type="Integer" length="1" precision="" nullable="true" comment=""/>
            <column name="UnitPrice" key="false" type="Float" length="8" precision="5" nullable="true" comment=""/>
            <column name="SCD_EffectiveDate" key="false" type="java.util.Date" length="10" precision="" nullable="true" comment=""/>
          </schema>
        </schemas>
      </component>
      <component icon="pictures/tFileInputDelimited_3.png" uniqueName="tFileInputDelimited_3" label="price_eur_step_3_of_4">
        <input link="tFileInputDelimited_2">tFileInputDelimited_2</input>
        <output link="tMap_3">tMap_3</output>
        <output link="tFileInputDelimited_4">tFileInputDelimited_4</output>
        <componentType>tFileInputDelimited</componentType>
        <parameters>
          <column name="Unique Name" value="tFileInputDelimited_3"/>
          <column name="Component Name" value="tFileInputDelimited"/>
          <column name="Version" value="0.102 (ALPHA)"/>
          <column name="Family" value="File/Input"/>
          <column name="Start" value="false"/>
          <column name="Startable" value="true"/>
          <column name="SUBTREE_START" value="true"/>
          <column name="END_OF_FLOW" value="false"/>
          <column name="Activate" value="true"/>
          <column name="DUMMY" value="false"/>
          <column name="tStatCatcher Statistics" value="false"/>
          <column name="Help" value="org.talend.help.tFileInputDelimited"/>
          <column name="Update components" value="true"/>
          <column name="IREPORT_PATH" value=""/>
          <column name="JAVA_LIBRARY_PATH" value="C:\Program Files (x86)\Talend-Studio-6.3\studio\configuration\lib\java"/>
          <column name="Subjob color" value=""/>
          <column name="Title color" value=""/>
          <column name="Enable parallel execution" value="false"/>
          <column name="Number of parallel executions" value="2"/>
          <column name="" value="false"/>
          <column name="Property Type" value="repository: DELIM:price_eur_step_3_of_4"/>
          <column name="File name/Stream" value="&quot;C:/Users/prash/Downloads/Documents/DWBI/Team Project Final/SOR Flat Files/price_eur_step_3_of_4.csv&quot;"/>
          <column name="CSV options" value="false"/>
          <column name="Row Separator" value="&quot;\r\n&quot;"/>
          <column name="CSV Row Separator" value="&quot;\n&quot;"/>
          <column name="Field Separator" value="&quot;,&quot;"/>
          <column name="Escape char" value="&quot;&quot;&quot;"/>
          <column name="Text enclosure" value="&quot;&quot;&quot;"/>
          <column name="Header" value="1"/>
          <column name="Footer" value="0"/>
          <column name="Limit" value=""/>
          <column name="Skip empty rows" value="false"/>
          <column name="Uncompress as zip file" value="false"/>
          <column name="Die on error" value="false"/>
          <column name="REPOSITORY_ALLOW_AUTO_SWITCH" value="true"/>
          <column name="Schema" value="repository: DELIM:price_eur_step_3_of_4 - metadata"/>
          <column name="Schema" value="repository: DELIM:price_eur_step_3_of_4 - metadata"/>
          <column name="!!!TEMP_DIR.NAME!!!" value="&quot;C:/Users/prash/workspace_6.3&quot;"/>
          <column name="Advanced separator (for numbers)" value="false"/>
          <column name="Thousands separator" value="&quot;,&quot;"/>
          <column name="Decimal separator" value="&quot;.&quot;"/>
          <column name="Extract lines at random" value="false"/>
          <column name="Number of lines" value="10"/>
          <column name="Trim all columns" value="false"/>
          <column name="Check column to trim" value="[{TRIM=false, SCHEMA_COLUMN=Brand_ID}, {TRIM=false, SCHEMA_COLUMN=CurrencyKey}, {TRIM=false, SCHEMA_COLUMN=UnitPrice}, {TRIM=false, SCHEMA_COLUMN=SCD_EffectiveDate}]"/>
          <column name="Check each row structure against schema" value="false"/>
          <column name="Check date" value="false"/>
          <column name="Encoding" value="&quot;windows-1252&quot;"/>
          <column name="Split row before field" value="false"/>
          <column name="Permit hexadecimal (0xNNN) or octal (0NNNN) for numeric types" value="false"/>
          <column name="Decode table" value="[{DECODE=false, SCHEMA_COLUMN=Brand_ID}, {DECODE=false, SCHEMA_COLUMN=CurrencyKey}, {DECODE=false, SCHEMA_COLUMN=UnitPrice}, {DECODE=false, SCHEMA_COLUMN=SCD_EffectiveDate}]"/>
          <column name="!!!DESTINATION.NAME!!!" value=""/>
          <column name="Min column number of optimize code" value="100"/>
          <column name="Label format" value="price_eur_step_3_of_4"/>
          <column name="Hint format" value="&lt;b&gt;__UNIQUE_NAME__&lt;/b&gt;&lt;br&gt;__COMMENT__"/>
          <column name="Connection format" value="row"/>
          <column name="Show Information" value="false"/>
          <column name="Comment" value=""/>
          <column name="Use an existing validation rule" value="false"/>
          <column name="Validation Rule Type" value=""/>
        </parameters>
        <schemas>
          <schema name="metadata">
            <column name="Brand_ID" key="false" type="String" length="12" precision="" nullable="true" comment=""/>
            <column name="CurrencyKey" key="false" type="Integer" length="1" precision="" nullable="true" comment=""/>
            <column name="UnitPrice" key="false" type="Float" length="8" precision="5" nullable="true" comment=""/>
            <column name="SCD_EffectiveDate" key="false" type="java.util.Date" length="10" precision="" nullable="true" comment=""/>
          </schema>
        </schemas>
      </component>
      <component icon="pictures/tFileInputDelimited_4.png" uniqueName="tFileInputDelimited_4" label="price_eur_step_4_of_4">
        <input link="tFileInputDelimited_3">tFileInputDelimited_3</input>
        <output link="tMap_4">tMap_4</output>
        <componentType>tFileInputDelimited</componentType>
        <parameters>
          <column name="Unique Name" value="tFileInputDelimited_4"/>
          <column name="Component Name" value="tFileInputDelimited"/>
          <column name="Version" value="0.102 (ALPHA)"/>
          <column name="Family" value="File/Input"/>
          <column name="Start" value="false"/>
          <column name="Startable" value="true"/>
          <column name="SUBTREE_START" value="true"/>
          <column name="END_OF_FLOW" value="false"/>
          <column name="Activate" value="true"/>
          <column name="DUMMY" value="false"/>
          <column name="tStatCatcher Statistics" value="false"/>
          <column name="Help" value="org.talend.help.tFileInputDelimited"/>
          <column name="Update components" value="true"/>
          <column name="IREPORT_PATH" value=""/>
          <column name="JAVA_LIBRARY_PATH" value="C:\Program Files (x86)\Talend-Studio-6.3\studio\configuration\lib\java"/>
          <column name="Subjob color" value=""/>
          <column name="Title color" value=""/>
          <column name="Enable parallel execution" value="false"/>
          <column name="Number of parallel executions" value="2"/>
          <column name="" value="false"/>
          <column name="Property Type" value="repository: DELIM:price_eur_step_4_of_4"/>
          <column name="File name/Stream" value="&quot;C:/Users/prash/Downloads/Documents/DWBI/Team Project Final/SOR Flat Files/price_eur_step_4_of_4.csv&quot;"/>
          <column name="CSV options" value="false"/>
          <column name="Row Separator" value="&quot;\r\n&quot;"/>
          <column name="CSV Row Separator" value="&quot;\n&quot;"/>
          <column name="Field Separator" value="&quot;,&quot;"/>
          <column name="Escape char" value="&quot;&quot;&quot;"/>
          <column name="Text enclosure" value="&quot;&quot;&quot;"/>
          <column name="Header" value="1"/>
          <column name="Footer" value="0"/>
          <column name="Limit" value=""/>
          <column name="Skip empty rows" value="false"/>
          <column name="Uncompress as zip file" value="false"/>
          <column name="Die on error" value="false"/>
          <column name="REPOSITORY_ALLOW_AUTO_SWITCH" value="true"/>
          <column name="Schema" value="repository: DELIM:price_eur_step_4_of_4 - metadata"/>
          <column name="Schema" value="repository: DELIM:price_eur_step_4_of_4 - metadata"/>
          <column name="!!!TEMP_DIR.NAME!!!" value="&quot;C:/Users/prash/workspace_6.3&quot;"/>
          <column name="Advanced separator (for numbers)" value="false"/>
          <column name="Thousands separator" value="&quot;,&quot;"/>
          <column name="Decimal separator" value="&quot;.&quot;"/>
          <column name="Extract lines at random" value="false"/>
          <column name="Number of lines" value="10"/>
          <column name="Trim all columns" value="false"/>
          <column name="Check column to trim" value="[{TRIM=false, SCHEMA_COLUMN=Brand_ID}, {TRIM=false, SCHEMA_COLUMN=CurrencyKey}, {TRIM=false, SCHEMA_COLUMN=UnitPrice}, {TRIM=false, SCHEMA_COLUMN=SCD_EffectiveDate}]"/>
          <column name="Check each row structure against schema" value="false"/>
          <column name="Check date" value="false"/>
          <column name="Encoding" value="&quot;windows-1252&quot;"/>
          <column name="Split row before field" value="false"/>
          <column name="Permit hexadecimal (0xNNN) or octal (0NNNN) for numeric types" value="false"/>
          <column name="Decode table" value="[{DECODE=false, SCHEMA_COLUMN=Brand_ID}, {DECODE=false, SCHEMA_COLUMN=CurrencyKey}, {DECODE=false, SCHEMA_COLUMN=UnitPrice}, {DECODE=false, SCHEMA_COLUMN=SCD_EffectiveDate}]"/>
          <column name="!!!DESTINATION.NAME!!!" value=""/>
          <column name="Min column number of optimize code" value="100"/>
          <column name="Label format" value="price_eur_step_4_of_4"/>
          <column name="Hint format" value="&lt;b&gt;__UNIQUE_NAME__&lt;/b&gt;&lt;br&gt;__COMMENT__"/>
          <column name="Connection format" value="row"/>
          <column name="Show Information" value="false"/>
          <column name="Comment" value=""/>
          <column name="Use an existing validation rule" value="false"/>
          <column name="Validation Rule Type" value=""/>
        </parameters>
        <schemas>
          <schema name="metadata">
            <column name="Brand_ID" key="false" type="String" length="12" precision="" nullable="true" comment=""/>
            <column name="CurrencyKey" key="false" type="Integer" length="1" precision="" nullable="true" comment=""/>
            <column name="UnitPrice" key="false" type="Float" length="8" precision="5" nullable="true" comment=""/>
            <column name="SCD_EffectiveDate" key="false" type="java.util.Date" length="10" precision="" nullable="true" comment=""/>
          </schema>
        </schemas>
      </component>
      <component icon="pictures/tMSSqlInput_1.png" uniqueName="tMSSqlInput_1" label="__TABLE__">
        <input>none</input>
        <output link="tMap_1">tMap_1</output>
        <componentType>tMSSqlInput</componentType>
        <parameters>
          <column name="Unique Name" value="tMSSqlInput_1"/>
          <column name="Component Name" value="tMSSqlInput"/>
          <column name="Version" value="0.102 (ALPHA)"/>
          <column name="Family" value="Databases/MS_SQL_Server"/>
          <column name="Start" value="false"/>
          <column name="Startable" value="true"/>
          <column name="SUBTREE_START" value="false"/>
          <column name="END_OF_FLOW" value="false"/>
          <column name="Activate" value="true"/>
          <column name="DUMMY" value="false"/>
          <column name="tStatCatcher Statistics" value="false"/>
          <column name="Help" value="org.talend.help.tMSSqlInput"/>
          <column name="Update components" value="true"/>
          <column name="IREPORT_PATH" value=""/>
          <column name="JAVA_LIBRARY_PATH" value="C:\Program Files (x86)\Talend-Studio-6.3\studio\configuration\lib\java"/>
          <column name="Subjob color" value=""/>
          <column name="Title color" value=""/>
          <column name="Enable parallel execution" value="false"/>
          <column name="Number of parallel executions" value="2"/>
          <column name="" value="false"/>
          <column name="Use an existing connection" value="false"/>
          <column name="Component List" value=""/>
          <column name="Property Type" value="repository: DB (MSSQL):SQLServer_Stage"/>
          <column name="Host" value="&quot;localhost&quot;"/>
          <column name="JDBC Provider" value="JTDS"/>
          <column name="Database Driver" value="MSSQL"/>
          <column name="Port" value="&quot;1433&quot;"/>
          <column name="Schema" value="&quot;&quot;"/>
          <column name="Database" value="&quot;retail_stage&quot;"/>
          <column name="Username" value="&quot;sa&quot;"/>
          <column name="Password" value="************"/>
          <column name="REPOSITORY_ALLOW_AUTO_SWITCH" value="true"/>
          <column name="Schema" value="Built-In"/>
          <column name="Table Name" value="&quot;Import_FactExchangeRate&quot;"/>
          <column name="Query Type" value="Built-In"/>
          <column name="Guess Schema" value="&quot;&quot;"/>
          <column name="Query" value="&quot;SELECT 
		Import_FactExchangeRate.CurrencyDateKey,
		Import_FactExchangeRate.CurrencyKey,
		Import_FactExchangeRate.EndOfDayRate
FROM	Import_FactExchangeRate&quot;"/>
          <column name="Specify a data source alias" value="false"/>
          <column name="Data source alias" value="&quot;&quot;"/>
          <column name="Mapping" value="id_MSSQL"/>
          <column name="Additional JDBC Parameters" value="&quot;&quot;"/>
          <column name="Encoding" value="&quot;ISO-8859-15&quot;"/>
          <column name="Trim all the String/Char columns" value="false"/>
          <column name="Trim column" value="[{TRIM=false, SCHEMA_COLUMN=CurrencyDateKey}, {TRIM=false, SCHEMA_COLUMN=CurrencyKey}, {TRIM=false, SCHEMA_COLUMN=EndOfDayRate}]"/>
          <column name="Label format" value="__TABLE__"/>
          <column name="Hint format" value="&lt;b&gt;__UNIQUE_NAME__&lt;/b&gt;&lt;br&gt;__COMMENT__"/>
          <column name="Connection format" value="row"/>
          <column name="Show Information" value="false"/>
          <column name="Comment" value=""/>
          <column name="Use an existing validation rule" value="false"/>
          <column name="Validation Rule Type" value=""/>
        </parameters>
        <schemas>
          <schema name="Import_FactExchangeRate">
            <column name="CurrencyDateKey" key="false" type="java.util.Date" length="23" precision="3" nullable="true" comment=""/>
            <column name="CurrencyKey" key="false" type="Integer" length="10" precision="" nullable="true" comment=""/>
            <column name="EndOfDayRate" key="false" type="Float" length="24" precision="" nullable="true" comment=""/>
          </schema>
        </schemas>
      </component>
      <component icon="pictures/tMSSqlInput_2.png" uniqueName="tMSSqlInput_2" label="__TABLE__">
        <input>none</input>
        <output link="tMap_2">tMap_2</output>
        <componentType>tMSSqlInput</componentType>
        <parameters>
          <column name="Unique Name" value="tMSSqlInput_2"/>
          <column name="Component Name" value="tMSSqlInput"/>
          <column name="Version" value="0.102 (ALPHA)"/>
          <column name="Family" value="Databases/MS_SQL_Server"/>
          <column name="Start" value="false"/>
          <column name="Startable" value="true"/>
          <column name="SUBTREE_START" value="false"/>
          <column name="END_OF_FLOW" value="false"/>
          <column name="Activate" value="true"/>
          <column name="DUMMY" value="false"/>
          <column name="tStatCatcher Statistics" value="false"/>
          <column name="Help" value="org.talend.help.tMSSqlInput"/>
          <column name="Update components" value="true"/>
          <column name="IREPORT_PATH" value=""/>
          <column name="JAVA_LIBRARY_PATH" value="C:\Program Files (x86)\Talend-Studio-6.3\studio\configuration\lib\java"/>
          <column name="Subjob color" value=""/>
          <column name="Title color" value=""/>
          <column name="Enable parallel execution" value="false"/>
          <column name="Number of parallel executions" value="2"/>
          <column name="" value="false"/>
          <column name="Use an existing connection" value="false"/>
          <column name="Component List" value=""/>
          <column name="Property Type" value="repository: DB (MSSQL):SQLServer_Stage"/>
          <column name="Host" value="&quot;localhost&quot;"/>
          <column name="JDBC Provider" value="JTDS"/>
          <column name="Database Driver" value="MSSQL"/>
          <column name="Port" value="&quot;1433&quot;"/>
          <column name="Schema" value="&quot;&quot;"/>
          <column name="Database" value="&quot;retail_stage&quot;"/>
          <column name="Username" value="&quot;sa&quot;"/>
          <column name="Password" value="************"/>
          <column name="REPOSITORY_ALLOW_AUTO_SWITCH" value="true"/>
          <column name="Schema" value="Built-In"/>
          <column name="Table Name" value="&quot;Import_FactExchangeRate&quot;"/>
          <column name="Query Type" value="Built-In"/>
          <column name="Guess Schema" value="&quot;&quot;"/>
          <column name="Query" value="&quot;SELECT 
		Import_FactExchangeRate.CurrencyDateKey,
		Import_FactExchangeRate.CurrencyKey,
		Import_FactExchangeRate.EndOfDayRate
FROM	Import_FactExchangeRate&quot;"/>
          <column name="Specify a data source alias" value="false"/>
          <column name="Data source alias" value="&quot;&quot;"/>
          <column name="Mapping" value="id_MSSQL"/>
          <column name="Additional JDBC Parameters" value="&quot;&quot;"/>
          <column name="Encoding" value="&quot;ISO-8859-15&quot;"/>
          <column name="Trim all the String/Char columns" value="false"/>
          <column name="Trim column" value="[{TRIM=false, SCHEMA_COLUMN=CurrencyDateKey}, {TRIM=false, SCHEMA_COLUMN=CurrencyKey}, {TRIM=false, SCHEMA_COLUMN=EndOfDayRate}]"/>
          <column name="Label format" value="__TABLE__"/>
          <column name="Hint format" value="&lt;b&gt;__UNIQUE_NAME__&lt;/b&gt;&lt;br&gt;__COMMENT__"/>
          <column name="Connection format" value="row"/>
          <column name="Show Information" value="false"/>
          <column name="Comment" value=""/>
          <column name="Use an existing validation rule" value="false"/>
          <column name="Validation Rule Type" value=""/>
        </parameters>
        <schemas>
          <schema name="Import_FactExchangeRate">
            <column name="CurrencyDateKey" key="false" type="java.util.Date" length="23" precision="3" nullable="true" comment=""/>
            <column name="CurrencyKey" key="false" type="Integer" length="10" precision="" nullable="true" comment=""/>
            <column name="EndOfDayRate" key="false" type="Float" length="24" precision="" nullable="true" comment=""/>
          </schema>
        </schemas>
      </component>
      <component icon="pictures/tMSSqlInput_3.png" uniqueName="tMSSqlInput_3" label="__TABLE__">
        <input>none</input>
        <output link="tMap_3">tMap_3</output>
        <componentType>tMSSqlInput</componentType>
        <parameters>
          <column name="Unique Name" value="tMSSqlInput_3"/>
          <column name="Component Name" value="tMSSqlInput"/>
          <column name="Version" value="0.102 (ALPHA)"/>
          <column name="Family" value="Databases/MS_SQL_Server"/>
          <column name="Start" value="false"/>
          <column name="Startable" value="true"/>
          <column name="SUBTREE_START" value="false"/>
          <column name="END_OF_FLOW" value="false"/>
          <column name="Activate" value="true"/>
          <column name="DUMMY" value="false"/>
          <column name="tStatCatcher Statistics" value="false"/>
          <column name="Help" value="org.talend.help.tMSSqlInput"/>
          <column name="Update components" value="true"/>
          <column name="IREPORT_PATH" value=""/>
          <column name="JAVA_LIBRARY_PATH" value="C:\Program Files (x86)\Talend-Studio-6.3\studio\configuration\lib\java"/>
          <column name="Subjob color" value=""/>
          <column name="Title color" value=""/>
          <column name="Enable parallel execution" value="false"/>
          <column name="Number of parallel executions" value="2"/>
          <column name="" value="false"/>
          <column name="Use an existing connection" value="false"/>
          <column name="Component List" value=""/>
          <column name="Property Type" value="repository: DB (MSSQL):SQLServer_Stage"/>
          <column name="Host" value="&quot;localhost&quot;"/>
          <column name="JDBC Provider" value="JTDS"/>
          <column name="Database Driver" value="MSSQL"/>
          <column name="Port" value="&quot;1433&quot;"/>
          <column name="Schema" value="&quot;&quot;"/>
          <column name="Database" value="&quot;retail_stage&quot;"/>
          <column name="Username" value="&quot;sa&quot;"/>
          <column name="Password" value="************"/>
          <column name="REPOSITORY_ALLOW_AUTO_SWITCH" value="true"/>
          <column name="Schema" value="Built-In"/>
          <column name="Table Name" value="&quot;Import_FactExchangeRate&quot;"/>
          <column name="Query Type" value="Built-In"/>
          <column name="Guess Schema" value="&quot;&quot;"/>
          <column name="Query" value="&quot;SELECT 
		Import_FactExchangeRate.CurrencyDateKey,
		Import_FactExchangeRate.CurrencyKey,
		Import_FactExchangeRate.EndOfDayRate
FROM	Import_FactExchangeRate&quot;"/>
          <column name="Specify a data source alias" value="false"/>
          <column name="Data source alias" value="&quot;&quot;"/>
          <column name="Mapping" value="id_MSSQL"/>
          <column name="Additional JDBC Parameters" value="&quot;&quot;"/>
          <column name="Encoding" value="&quot;ISO-8859-15&quot;"/>
          <column name="Trim all the String/Char columns" value="false"/>
          <column name="Trim column" value="[{TRIM=false, SCHEMA_COLUMN=CurrencyDateKey}, {TRIM=false, SCHEMA_COLUMN=CurrencyKey}, {TRIM=false, SCHEMA_COLUMN=EndOfDayRate}]"/>
          <column name="Label format" value="__TABLE__"/>
          <column name="Hint format" value="&lt;b&gt;__UNIQUE_NAME__&lt;/b&gt;&lt;br&gt;__COMMENT__"/>
          <column name="Connection format" value="row"/>
          <column name="Show Information" value="false"/>
          <column name="Comment" value=""/>
          <column name="Use an existing validation rule" value="false"/>
          <column name="Validation Rule Type" value=""/>
        </parameters>
        <schemas>
          <schema name="Import_FactExchangeRate">
            <column name="CurrencyDateKey" key="false" type="java.util.Date" length="23" precision="3" nullable="true" comment=""/>
            <column name="CurrencyKey" key="false" type="Integer" length="10" precision="" nullable="true" comment=""/>
            <column name="EndOfDayRate" key="false" type="Float" length="24" precision="" nullable="true" comment=""/>
          </schema>
        </schemas>
      </component>
      <component icon="pictures/tMSSqlInput_4.png" uniqueName="tMSSqlInput_4" label="__TABLE__">
        <input>none</input>
        <output link="tMap_4">tMap_4</output>
        <componentType>tMSSqlInput</componentType>
        <parameters>
          <column name="Unique Name" value="tMSSqlInput_4"/>
          <column name="Component Name" value="tMSSqlInput"/>
          <column name="Version" value="0.102 (ALPHA)"/>
          <column name="Family" value="Databases/MS_SQL_Server"/>
          <column name="Start" value="false"/>
          <column name="Startable" value="true"/>
          <column name="SUBTREE_START" value="false"/>
          <column name="END_OF_FLOW" value="false"/>
          <column name="Activate" value="true"/>
          <column name="DUMMY" value="false"/>
          <column name="tStatCatcher Statistics" value="false"/>
          <column name="Help" value="org.talend.help.tMSSqlInput"/>
          <column name="Update components" value="true"/>
          <column name="IREPORT_PATH" value=""/>
          <column name="JAVA_LIBRARY_PATH" value="C:\Program Files (x86)\Talend-Studio-6.3\studio\configuration\lib\java"/>
          <column name="Subjob color" value=""/>
          <column name="Title color" value=""/>
          <column name="Enable parallel execution" value="false"/>
          <column name="Number of parallel executions" value="2"/>
          <column name="" value="false"/>
          <column name="Use an existing connection" value="false"/>
          <column name="Component List" value=""/>
          <column name="Property Type" value="repository: DB (MSSQL):SQLServer_Stage"/>
          <column name="Host" value="&quot;localhost&quot;"/>
          <column name="JDBC Provider" value="JTDS"/>
          <column name="Database Driver" value="MSSQL"/>
          <column name="Port" value="&quot;1433&quot;"/>
          <column name="Schema" value="&quot;&quot;"/>
          <column name="Database" value="&quot;retail_stage&quot;"/>
          <column name="Username" value="&quot;sa&quot;"/>
          <column name="Password" value="************"/>
          <column name="REPOSITORY_ALLOW_AUTO_SWITCH" value="true"/>
          <column name="Schema" value="Built-In"/>
          <column name="Table Name" value="&quot;Import_FactExchangeRate&quot;"/>
          <column name="Query Type" value="Built-In"/>
          <column name="Guess Schema" value="&quot;&quot;"/>
          <column name="Query" value="&quot;SELECT 
		Import_FactExchangeRate.CurrencyDateKey,
		Import_FactExchangeRate.CurrencyKey,
		Import_FactExchangeRate.EndOfDayRate
FROM	Import_FactExchangeRate&quot;"/>
          <column name="Specify a data source alias" value="false"/>
          <column name="Data source alias" value="&quot;&quot;"/>
          <column name="Mapping" value="id_MSSQL"/>
          <column name="Additional JDBC Parameters" value="&quot;&quot;"/>
          <column name="Encoding" value="&quot;ISO-8859-15&quot;"/>
          <column name="Trim all the String/Char columns" value="false"/>
          <column name="Trim column" value="[{TRIM=false, SCHEMA_COLUMN=CurrencyDateKey}, {TRIM=false, SCHEMA_COLUMN=CurrencyKey}, {TRIM=false, SCHEMA_COLUMN=EndOfDayRate}]"/>
          <column name="Label format" value="__TABLE__"/>
          <column name="Hint format" value="&lt;b&gt;__UNIQUE_NAME__&lt;/b&gt;&lt;br&gt;__COMMENT__"/>
          <column name="Connection format" value="row"/>
          <column name="Show Information" value="false"/>
          <column name="Comment" value=""/>
          <column name="Use an existing validation rule" value="false"/>
          <column name="Validation Rule Type" value=""/>
        </parameters>
        <schemas>
          <schema name="Import_FactExchangeRate">
            <column name="CurrencyDateKey" key="false" type="java.util.Date" length="23" precision="3" nullable="true" comment=""/>
            <column name="CurrencyKey" key="false" type="Integer" length="10" precision="" nullable="true" comment=""/>
            <column name="EndOfDayRate" key="false" type="Float" length="24" precision="" nullable="true" comment=""/>
          </schema>
        </schemas>
      </component>
      <component icon="pictures/tMSSqlInput_5.png" uniqueName="tMSSqlInput_5" label="__TABLE__">
        <input>none</input>
        <output link="tMap_1">tMap_1</output>
        <componentType>tMSSqlInput</componentType>
        <parameters>
          <column name="Unique Name" value="tMSSqlInput_5"/>
          <column name="Component Name" value="tMSSqlInput"/>
          <column name="Version" value="0.102 (ALPHA)"/>
          <column name="Family" value="Databases/MS_SQL_Server"/>
          <column name="Start" value="false"/>
          <column name="Startable" value="true"/>
          <column name="SUBTREE_START" value="false"/>
          <column name="END_OF_FLOW" value="false"/>
          <column name="Activate" value="true"/>
          <column name="DUMMY" value="false"/>
          <column name="tStatCatcher Statistics" value="false"/>
          <column name="Help" value="org.talend.help.tMSSqlInput"/>
          <column name="Update components" value="true"/>
          <column name="IREPORT_PATH" value=""/>
          <column name="JAVA_LIBRARY_PATH" value="C:\Program Files (x86)\Talend-Studio-6.3\studio\configuration\lib\java"/>
          <column name="Subjob color" value=""/>
          <column name="Title color" value=""/>
          <column name="Enable parallel execution" value="false"/>
          <column name="Number of parallel executions" value="2"/>
          <column name="" value="false"/>
          <column name="Use an existing connection" value="false"/>
          <column name="Component List" value=""/>
          <column name="Property Type" value="repository: DB (MSSQL):SQLServer_Stage"/>
          <column name="Host" value="&quot;localhost&quot;"/>
          <column name="JDBC Provider" value="JTDS"/>
          <column name="Database Driver" value="MSSQL"/>
          <column name="Port" value="&quot;1433&quot;"/>
          <column name="Schema" value="&quot;&quot;"/>
          <column name="Database" value="&quot;retail_stage&quot;"/>
          <column name="Username" value="&quot;sa&quot;"/>
          <column name="Password" value="************"/>
          <column name="REPOSITORY_ALLOW_AUTO_SWITCH" value="true"/>
          <column name="Schema" value="Built-In"/>
          <column name="Table Name" value="&quot;CrossRef_Products&quot;"/>
          <column name="Query Type" value="Built-In"/>
          <column name="Guess Schema" value="&quot;&quot;"/>
          <column name="Query" value="&quot;SELECT 
		CrossRef_Products.Brand_ID,
		CrossRef_Products.ProductLabel
FROM	CrossRef_Products&quot;"/>
          <column name="Specify a data source alias" value="false"/>
          <column name="Data source alias" value="&quot;&quot;"/>
          <column name="Mapping" value="id_MSSQL"/>
          <column name="Additional JDBC Parameters" value="&quot;&quot;"/>
          <column name="Encoding" value="&quot;ISO-8859-15&quot;"/>
          <column name="Trim all the String/Char columns" value="false"/>
          <column name="Trim column" value="[{TRIM=false, SCHEMA_COLUMN=Brand_ID}, {TRIM=false, SCHEMA_COLUMN=ProductLabel}]"/>
          <column name="Label format" value="__TABLE__"/>
          <column name="Hint format" value="&lt;b&gt;__UNIQUE_NAME__&lt;/b&gt;&lt;br&gt;__COMMENT__"/>
          <column name="Connection format" value="row"/>
          <column name="Show Information" value="false"/>
          <column name="Comment" value=""/>
          <column name="Use an existing validation rule" value="false"/>
          <column name="Validation Rule Type" value=""/>
        </parameters>
        <schemas>
          <schema name="CrossRef_Products">
            <column name="Brand_ID" key="false" type="String" length="20" precision="" nullable="true" comment=""/>
            <column name="ProductLabel" key="false" type="String" length="20" precision="" nullable="true" comment=""/>
          </schema>
        </schemas>
      </component>
      <component icon="pictures/tMSSqlInput_6.png" uniqueName="tMSSqlInput_6" label="__TABLE__">
        <input>none</input>
        <output link="tMap_2">tMap_2</output>
        <componentType>tMSSqlInput</componentType>
        <parameters>
          <column name="Unique Name" value="tMSSqlInput_6"/>
          <column name="Component Name" value="tMSSqlInput"/>
          <column name="Version" value="0.102 (ALPHA)"/>
          <column name="Family" value="Databases/MS_SQL_Server"/>
          <column name="Start" value="false"/>
          <column name="Startable" value="true"/>
          <column name="SUBTREE_START" value="false"/>
          <column name="END_OF_FLOW" value="false"/>
          <column name="Activate" value="true"/>
          <column name="DUMMY" value="false"/>
          <column name="tStatCatcher Statistics" value="false"/>
          <column name="Help" value="org.talend.help.tMSSqlInput"/>
          <column name="Update components" value="true"/>
          <column name="IREPORT_PATH" value=""/>
          <column name="JAVA_LIBRARY_PATH" value="C:\Program Files (x86)\Talend-Studio-6.3\studio\configuration\lib\java"/>
          <column name="Subjob color" value=""/>
          <column name="Title color" value=""/>
          <column name="Enable parallel execution" value="false"/>
          <column name="Number of parallel executions" value="2"/>
          <column name="" value="false"/>
          <column name="Use an existing connection" value="false"/>
          <column name="Component List" value=""/>
          <column name="Property Type" value="repository: DB (MSSQL):SQLServer_Stage"/>
          <column name="Host" value="&quot;localhost&quot;"/>
          <column name="JDBC Provider" value="JTDS"/>
          <column name="Database Driver" value="MSSQL"/>
          <column name="Port" value="&quot;1433&quot;"/>
          <column name="Schema" value="&quot;&quot;"/>
          <column name="Database" value="&quot;retail_stage&quot;"/>
          <column name="Username" value="&quot;sa&quot;"/>
          <column name="Password" value="************"/>
          <column name="REPOSITORY_ALLOW_AUTO_SWITCH" value="true"/>
          <column name="Schema" value="Built-In"/>
          <column name="Table Name" value="&quot;CrossRef_Products&quot;"/>
          <column name="Query Type" value="Built-In"/>
          <column name="Guess Schema" value="&quot;&quot;"/>
          <column name="Query" value="&quot;SELECT 
		CrossRef_Products.Brand_ID,
		CrossRef_Products.ProductLabel
FROM	CrossRef_Products&quot;"/>
          <column name="Specify a data source alias" value="false"/>
          <column name="Data source alias" value="&quot;&quot;"/>
          <column name="Mapping" value="id_MSSQL"/>
          <column name="Additional JDBC Parameters" value="&quot;&quot;"/>
          <column name="Encoding" value="&quot;ISO-8859-15&quot;"/>
          <column name="Trim all the String/Char columns" value="false"/>
          <column name="Trim column" value="[{TRIM=false, SCHEMA_COLUMN=Brand_ID}, {TRIM=false, SCHEMA_COLUMN=ProductLabel}]"/>
          <column name="Label format" value="__TABLE__"/>
          <column name="Hint format" value="&lt;b&gt;__UNIQUE_NAME__&lt;/b&gt;&lt;br&gt;__COMMENT__"/>
          <column name="Connection format" value="row"/>
          <column name="Show Information" value="false"/>
          <column name="Comment" value=""/>
          <column name="Use an existing validation rule" value="false"/>
          <column name="Validation Rule Type" value=""/>
        </parameters>
        <schemas>
          <schema name="CrossRef_Products">
            <column name="Brand_ID" key="false" type="String" length="20" precision="" nullable="true" comment=""/>
            <column name="ProductLabel" key="false" type="String" length="20" precision="" nullable="true" comment=""/>
          </schema>
        </schemas>
      </component>
      <component icon="pictures/tMSSqlInput_7.png" uniqueName="tMSSqlInput_7" label="__TABLE__">
        <input>none</input>
        <output link="tMap_3">tMap_3</output>
        <componentType>tMSSqlInput</componentType>
        <parameters>
          <column name="Unique Name" value="tMSSqlInput_7"/>
          <column name="Component Name" value="tMSSqlInput"/>
          <column name="Version" value="0.102 (ALPHA)"/>
          <column name="Family" value="Databases/MS_SQL_Server"/>
          <column name="Start" value="false"/>
          <column name="Startable" value="true"/>
          <column name="SUBTREE_START" value="false"/>
          <column name="END_OF_FLOW" value="false"/>
          <column name="Activate" value="true"/>
          <column name="DUMMY" value="false"/>
          <column name="tStatCatcher Statistics" value="false"/>
          <column name="Help" value="org.talend.help.tMSSqlInput"/>
          <column name="Update components" value="true"/>
          <column name="IREPORT_PATH" value=""/>
          <column name="JAVA_LIBRARY_PATH" value="C:\Program Files (x86)\Talend-Studio-6.3\studio\configuration\lib\java"/>
          <column name="Subjob color" value=""/>
          <column name="Title color" value=""/>
          <column name="Enable parallel execution" value="false"/>
          <column name="Number of parallel executions" value="2"/>
          <column name="" value="false"/>
          <column name="Use an existing connection" value="false"/>
          <column name="Component List" value=""/>
          <column name="Property Type" value="repository: DB (MSSQL):SQLServer_Stage"/>
          <column name="Host" value="&quot;localhost&quot;"/>
          <column name="JDBC Provider" value="JTDS"/>
          <column name="Database Driver" value="MSSQL"/>
          <column name="Port" value="&quot;1433&quot;"/>
          <column name="Schema" value="&quot;&quot;"/>
          <column name="Database" value="&quot;retail_stage&quot;"/>
          <column name="Username" value="&quot;sa&quot;"/>
          <column name="Password" value="************"/>
          <column name="REPOSITORY_ALLOW_AUTO_SWITCH" value="true"/>
          <column name="Schema" value="Built-In"/>
          <column name="Table Name" value="&quot;CrossRef_Products&quot;"/>
          <column name="Query Type" value="Built-In"/>
          <column name="Guess Schema" value="&quot;&quot;"/>
          <column name="Query" value="&quot;SELECT 
		CrossRef_Products.Brand_ID,
		CrossRef_Products.ProductLabel
FROM	CrossRef_Products&quot;"/>
          <column name="Specify a data source alias" value="false"/>
          <column name="Data source alias" value="&quot;&quot;"/>
          <column name="Mapping" value="id_MSSQL"/>
          <column name="Additional JDBC Parameters" value="&quot;&quot;"/>
          <column name="Encoding" value="&quot;ISO-8859-15&quot;"/>
          <column name="Trim all the String/Char columns" value="false"/>
          <column name="Trim column" value="[{TRIM=false, SCHEMA_COLUMN=Brand_ID}, {TRIM=false, SCHEMA_COLUMN=ProductLabel}]"/>
          <column name="Label format" value="__TABLE__"/>
          <column name="Hint format" value="&lt;b&gt;__UNIQUE_NAME__&lt;/b&gt;&lt;br&gt;__COMMENT__"/>
          <column name="Connection format" value="row"/>
          <column name="Show Information" value="false"/>
          <column name="Comment" value=""/>
          <column name="Use an existing validation rule" value="false"/>
          <column name="Validation Rule Type" value=""/>
        </parameters>
        <schemas>
          <schema name="CrossRef_Products">
            <column name="Brand_ID" key="false" type="String" length="20" precision="" nullable="true" comment=""/>
            <column name="ProductLabel" key="false" type="String" length="20" precision="" nullable="true" comment=""/>
          </schema>
        </schemas>
      </component>
      <component icon="pictures/tMSSqlInput_8.png" uniqueName="tMSSqlInput_8" label="__TABLE__">
        <input>none</input>
        <output link="tMap_4">tMap_4</output>
        <componentType>tMSSqlInput</componentType>
        <parameters>
          <column name="Unique Name" value="tMSSqlInput_8"/>
          <column name="Component Name" value="tMSSqlInput"/>
          <column name="Version" value="0.102 (ALPHA)"/>
          <column name="Family" value="Databases/MS_SQL_Server"/>
          <column name="Start" value="false"/>
          <column name="Startable" value="true"/>
          <column name="SUBTREE_START" value="false"/>
          <column name="END_OF_FLOW" value="false"/>
          <column name="Activate" value="true"/>
          <column name="DUMMY" value="false"/>
          <column name="tStatCatcher Statistics" value="false"/>
          <column name="Help" value="org.talend.help.tMSSqlInput"/>
          <column name="Update components" value="true"/>
          <column name="IREPORT_PATH" value=""/>
          <column name="JAVA_LIBRARY_PATH" value="C:\Program Files (x86)\Talend-Studio-6.3\studio\configuration\lib\java"/>
          <column name="Subjob color" value=""/>
          <column name="Title color" value=""/>
          <column name="Enable parallel execution" value="false"/>
          <column name="Number of parallel executions" value="2"/>
          <column name="" value="false"/>
          <column name="Use an existing connection" value="false"/>
          <column name="Component List" value=""/>
          <column name="Property Type" value="repository: DB (MSSQL):SQLServer_Stage"/>
          <column name="Host" value="&quot;localhost&quot;"/>
          <column name="JDBC Provider" value="JTDS"/>
          <column name="Database Driver" value="MSSQL"/>
          <column name="Port" value="&quot;1433&quot;"/>
          <column name="Schema" value="&quot;&quot;"/>
          <column name="Database" value="&quot;retail_stage&quot;"/>
          <column name="Username" value="&quot;sa&quot;"/>
          <column name="Password" value="************"/>
          <column name="REPOSITORY_ALLOW_AUTO_SWITCH" value="true"/>
          <column name="Schema" value="Built-In"/>
          <column name="Table Name" value="&quot;CrossRef_Products&quot;"/>
          <column name="Query Type" value="Built-In"/>
          <column name="Guess Schema" value="&quot;&quot;"/>
          <column name="Query" value="&quot;SELECT 
		CrossRef_Products.Brand_ID,
		CrossRef_Products.ProductLabel
FROM	CrossRef_Products&quot;"/>
          <column name="Specify a data source alias" value="false"/>
          <column name="Data source alias" value="&quot;&quot;"/>
          <column name="Mapping" value="id_MSSQL"/>
          <column name="Additional JDBC Parameters" value="&quot;&quot;"/>
          <column name="Encoding" value="&quot;ISO-8859-15&quot;"/>
          <column name="Trim all the String/Char columns" value="false"/>
          <column name="Trim column" value="[{TRIM=false, SCHEMA_COLUMN=Brand_ID}, {TRIM=false, SCHEMA_COLUMN=ProductLabel}]"/>
          <column name="Label format" value="__TABLE__"/>
          <column name="Hint format" value="&lt;b&gt;__UNIQUE_NAME__&lt;/b&gt;&lt;br&gt;__COMMENT__"/>
          <column name="Connection format" value="row"/>
          <column name="Show Information" value="false"/>
          <column name="Comment" value=""/>
          <column name="Use an existing validation rule" value="false"/>
          <column name="Validation Rule Type" value=""/>
        </parameters>
        <schemas>
          <schema name="CrossRef_Products">
            <column name="Brand_ID" key="false" type="String" length="20" precision="" nullable="true" comment=""/>
            <column name="ProductLabel" key="false" type="String" length="20" precision="" nullable="true" comment=""/>
          </schema>
        </schemas>
      </component>
      <component icon="pictures/tMSSqlOutput_1.png" uniqueName="tMSSqlOutput_1" label="__UNIQUE_NAME__">
        <input link="tMap_1">tMap_1</input>
        <input link="tMSSqlInput_1">tMSSqlInput_1</input>
        <input link="tMSSqlInput_5">tMSSqlInput_5</input>
        <output>none</output>
        <componentType>tMSSqlOutput</componentType>
        <parameters>
          <column name="Unique Name" value="tMSSqlOutput_1"/>
          <column name="Component Name" value="tMSSqlOutput"/>
          <column name="Version" value="0.102 (ALPHA)"/>
          <column name="Family" value="Databases/MS_SQL_Server"/>
          <column name="Startable" value="false"/>
          <column name="SUBTREE_START" value="false"/>
          <column name="END_OF_FLOW" value="true"/>
          <column name="Activate" value="true"/>
          <column name="DUMMY" value="false"/>
          <column name="tStatCatcher Statistics" value="false"/>
          <column name="Help" value="org.talend.help.tMSSqlOutput"/>
          <column name="Update components" value="true"/>
          <column name="IREPORT_PATH" value=""/>
          <column name="JAVA_LIBRARY_PATH" value="C:\Program Files (x86)\Talend-Studio-6.3\studio\configuration\lib\java"/>
          <column name="Subjob color" value=""/>
          <column name="Title color" value=""/>
          <column name="Enable parallel execution" value="false"/>
          <column name="Number of parallel executions" value="2"/>
          <column name="" value="false"/>
          <column name="Property Type" value="repository: DB (MSSQL):SQLServer_Stage"/>
          <column name="Use an existing connection" value="false"/>
          <column name="Component List" value=""/>
          <column name="JDBC Provider" value="JTDS"/>
          <column name="Host" value="&quot;localhost&quot;"/>
          <column name="Port" value="&quot;1433&quot;"/>
          <column name="Schema" value="&quot;&quot;"/>
          <column name="Database" value="&quot;retail_stage&quot;"/>
          <column name="Database Driver" value="MSSQL"/>
          <column name="Username" value="&quot;sa&quot;"/>
          <column name="Password" value="************"/>
          <column name="Table" value="&quot;Import_Prices_EUR&quot;"/>
          <column name="Action on table" value="DROP_IF_EXISTS_AND_CREATE"/>
          <column name="Turn on Identity insert" value="false"/>
          <column name="Action on data" value="INSERT"/>
          <column name="Specify identity field" value="false"/>
          <column name="Identity field" value="Product_Label"/>
          <column name="Start value" value="1"/>
          <column name="Step" value="1"/>
          <column name="REPOSITORY_ALLOW_AUTO_SWITCH" value="true"/>
          <column name="Schema" value="Built-In"/>
          <column name="Reject Schema" value="Built-In"/>
          <column name="Specify a data source alias" value="false"/>
          <column name="Data source alias" value="&quot;&quot;"/>
          <column name="Die on error" value="true"/>
          <column name="Mapping" value="id_MSSQL"/>
          <column name="Additional JDBC Parameters" value="&quot;&quot;"/>
          <column name="Encoding" value="&quot;ISO-8859-15&quot;"/>
          <column name="Commit every" value="10000"/>
          <column name="Additional columns" value="[]"/>
          <column name="Use field options" value="false"/>
          <column name="Field options" value="[{UPDATE_KEY=false, DELETE_KEY=false, UPDATABLE=true, INSERTABLE=true, SCHEMA_COLUMN=Product_Label}, {UPDATE_KEY=false, DELETE_KEY=false, UPDATABLE=true, INSERTABLE=true, SCHEMA_COLUMN=CurrencyKey}, {UPDATE_KEY=false, DELETE_KEY=false, UPDATABLE=true, INSERTABLE=true, SCHEMA_COLUMN=UnitPrice}, {UPDATE_KEY=false, DELETE_KEY=false, UPDATABLE=true, INSERTABLE=true, SCHEMA_COLUMN=SCD_EffectiveDate}, {UPDATE_KEY=false, DELETE_KEY=false, UPDATABLE=true, INSERTABLE=true, SCHEMA_COLUMN=step}, {UPDATE_KEY=false, DELETE_KEY=false, UPDATABLE=true, INSERTABLE=true, SCHEMA_COLUMN=ImportDate}]"/>
          <column name="Ignore date out of range" value="false"/>
          <column name="Enable debug mode" value="false"/>
          <column name="Support null in &quot;SQL WHERE&quot; statement" value="false"/>
          <column name="Use Batch Size" value="true"/>
          <column name="Batch Size" value="10000"/>
          <column name="Label format" value="__UNIQUE_NAME__"/>
          <column name="Hint format" value="&lt;b&gt;__UNIQUE_NAME__&lt;/b&gt;&lt;br&gt;__COMMENT__"/>
          <column name="Connection format" value="row"/>
          <column name="Show Information" value="false"/>
          <column name="Comment" value=""/>
          <column name="Use an existing validation rule" value="false"/>
          <column name="Validation Rule Type" value=""/>
        </parameters>
        <schemas>
          <schema name="op1">
            <column name="Product_Label" key="false" type="String" length="12" precision="" nullable="true" comment=""/>
            <column name="CurrencyKey" key="false" type="Integer" length="1" precision="" nullable="true" comment=""/>
            <column name="UnitPrice" key="false" type="Float" length="8" precision="5" nullable="true" comment=""/>
            <column name="SCD_EffectiveDate" key="false" type="java.util.Date" length="10" precision="" nullable="true" comment=""/>
            <column name="step" key="false" type="Integer" length="" precision="" nullable="true" comment=""/>
            <column name="ImportDate" key="false" type="java.util.Date" length="" precision="" nullable="true" comment=""/>
          </schema>
        </schemas>
      </component>
      <component icon="pictures/tMSSqlOutput_2.png" uniqueName="tMSSqlOutput_2" label="__UNIQUE_NAME__">
        <input link="tMap_2">tMap_2</input>
        <input link="tMSSqlInput_2">tMSSqlInput_2</input>
        <input link="tMSSqlInput_6">tMSSqlInput_6</input>
        <output>none</output>
        <componentType>tMSSqlOutput</componentType>
        <parameters>
          <column name="Unique Name" value="tMSSqlOutput_2"/>
          <column name="Component Name" value="tMSSqlOutput"/>
          <column name="Version" value="0.102 (ALPHA)"/>
          <column name="Family" value="Databases/MS_SQL_Server"/>
          <column name="Startable" value="false"/>
          <column name="SUBTREE_START" value="false"/>
          <column name="END_OF_FLOW" value="true"/>
          <column name="Activate" value="true"/>
          <column name="DUMMY" value="false"/>
          <column name="tStatCatcher Statistics" value="false"/>
          <column name="Help" value="org.talend.help.tMSSqlOutput"/>
          <column name="Update components" value="true"/>
          <column name="IREPORT_PATH" value=""/>
          <column name="JAVA_LIBRARY_PATH" value="C:\Program Files (x86)\Talend-Studio-6.3\studio\configuration\lib\java"/>
          <column name="Subjob color" value=""/>
          <column name="Title color" value=""/>
          <column name="Enable parallel execution" value="false"/>
          <column name="Number of parallel executions" value="2"/>
          <column name="" value="false"/>
          <column name="Property Type" value="repository: DB (MSSQL):SQLServer_Stage"/>
          <column name="Use an existing connection" value="false"/>
          <column name="Component List" value=""/>
          <column name="JDBC Provider" value="JTDS"/>
          <column name="Host" value="&quot;localhost&quot;"/>
          <column name="Port" value="&quot;1433&quot;"/>
          <column name="Schema" value="&quot;&quot;"/>
          <column name="Database" value="&quot;retail_stage&quot;"/>
          <column name="Database Driver" value="MSSQL"/>
          <column name="Username" value="&quot;sa&quot;"/>
          <column name="Password" value="************"/>
          <column name="Table" value="&quot;Import_Prices_EUR&quot;"/>
          <column name="Action on table" value="NONE"/>
          <column name="Turn on Identity insert" value="false"/>
          <column name="Action on data" value="INSERT"/>
          <column name="Specify identity field" value="false"/>
          <column name="Identity field" value="Product_Label"/>
          <column name="Start value" value="1"/>
          <column name="Step" value="1"/>
          <column name="REPOSITORY_ALLOW_AUTO_SWITCH" value="true"/>
          <column name="Schema" value="Built-In"/>
          <column name="Reject Schema" value="Built-In"/>
          <column name="Specify a data source alias" value="false"/>
          <column name="Data source alias" value="&quot;&quot;"/>
          <column name="Die on error" value="true"/>
          <column name="Mapping" value="id_MSSQL"/>
          <column name="Additional JDBC Parameters" value="&quot;&quot;"/>
          <column name="Encoding" value="&quot;ISO-8859-15&quot;"/>
          <column name="Commit every" value="10000"/>
          <column name="Additional columns" value="[]"/>
          <column name="Use field options" value="false"/>
          <column name="Field options" value="[{UPDATE_KEY=false, DELETE_KEY=false, UPDATABLE=true, INSERTABLE=true, SCHEMA_COLUMN=Product_Label}, {UPDATE_KEY=false, DELETE_KEY=false, UPDATABLE=true, INSERTABLE=true, SCHEMA_COLUMN=CurrencyKey}, {UPDATE_KEY=false, DELETE_KEY=false, UPDATABLE=true, INSERTABLE=true, SCHEMA_COLUMN=UnitPrice}, {UPDATE_KEY=false, DELETE_KEY=false, UPDATABLE=true, INSERTABLE=true, SCHEMA_COLUMN=SCD_EffectiveDate}, {UPDATE_KEY=false, DELETE_KEY=false, UPDATABLE=true, INSERTABLE=true, SCHEMA_COLUMN=step}, {UPDATE_KEY=false, DELETE_KEY=false, UPDATABLE=true, INSERTABLE=true, SCHEMA_COLUMN=ImportDate}]"/>
          <column name="Ignore date out of range" value="false"/>
          <column name="Enable debug mode" value="false"/>
          <column name="Support null in &quot;SQL WHERE&quot; statement" value="false"/>
          <column name="Use Batch Size" value="true"/>
          <column name="Batch Size" value="10000"/>
          <column name="Label format" value="__UNIQUE_NAME__"/>
          <column name="Hint format" value="&lt;b&gt;__UNIQUE_NAME__&lt;/b&gt;&lt;br&gt;__COMMENT__"/>
          <column name="Connection format" value="row"/>
          <column name="Show Information" value="false"/>
          <column name="Comment" value=""/>
          <column name="Use an existing validation rule" value="false"/>
          <column name="Validation Rule Type" value=""/>
        </parameters>
        <schemas>
          <schema name="op2">
            <column name="Product_Label" key="false" type="String" length="12" precision="" nullable="true" comment=""/>
            <column name="CurrencyKey" key="false" type="Integer" length="1" precision="" nullable="true" comment=""/>
            <column name="UnitPrice" key="false" type="Float" length="8" precision="5" nullable="true" comment=""/>
            <column name="SCD_EffectiveDate" key="false" type="java.util.Date" length="10" precision="" nullable="true" comment=""/>
            <column name="step" key="false" type="Integer" length="" precision="" nullable="true" comment=""/>
            <column name="ImportDate" key="false" type="java.util.Date" length="" precision="" nullable="true" comment=""/>
          </schema>
        </schemas>
      </component>
      <component icon="pictures/tMSSqlOutput_3.png" uniqueName="tMSSqlOutput_3" label="__UNIQUE_NAME__">
        <input link="tMap_3">tMap_3</input>
        <input link="tMSSqlInput_3">tMSSqlInput_3</input>
        <input link="tMSSqlInput_7">tMSSqlInput_7</input>
        <output>none</output>
        <componentType>tMSSqlOutput</componentType>
        <parameters>
          <column name="Unique Name" value="tMSSqlOutput_3"/>
          <column name="Component Name" value="tMSSqlOutput"/>
          <column name="Version" value="0.102 (ALPHA)"/>
          <column name="Family" value="Databases/MS_SQL_Server"/>
          <column name="Startable" value="false"/>
          <column name="SUBTREE_START" value="false"/>
          <column name="END_OF_FLOW" value="true"/>
          <column name="Activate" value="true"/>
          <column name="DUMMY" value="false"/>
          <column name="tStatCatcher Statistics" value="false"/>
          <column name="Help" value="org.talend.help.tMSSqlOutput"/>
          <column name="Update components" value="true"/>
          <column name="IREPORT_PATH" value=""/>
          <column name="JAVA_LIBRARY_PATH" value="C:\Program Files (x86)\Talend-Studio-6.3\studio\configuration\lib\java"/>
          <column name="Subjob color" value=""/>
          <column name="Title color" value=""/>
          <column name="Enable parallel execution" value="false"/>
          <column name="Number of parallel executions" value="2"/>
          <column name="" value="false"/>
          <column name="Property Type" value="repository: DB (MSSQL):SQLServer_Stage"/>
          <column name="Use an existing connection" value="false"/>
          <column name="Component List" value=""/>
          <column name="JDBC Provider" value="JTDS"/>
          <column name="Host" value="&quot;localhost&quot;"/>
          <column name="Port" value="&quot;1433&quot;"/>
          <column name="Schema" value="&quot;&quot;"/>
          <column name="Database" value="&quot;retail_stage&quot;"/>
          <column name="Database Driver" value="MSSQL"/>
          <column name="Username" value="&quot;sa&quot;"/>
          <column name="Password" value="************"/>
          <column name="Table" value="&quot;Import_Prices_EUR&quot;"/>
          <column name="Action on table" value="NONE"/>
          <column name="Turn on Identity insert" value="false"/>
          <column name="Action on data" value="INSERT"/>
          <column name="Specify identity field" value="false"/>
          <column name="Identity field" value="Product_Label"/>
          <column name="Start value" value="1"/>
          <column name="Step" value="1"/>
          <column name="REPOSITORY_ALLOW_AUTO_SWITCH" value="true"/>
          <column name="Schema" value="Built-In"/>
          <column name="Reject Schema" value="Built-In"/>
          <column name="Specify a data source alias" value="false"/>
          <column name="Data source alias" value="&quot;&quot;"/>
          <column name="Die on error" value="true"/>
          <column name="Mapping" value="id_MSSQL"/>
          <column name="Additional JDBC Parameters" value="&quot;&quot;"/>
          <column name="Encoding" value="&quot;ISO-8859-15&quot;"/>
          <column name="Commit every" value="10000"/>
          <column name="Additional columns" value="[]"/>
          <column name="Use field options" value="false"/>
          <column name="Field options" value="[{UPDATE_KEY=false, DELETE_KEY=false, UPDATABLE=true, INSERTABLE=true, SCHEMA_COLUMN=Product_Label}, {UPDATE_KEY=false, DELETE_KEY=false, UPDATABLE=true, INSERTABLE=true, SCHEMA_COLUMN=CurrencyKey}, {UPDATE_KEY=false, DELETE_KEY=false, UPDATABLE=true, INSERTABLE=true, SCHEMA_COLUMN=UnitPrice}, {UPDATE_KEY=false, DELETE_KEY=false, UPDATABLE=true, INSERTABLE=true, SCHEMA_COLUMN=SCD_EffectiveDate}, {UPDATE_KEY=false, DELETE_KEY=false, UPDATABLE=true, INSERTABLE=true, SCHEMA_COLUMN=step}, {UPDATE_KEY=false, DELETE_KEY=false, UPDATABLE=true, INSERTABLE=true, SCHEMA_COLUMN=ImportDate}]"/>
          <column name="Ignore date out of range" value="false"/>
          <column name="Enable debug mode" value="false"/>
          <column name="Support null in &quot;SQL WHERE&quot; statement" value="false"/>
          <column name="Use Batch Size" value="true"/>
          <column name="Batch Size" value="10000"/>
          <column name="Label format" value="__UNIQUE_NAME__"/>
          <column name="Hint format" value="&lt;b&gt;__UNIQUE_NAME__&lt;/b&gt;&lt;br&gt;__COMMENT__"/>
          <column name="Connection format" value="row"/>
          <column name="Show Information" value="false"/>
          <column name="Comment" value=""/>
          <column name="Use an existing validation rule" value="false"/>
          <column name="Validation Rule Type" value=""/>
        </parameters>
        <schemas>
          <schema name="op3">
            <column name="Product_Label" key="false" type="String" length="12" precision="" nullable="true" comment=""/>
            <column name="CurrencyKey" key="false" type="Integer" length="1" precision="" nullable="true" comment=""/>
            <column name="UnitPrice" key="false" type="Float" length="8" precision="5" nullable="true" comment=""/>
            <column name="SCD_EffectiveDate" key="false" type="java.util.Date" length="10" precision="" nullable="true" comment=""/>
            <column name="step" key="false" type="Integer" length="" precision="" nullable="true" comment=""/>
            <column name="ImportDate" key="false" type="java.util.Date" length="" precision="" nullable="true" comment=""/>
          </schema>
        </schemas>
      </component>
      <component icon="pictures/tMSSqlOutput_4.png" uniqueName="tMSSqlOutput_4" label="__UNIQUE_NAME__">
        <input link="tMap_4">tMap_4</input>
        <input link="tMSSqlInput_4">tMSSqlInput_4</input>
        <input link="tMSSqlInput_8">tMSSqlInput_8</input>
        <output>none</output>
        <componentType>tMSSqlOutput</componentType>
        <parameters>
          <column name="Unique Name" value="tMSSqlOutput_4"/>
          <column name="Component Name" value="tMSSqlOutput"/>
          <column name="Version" value="0.102 (ALPHA)"/>
          <column name="Family" value="Databases/MS_SQL_Server"/>
          <column name="Startable" value="false"/>
          <column name="SUBTREE_START" value="false"/>
          <column name="END_OF_FLOW" value="true"/>
          <column name="Activate" value="true"/>
          <column name="DUMMY" value="false"/>
          <column name="tStatCatcher Statistics" value="false"/>
          <column name="Help" value="org.talend.help.tMSSqlOutput"/>
          <column name="Update components" value="true"/>
          <column name="IREPORT_PATH" value=""/>
          <column name="JAVA_LIBRARY_PATH" value="C:\Program Files (x86)\Talend-Studio-6.3\studio\configuration\lib\java"/>
          <column name="Subjob color" value=""/>
          <column name="Title color" value=""/>
          <column name="Enable parallel execution" value="false"/>
          <column name="Number of parallel executions" value="2"/>
          <column name="" value="false"/>
          <column name="Property Type" value="repository: DB (MSSQL):SQLServer_Stage"/>
          <column name="Use an existing connection" value="false"/>
          <column name="Component List" value=""/>
          <column name="JDBC Provider" value="JTDS"/>
          <column name="Host" value="&quot;localhost&quot;"/>
          <column name="Port" value="&quot;1433&quot;"/>
          <column name="Schema" value="&quot;&quot;"/>
          <column name="Database" value="&quot;retail_stage&quot;"/>
          <column name="Database Driver" value="MSSQL"/>
          <column name="Username" value="&quot;sa&quot;"/>
          <column name="Password" value="************"/>
          <column name="Table" value="&quot;Import_Prices_EUR&quot;"/>
          <column name="Action on table" value="NONE"/>
          <column name="Turn on Identity insert" value="false"/>
          <column name="Action on data" value="INSERT"/>
          <column name="Specify identity field" value="false"/>
          <column name="Identity field" value="Product_Label"/>
          <column name="Start value" value="1"/>
          <column name="Step" value="1"/>
          <column name="REPOSITORY_ALLOW_AUTO_SWITCH" value="true"/>
          <column name="Schema" value="Built-In"/>
          <column name="Reject Schema" value="Built-In"/>
          <column name="Specify a data source alias" value="false"/>
          <column name="Data source alias" value="&quot;&quot;"/>
          <column name="Die on error" value="true"/>
          <column name="Mapping" value="id_MSSQL"/>
          <column name="Additional JDBC Parameters" value="&quot;&quot;"/>
          <column name="Encoding" value="&quot;ISO-8859-15&quot;"/>
          <column name="Commit every" value="10000"/>
          <column name="Additional columns" value="[]"/>
          <column name="Use field options" value="false"/>
          <column name="Field options" value="[{UPDATE_KEY=false, DELETE_KEY=false, UPDATABLE=true, INSERTABLE=true, SCHEMA_COLUMN=Product_Label}, {UPDATE_KEY=false, DELETE_KEY=false, UPDATABLE=true, INSERTABLE=true, SCHEMA_COLUMN=CurrencyKey}, {UPDATE_KEY=false, DELETE_KEY=false, UPDATABLE=true, INSERTABLE=true, SCHEMA_COLUMN=UnitPrice}, {UPDATE_KEY=false, DELETE_KEY=false, UPDATABLE=true, INSERTABLE=true, SCHEMA_COLUMN=SCD_EffectiveDate}, {UPDATE_KEY=false, DELETE_KEY=false, UPDATABLE=true, INSERTABLE=true, SCHEMA_COLUMN=step}, {UPDATE_KEY=false, DELETE_KEY=false, UPDATABLE=true, INSERTABLE=true, SCHEMA_COLUMN=ImportDate}]"/>
          <column name="Ignore date out of range" value="false"/>
          <column name="Enable debug mode" value="false"/>
          <column name="Support null in &quot;SQL WHERE&quot; statement" value="false"/>
          <column name="Use Batch Size" value="true"/>
          <column name="Batch Size" value="10000"/>
          <column name="Label format" value="__UNIQUE_NAME__"/>
          <column name="Hint format" value="&lt;b&gt;__UNIQUE_NAME__&lt;/b&gt;&lt;br&gt;__COMMENT__"/>
          <column name="Connection format" value="row"/>
          <column name="Show Information" value="false"/>
          <column name="Comment" value=""/>
          <column name="Use an existing validation rule" value="false"/>
          <column name="Validation Rule Type" value=""/>
        </parameters>
        <schemas>
          <schema name="op4">
            <column name="Product_Label" key="false" type="String" length="12" precision="" nullable="true" comment=""/>
            <column name="CurrencyKey" key="false" type="Integer" length="1" precision="" nullable="true" comment=""/>
            <column name="UnitPrice" key="false" type="Float" length="8" precision="5" nullable="true" comment=""/>
            <column name="SCD_EffectiveDate" key="false" type="java.util.Date" length="10" precision="" nullable="true" comment=""/>
            <column name="step" key="false" type="Integer" length="" precision="" nullable="true" comment=""/>
            <column name="ImportDate" key="false" type="java.util.Date" length="" precision="" nullable="true" comment=""/>
          </schema>
        </schemas>
      </component>
    </internalNodeComponents>
    <externalNodeComponents>
      <component icon="pictures/tMap_1.png" uniqueName="tMap_1" label="__UNIQUE_NAME__" preview="pictures/external_preview_tMap_1.png">
        <input link="tMap_1">tMap_1</input>
        <input link="tMSSqlInput_1">tMSSqlInput_1</input>
        <input link="tMSSqlInput_5">tMSSqlInput_5</input>
        <output link="tMSSqlOutput_1">tMSSqlOutput_1</output>
        <componentType>tMap</componentType>
        <!--tMap_1-->
      </component>
      <component icon="pictures/tMap_2.png" uniqueName="tMap_2" label="__UNIQUE_NAME__" preview="pictures/external_preview_tMap_2.png">
        <input link="tMap_2">tMap_2</input>
        <input link="tMSSqlInput_2">tMSSqlInput_2</input>
        <input link="tMSSqlInput_6">tMSSqlInput_6</input>
        <output link="tMSSqlOutput_2">tMSSqlOutput_2</output>
        <componentType>tMap</componentType>
        <!--tMap_2-->
      </component>
      <component icon="pictures/tMap_3.png" uniqueName="tMap_3" label="__UNIQUE_NAME__" preview="pictures/external_preview_tMap_3.png">
        <input link="tMap_3">tMap_3</input>
        <input link="tMSSqlInput_3">tMSSqlInput_3</input>
        <input link="tMSSqlInput_7">tMSSqlInput_7</input>
        <output link="tMSSqlOutput_3">tMSSqlOutput_3</output>
        <componentType>tMap</componentType>
        <!--tMap_3-->
      </component>
      <component icon="pictures/tMap_4.png" uniqueName="tMap_4" label="__UNIQUE_NAME__" preview="pictures/external_preview_tMap_4.png">
        <input link="tMap_4">tMap_4</input>
        <input link="tMSSqlInput_4">tMSSqlInput_4</input>
        <input link="tMSSqlInput_8">tMSSqlInput_8</input>
        <output link="tMSSqlOutput_4">tMSSqlOutput_4</output>
        <componentType>tMap</componentType>
        <!--tMap_4-->
      </component>
    </externalNodeComponents>
    <connections>
      <connection label="row1" lineStyle="0" metaname="tFileInputDelimited_1" offsetLabelX="0" offsetLabelY="0" source="tFileInputDelimited_1" target="tMap_1"/>
      <connection label="OnSubjobOk" lineStyle="1" metaname="tFileInputDelimited_1" offsetLabelX="0" offsetLabelY="0" source="tFileInputDelimited_1" target="tFileInputDelimited_2"/>
      <connection label="op1" lineStyle="0" metaname="op1" offsetLabelX="0" offsetLabelY="0" source="tMap_1" target="tMSSqlOutput_1"/>
      <connection label="row5" lineStyle="8" metaname="tMSSqlInput_1" offsetLabelX="0" offsetLabelY="0" source="tMSSqlInput_1" target="tMap_1"/>
      <connection label="row9" lineStyle="8" metaname="tMSSqlInput_5" offsetLabelX="0" offsetLabelY="0" source="tMSSqlInput_5" target="tMap_1"/>
      <connection label="row2" lineStyle="0" metaname="tFileInputDelimited_2" offsetLabelX="0" offsetLabelY="0" source="tFileInputDelimited_2" target="tMap_2"/>
      <connection label="OnSubjobOk" lineStyle="1" metaname="tFileInputDelimited_2" offsetLabelX="0" offsetLabelY="0" source="tFileInputDelimited_2" target="tFileInputDelimited_3"/>
      <connection label="op2" lineStyle="0" metaname="op2" offsetLabelX="0" offsetLabelY="0" source="tMap_2" target="tMSSqlOutput_2"/>
      <connection label="row6" lineStyle="8" metaname="tMSSqlInput_2" offsetLabelX="0" offsetLabelY="0" source="tMSSqlInput_2" target="tMap_2"/>
      <connection label="row10" lineStyle="8" metaname="tMSSqlInput_6" offsetLabelX="0" offsetLabelY="0" source="tMSSqlInput_6" target="tMap_2"/>
      <connection label="row3" lineStyle="0" metaname="tFileInputDelimited_3" offsetLabelX="0" offsetLabelY="0" source="tFileInputDelimited_3" target="tMap_3"/>
      <connection label="OnSubjobOk" lineStyle="1" metaname="tFileInputDelimited_3" offsetLabelX="0" offsetLabelY="0" source="tFileInputDelimited_3" target="tFileInputDelimited_4"/>
      <connection label="op3" lineStyle="0" metaname="op3" offsetLabelX="0" offsetLabelY="0" source="tMap_3" target="tMSSqlOutput_3"/>
      <connection label="row7" lineStyle="8" metaname="tMSSqlInput_3" offsetLabelX="0" offsetLabelY="0" source="tMSSqlInput_3" target="tMap_3"/>
      <connection label="row11" lineStyle="8" metaname="tMSSqlInput_7" offsetLabelX="0" offsetLabelY="0" source="tMSSqlInput_7" target="tMap_3"/>
      <connection label="row4" lineStyle="0" metaname="tFileInputDelimited_4" offsetLabelX="0" offsetLabelY="0" source="tFileInputDelimited_4" target="tMap_4"/>
      <connection label="op4" lineStyle="0" metaname="op4" offsetLabelX="0" offsetLabelY="0" source="tMap_4" target="tMSSqlOutput_4"/>
      <connection label="row8" lineStyle="8" metaname="tMSSqlInput_4" offsetLabelX="0" offsetLabelY="0" source="tMSSqlInput_4" target="tMap_4"/>
      <connection label="row12" lineStyle="8" metaname="tMSSqlInput_8" offsetLabelX="0" offsetLabelY="0" source="tMSSqlInput_8" target="tMap_4"/>
    </connections>
  </job>
</project>
