<?xml version="1.1" encoding="UTF-8"?>

<project i18n.job.generated.documetation="Generated documentation" i18n.job.project.name="Project Name" i18n.job.generated.date="GENERATION DATE" i18n.job.author="AUTHOR" i18n.job.summary="Summary" i18n.job.project.description="Project Description" i18n.job.job.description="Description" i18n.job.job.preview.picture="Preview Picture" i18n.job.job.setting="Settings" i18n.job.context.list="Context List" i18n.job.component.list="Component List" i18n.job.components.description="Components Description" i18n.job.source.code="Source Code" i18n.job.properties="Properties" i18n.job.values="Values" i18n.job.name="Name" i18n.job.language="Language" i18n.job.description="Description" i18n.job.author.min="Author" i18n.job.version="Version" i18n.job.purpose="Purpose" i18n.job.status="Status" i18n.job.creation="Creation" i18n.job.modification="Modification" i18n.job.extract.settings="Extra settings" i18n.job.value="Value" i18n.job.stats.logs="Status &amp; Logs" i18n.job.context="Context" i18n.job.promt="Prompt" i18n.job.need.promt="Need Prompt?" i18n.job.type="Type" i18n.job.source="Source" i18n.job.component.name="Component Name" i18n.job.component.type="Component Type" i18n.job.component="Component" i18n.job.unique.name="UNIQUE NAME" i18n.job.input="INPUT(S)" i18n.job.label="LABEL" i18n.job.output="OUTPUT(S)" i18n.job.component.parameters="Component Parameters:" i18n.job.schema.for="Schema for " i18n.job.column="Column" i18n.job.key="Key" i18n.job.length="Length" i18n.job.precision="Precision" i18n.job.nullable="Nullable" i18n.job.comment="Comment" i18n.job.original.function.parameters="Original Function Parameters:" i18n.job.ended="ended" i18n.job.content="content" i18n.route.manifest.type="Type" i18n.route.manifest.value="Value" i18n.route.resource.name="Name" i18n.route.resource.version="Version" i18n.route.resource.path="Path" name="Final_Project" logo="pictures/logo.jpg" title="Generated by Talend Data Fabric" link="http://www.talend.com" language="java" generatedDate="Apr 30, 2017 12:30:17 AM" versionName="Talend Data Fabric VERSION " version="6.3.1.20161216_1026" docType="Jobs" company="">
  <pro-description><![CDATA[]]></pro-description>
  <job name="DimProduct" author="user@talend.com" i18n.job.extract.settings.type="i18n.job.extract.settings" i18n.job.stats.logs.type="i18n.job.stats.logs" version="0.1" purpose="" status="" creation="Apr 23, 2017 9:02:03 PM" modification="Apr 29, 2017 3:01:56 PM">
    <description><![CDATA[<br/>]]></description>
    <preview picture="pictures/DimProduct_0.1.png"/>
    <contextList>
      <context name="Default"/>
    </contextList>
    <jobSetting>
      <extra>
        <jobParameter name="COMP_DEFAULT_FILE_DIR" value=""/>
        <jobParameter name="Multi thread execution" value="true"/>
        <jobParameter name="Implicit tContextLoad" value="false"/>
      </extra>
      <Statslogs>
        <jobParameter name="Use statistics (tStatCatcher)" value="false"/>
        <jobParameter name="Use logs (tLogCatcher)" value="false"/>
        <jobParameter name="Use volumetrics (tFlowMeterCatcher)" value="false"/>
        <jobParameter name="On Console" value="false"/>
        <jobParameter name="On Files" value="false"/>
        <jobParameter name="On Databases" value="false"/>
        <jobParameter name="Catch components statistics" value="false"/>
        <jobParameter name="Catch runtime errors" value="true"/>
        <jobParameter name="Catch user errors" value="true"/>
        <jobParameter name="Catch user warnings" value="true"/>
      </Statslogs>
    </jobSetting>
    <componentList>
      <componentItem name="CNTL_Job_Tracking_Stats_CHILD_1" link="CNTL_Job_Tracking_Stats_CHILD_1" type="CNTL_Job_Tracking_Stats_CHILD" leftTopX="128" leftTopY="64" rightBottomX="160" rightBottomY="96"/>
      <componentItem name="tMSSqlInput_1" link="tMSSqlInput_1" type="tMSSqlInput" leftTopX="736" leftTopY="192" rightBottomX="768" rightBottomY="224"/>
      <componentItem name="tMSSqlOutput_1" link="tMSSqlOutput_1" type="tMSSqlOutput" leftTopX="864" leftTopY="64" rightBottomX="896" rightBottomY="96"/>
      <componentItem name="tMap_1" link="tMap_1" type="tMap" leftTopX="608" leftTopY="64" rightBottomX="640" rightBottomY="96"/>
      <componentItem name="tMysqlInput_1" link="tMysqlInput_1" type="tMysqlInput" leftTopX="352" leftTopY="64" rightBottomX="384" rightBottomY="96"/>
      <componentItem name="tMysqlInput_2" link="tMysqlInput_2" type="tMysqlInput" leftTopX="416" leftTopY="128" rightBottomX="448" rightBottomY="160"/>
      <componentItem name="tMysqlInput_3" link="tMysqlInput_3" type="tMysqlInput" leftTopX="480" leftTopY="192" rightBottomX="512" rightBottomY="224"/>
    </componentList>
    <internalNodeComponents>
      <component icon="pictures/tMSSqlInput_1.png" uniqueName="tMSSqlInput_1" label="__TABLE__">
        <input>none</input>
        <output link="tMap_1">tMap_1</output>
        <componentType>tMSSqlInput</componentType>
        <parameters>
          <column name="Unique Name" value="tMSSqlInput_1"/>
          <column name="Component Name" value="tMSSqlInput"/>
          <column name="Version" value="0.102 (ALPHA)"/>
          <column name="Family" value="Databases/MS_SQL_Server"/>
          <column name="Start" value="false"/>
          <column name="Startable" value="true"/>
          <column name="SUBTREE_START" value="false"/>
          <column name="END_OF_FLOW" value="false"/>
          <column name="Activate" value="true"/>
          <column name="DUMMY" value="false"/>
          <column name="tStatCatcher Statistics" value="false"/>
          <column name="Help" value="org.talend.help.tMSSqlInput"/>
          <column name="Update components" value="true"/>
          <column name="IREPORT_PATH" value=""/>
          <column name="JAVA_LIBRARY_PATH" value="C:\Program Files (x86)\Talend-Studio-6.3\studio\configuration\lib\java"/>
          <column name="Subjob color" value=""/>
          <column name="Title color" value=""/>
          <column name="Enable parallel execution" value="false"/>
          <column name="Number of parallel executions" value="2"/>
          <column name="" value="false"/>
          <column name="Use an existing connection" value="false"/>
          <column name="Component List" value=""/>
          <column name="Property Type" value="repository: DB (MSSQL):SQLServer_Stage"/>
          <column name="Host" value="&quot;localhost&quot;"/>
          <column name="JDBC Provider" value="JTDS"/>
          <column name="Database Driver" value="MSSQL"/>
          <column name="Port" value="&quot;1433&quot;"/>
          <column name="Schema" value="&quot;&quot;"/>
          <column name="Database" value="&quot;retail_stage&quot;"/>
          <column name="Username" value="&quot;sa&quot;"/>
          <column name="Password" value="************"/>
          <column name="REPOSITORY_ALLOW_AUTO_SWITCH" value="true"/>
          <column name="Schema" value="repository: DB (MSSQL):SQLServer_Stage - CrossRef_Products"/>
          <column name="Table Name" value="&quot;CrossRef_Products&quot;"/>
          <column name="Query Type" value="Built-In"/>
          <column name="Guess Schema" value="&quot;&quot;"/>
          <column name="Query" value="&quot;SELECT CrossRef_Products.ProductKey,
		CrossRef_Products.Product_ID,
		CrossRef_Products.Brand_ID,
		CrossRef_Products.ProductLabel,
		CrossRef_Products.ProductName,
		CrossRef_Products.ProductSubcategoryKey,
		CrossRef_Products.ProductSubcategoryLabel,
		CrossRef_Products.ProductcategoryKey,
		CrossRef_Products.ProductCategoryLabel
FROM	CrossRef_Products&quot;"/>
          <column name="Specify a data source alias" value="false"/>
          <column name="Data source alias" value="&quot;&quot;"/>
          <column name="Mapping" value="id_MSSQL"/>
          <column name="Additional JDBC Parameters" value="&quot;&quot;"/>
          <column name="Encoding" value="&quot;ISO-8859-15&quot;"/>
          <column name="Trim all the String/Char columns" value="true"/>
          <column name="Trim column" value="[{TRIM=false, SCHEMA_COLUMN=ProductKey}, {TRIM=false, SCHEMA_COLUMN=Product_ID}, {TRIM=false, SCHEMA_COLUMN=Brand_ID}, {TRIM=false, SCHEMA_COLUMN=ProductLabel}, {TRIM=false, SCHEMA_COLUMN=ProductName}, {TRIM=false, SCHEMA_COLUMN=ProductSubcategoryKey}, {TRIM=false, SCHEMA_COLUMN=ProductSubcategoryLabel}, {TRIM=false, SCHEMA_COLUMN=ProductcategoryKey}, {TRIM=false, SCHEMA_COLUMN=ProductCategoryLabel}]"/>
          <column name="Label format" value="__TABLE__"/>
          <column name="Hint format" value="&lt;b&gt;__UNIQUE_NAME__&lt;/b&gt;&lt;br&gt;__COMMENT__"/>
          <column name="Connection format" value="row"/>
          <column name="Show Information" value="false"/>
          <column name="Comment" value=""/>
          <column name="Use an existing validation rule" value="false"/>
          <column name="Validation Rule Type" value=""/>
        </parameters>
        <schemas>
          <schema name="CrossRef_Products">
            <column name="ProductKey" key="false" type="Integer" length="10" precision="" nullable="true" comment=""/>
            <column name="Product_ID" key="false" type="String" length="20" precision="" nullable="true" comment=""/>
            <column name="Brand_ID" key="false" type="String" length="20" precision="" nullable="true" comment=""/>
            <column name="ProductLabel" key="false" type="String" length="20" precision="" nullable="true" comment=""/>
            <column name="ProductName" key="false" type="String" length="100" precision="" nullable="true" comment=""/>
            <column name="ProductSubcategoryKey" key="false" type="Integer" length="10" precision="" nullable="true" comment=""/>
            <column name="ProductSubcategoryLabel" key="false" type="String" length="20" precision="" nullable="true" comment=""/>
            <column name="ProductcategoryKey" key="false" type="Integer" length="10" precision="" nullable="true" comment=""/>
            <column name="ProductCategoryLabel" key="false" type="String" length="20" precision="" nullable="true" comment=""/>
          </schema>
        </schemas>
      </component>
      <component icon="pictures/tMSSqlOutput_1.png" uniqueName="tMSSqlOutput_1" label="__TABLE__">
        <input link="tMap_1">tMap_1</input>
        <input link="tMysqlInput_2">tMysqlInput_2</input>
        <input link="tMysqlInput_3">tMysqlInput_3</input>
        <input link="tMSSqlInput_1">tMSSqlInput_1</input>
        <output>none</output>
        <componentType>tMSSqlOutput</componentType>
        <parameters>
          <column name="Unique Name" value="tMSSqlOutput_1"/>
          <column name="Component Name" value="tMSSqlOutput"/>
          <column name="Version" value="0.102 (ALPHA)"/>
          <column name="Family" value="Databases/MS_SQL_Server"/>
          <column name="Startable" value="false"/>
          <column name="SUBTREE_START" value="false"/>
          <column name="END_OF_FLOW" value="true"/>
          <column name="Activate" value="true"/>
          <column name="DUMMY" value="false"/>
          <column name="tStatCatcher Statistics" value="false"/>
          <column name="Help" value="org.talend.help.tMSSqlOutput"/>
          <column name="Update components" value="true"/>
          <column name="IREPORT_PATH" value=""/>
          <column name="JAVA_LIBRARY_PATH" value="C:\Program Files (x86)\Talend-Studio-6.3\studio\configuration\lib\java"/>
          <column name="Subjob color" value=""/>
          <column name="Title color" value=""/>
          <column name="Enable parallel execution" value="false"/>
          <column name="Number of parallel executions" value="2"/>
          <column name="" value="false"/>
          <column name="Property Type" value="repository: DB (MSSQL):SQLServer_Target"/>
          <column name="Use an existing connection" value="false"/>
          <column name="Component List" value=""/>
          <column name="JDBC Provider" value="JTDS"/>
          <column name="Host" value="&quot;localhost&quot;"/>
          <column name="Port" value="&quot;1433&quot;"/>
          <column name="Schema" value="&quot;&quot;"/>
          <column name="Database" value="&quot;retail_dw&quot;"/>
          <column name="Database Driver" value="MSSQL"/>
          <column name="Username" value="&quot;sa&quot;"/>
          <column name="Password" value="************"/>
          <column name="Table" value="&quot;DimProduct&quot;"/>
          <column name="Action on table" value="TRUNCATE"/>
          <column name="Turn on Identity insert" value="false"/>
          <column name="Action on data" value="INSERT"/>
          <column name="Specify identity field" value="false"/>
          <column name="Identity field" value="ProductKey"/>
          <column name="Start value" value="1"/>
          <column name="Step" value="1"/>
          <column name="REPOSITORY_ALLOW_AUTO_SWITCH" value="true"/>
          <column name="Schema" value="Built-In"/>
          <column name="Reject Schema" value="Built-In"/>
          <column name="Specify a data source alias" value="false"/>
          <column name="Data source alias" value="&quot;&quot;"/>
          <column name="Die on error" value="true"/>
          <column name="Mapping" value="id_MSSQL"/>
          <column name="Additional JDBC Parameters" value="&quot;&quot;"/>
          <column name="Encoding" value="&quot;ISO-8859-15&quot;"/>
          <column name="Commit every" value="500000"/>
          <column name="Additional columns" value="[]"/>
          <column name="Use field options" value="false"/>
          <column name="Field options" value="[{UPDATE_KEY=false, DELETE_KEY=false, UPDATABLE=true, INSERTABLE=true, SCHEMA_COLUMN=ProductKey}, {UPDATE_KEY=false, DELETE_KEY=false, UPDATABLE=true, INSERTABLE=true, SCHEMA_COLUMN=Product_ID}, {UPDATE_KEY=false, DELETE_KEY=false, UPDATABLE=true, INSERTABLE=true, SCHEMA_COLUMN=Brand_ID}, {UPDATE_KEY=false, DELETE_KEY=false, UPDATABLE=true, INSERTABLE=true, SCHEMA_COLUMN=ProductLabel}, {UPDATE_KEY=false, DELETE_KEY=false, UPDATABLE=true, INSERTABLE=true, SCHEMA_COLUMN=ProductName}, {UPDATE_KEY=false, DELETE_KEY=false, UPDATABLE=true, INSERTABLE=true, SCHEMA_COLUMN=ProductDescription}, {UPDATE_KEY=false, DELETE_KEY=false, UPDATABLE=true, INSERTABLE=true, SCHEMA_COLUMN=ProductSubcategoryKey}, {UPDATE_KEY=false, DELETE_KEY=false, UPDATABLE=true, INSERTABLE=true, SCHEMA_COLUMN=ProductSubcategoryLabel}, {UPDATE_KEY=false, DELETE_KEY=false, UPDATABLE=true, INSERTABLE=true, SCHEMA_COLUMN=ProductSubcategoryName}, {UPDATE_KEY=false, DELETE_KEY=false, UPDATABLE=true, INSERTABLE=true, SCHEMA_COLUMN=ProductSubcategoryDescription}, {UPDATE_KEY=false, DELETE_KEY=false, UPDATABLE=true, INSERTABLE=true, SCHEMA_COLUMN=ProductCategoryKey}, {UPDATE_KEY=false, DELETE_KEY=false, UPDATABLE=true, INSERTABLE=true, SCHEMA_COLUMN=ProductCategoryLabel}, {UPDATE_KEY=false, DELETE_KEY=false, UPDATABLE=true, INSERTABLE=true, SCHEMA_COLUMN=ProductCategoryName}, {UPDATE_KEY=false, DELETE_KEY=false, UPDATABLE=true, INSERTABLE=true, SCHEMA_COLUMN=ProductCategoryDescription}, {UPDATE_KEY=false, DELETE_KEY=false, UPDATABLE=true, INSERTABLE=true, SCHEMA_COLUMN=Manufacturer}, {UPDATE_KEY=false, DELETE_KEY=false, UPDATABLE=true, INSERTABLE=true, SCHEMA_COLUMN=BrandName}, {UPDATE_KEY=false, DELETE_KEY=false, UPDATABLE=true, INSERTABLE=true, SCHEMA_COLUMN=ClassID}, {UPDATE_KEY=false, DELETE_KEY=false, UPDATABLE=true, INSERTABLE=true, SCHEMA_COLUMN=ClassName}, {UPDATE_KEY=false, DELETE_KEY=false, UPDATABLE=true, INSERTABLE=true, SCHEMA_COLUMN=StyleID}, {UPDATE_KEY=false, DELETE_KEY=false, UPDATABLE=true, INSERTABLE=true, SCHEMA_COLUMN=StyleName}, {UPDATE_KEY=false, DELETE_KEY=false, UPDATABLE=true, INSERTABLE=true, SCHEMA_COLUMN=ColorID}, {UPDATE_KEY=false, DELETE_KEY=false, UPDATABLE=true, INSERTABLE=true, SCHEMA_COLUMN=ColorName}, {UPDATE_KEY=false, DELETE_KEY=false, UPDATABLE=true, INSERTABLE=true, SCHEMA_COLUMN=ProductSize}, {UPDATE_KEY=false, DELETE_KEY=false, UPDATABLE=true, INSERTABLE=true, SCHEMA_COLUMN=SizeRange}, {UPDATE_KEY=false, DELETE_KEY=false, UPDATABLE=true, INSERTABLE=true, SCHEMA_COLUMN=SizeUnitMeasureID}, {UPDATE_KEY=false, DELETE_KEY=false, UPDATABLE=true, INSERTABLE=true, SCHEMA_COLUMN=Weight}, {UPDATE_KEY=false, DELETE_KEY=false, UPDATABLE=true, INSERTABLE=true, SCHEMA_COLUMN=WeightUnitMeasureID}, {UPDATE_KEY=false, DELETE_KEY=false, UPDATABLE=true, INSERTABLE=true, SCHEMA_COLUMN=UnitOfMeasureID}, {UPDATE_KEY=false, DELETE_KEY=false, UPDATABLE=true, INSERTABLE=true, SCHEMA_COLUMN=UnitOfMeasureName}, {UPDATE_KEY=false, DELETE_KEY=false, UPDATABLE=true, INSERTABLE=true, SCHEMA_COLUMN=StockTypeID}, {UPDATE_KEY=false, DELETE_KEY=false, UPDATABLE=true, INSERTABLE=true, SCHEMA_COLUMN=StockTypeName}, {UPDATE_KEY=false, DELETE_KEY=false, UPDATABLE=true, INSERTABLE=true, SCHEMA_COLUMN=AvailableForSaleDate}, {UPDATE_KEY=false, DELETE_KEY=false, UPDATABLE=true, INSERTABLE=true, SCHEMA_COLUMN=StopSaleDate}, {UPDATE_KEY=false, DELETE_KEY=false, UPDATABLE=true, INSERTABLE=true, SCHEMA_COLUMN=Status}, {UPDATE_KEY=false, DELETE_KEY=false, UPDATABLE=true, INSERTABLE=true, SCHEMA_COLUMN=SOR_ID}, {UPDATE_KEY=false, DELETE_KEY=false, UPDATABLE=true, INSERTABLE=true, SCHEMA_COLUMN=SOR_LoadDate}, {UPDATE_KEY=false, DELETE_KEY=false, UPDATABLE=true, INSERTABLE=true, SCHEMA_COLUMN=SOR_UpdateDate}, {UPDATE_KEY=false, DELETE_KEY=false, UPDATABLE=true, INSERTABLE=true, SCHEMA_COLUMN=DI_Job_ID}]"/>
          <column name="Ignore date out of range" value="false"/>
          <column name="Enable debug mode" value="false"/>
          <column name="Support null in &quot;SQL WHERE&quot; statement" value="false"/>
          <column name="Use Batch Size" value="true"/>
          <column name="Batch Size" value="1000000"/>
          <column name="Label format" value="__TABLE__"/>
          <column name="Hint format" value="&lt;b&gt;__UNIQUE_NAME__&lt;/b&gt;&lt;br&gt;__COMMENT__"/>
          <column name="Connection format" value="row"/>
          <column name="Show Information" value="false"/>
          <column name="Comment" value=""/>
          <column name="Use an existing validation rule" value="false"/>
          <column name="Validation Rule Type" value=""/>
        </parameters>
        <schemas>
          <schema name="DimProduct">
            <column name="ProductKey" key="false" type="int" length="10" precision="" nullable="false" comment=""/>
            <column name="Product_ID" key="false" type="String" length="24" precision="" nullable="false" comment=""/>
            <column name="Brand_ID" key="false" type="String" length="24" precision="" nullable="false" comment=""/>
            <column name="ProductLabel" key="false" type="String" length="24" precision="" nullable="false" comment=""/>
            <column name="ProductName" key="false" type="String" length="500" precision="" nullable="true" comment=""/>
            <column name="ProductDescription" key="false" type="String" length="400" precision="" nullable="true" comment=""/>
            <column name="ProductSubcategoryKey" key="false" type="Integer" length="10" precision="" nullable="true" comment=""/>
            <column name="ProductSubcategoryLabel" key="false" type="String" length="100" precision="" nullable="true" comment=""/>
            <column name="ProductSubcategoryName" key="false" type="String" length="50" precision="" nullable="false" comment=""/>
            <column name="ProductSubcategoryDescription" key="false" type="String" length="100" precision="" nullable="true" comment=""/>
            <column name="ProductCategoryKey" key="false" type="Integer" length="10" precision="" nullable="true" comment=""/>
            <column name="ProductCategoryLabel" key="false" type="String" length="100" precision="" nullable="false" comment=""/>
            <column name="ProductCategoryName" key="false" type="String" length="30" precision="" nullable="false" comment=""/>
            <column name="ProductCategoryDescription" key="false" type="String" length="50" precision="" nullable="false" comment=""/>
            <column name="Manufacturer" key="false" type="String" length="50" precision="" nullable="true" comment=""/>
            <column name="BrandName" key="false" type="String" length="50" precision="" nullable="true" comment=""/>
            <column name="ClassID" key="false" type="String" length="10" precision="" nullable="true" comment=""/>
            <column name="ClassName" key="false" type="String" length="20" precision="" nullable="true" comment=""/>
            <column name="StyleID" key="false" type="String" length="10" precision="" nullable="true" comment=""/>
            <column name="StyleName" key="false" type="String" length="20" precision="" nullable="true" comment=""/>
            <column name="ColorID" key="false" type="String" length="10" precision="" nullable="true" comment=""/>
            <column name="ColorName" key="false" type="String" length="20" precision="" nullable="true" comment=""/>
            <column name="ProductSize" key="false" type="String" length="50" precision="" nullable="true" comment=""/>
            <column name="SizeRange" key="false" type="String" length="50" precision="" nullable="true" comment=""/>
            <column name="SizeUnitMeasureID" key="false" type="String" length="20" precision="" nullable="true" comment=""/>
            <column name="Weight" key="false" type="Double" length="53" precision="" nullable="true" comment=""/>
            <column name="WeightUnitMeasureID" key="false" type="String" length="20" precision="" nullable="true" comment=""/>
            <column name="UnitOfMeasureID" key="false" type="String" length="10" precision="" nullable="true" comment=""/>
            <column name="UnitOfMeasureName" key="false" type="String" length="40" precision="" nullable="true" comment=""/>
            <column name="StockTypeID" key="false" type="String" length="10" precision="" nullable="true" comment=""/>
            <column name="StockTypeName" key="false" type="String" length="40" precision="" nullable="true" comment=""/>
            <column name="AvailableForSaleDate" key="false" type="java.util.Date" length="23" precision="3" nullable="true" comment=""/>
            <column name="StopSaleDate" key="false" type="java.util.Date" length="23" precision="3" nullable="true" comment=""/>
            <column name="Status" key="false" type="String" length="7" precision="" nullable="true" comment=""/>
            <column name="SOR_ID" key="false" type="int" length="10" precision="" nullable="false" comment=""/>
            <column name="SOR_LoadDate" key="false" type="java.util.Date" length="23" precision="3" nullable="true" comment=""/>
            <column name="SOR_UpdateDate" key="false" type="java.util.Date" length="23" precision="3" nullable="true" comment=""/>
            <column name="DI_Job_ID" key="false" type="String" length="20" precision="" nullable="false" comment=""/>
          </schema>
        </schemas>
      </component>
      <component icon="pictures/tMysqlInput_1.png" uniqueName="tMysqlInput_1" label="__TABLE__">
        <input>none</input>
        <output link="tMap_1">tMap_1</output>
        <componentType>tMysqlInput</componentType>
        <parameters>
          <column name="Unique Name" value="tMysqlInput_1"/>
          <column name="Component Name" value="tMysqlInput"/>
          <column name="Version" value="0.102 (ALPHA)"/>
          <column name="Family" value="Databases/MySQL"/>
          <column name="Start" value="true"/>
          <column name="Startable" value="true"/>
          <column name="SUBTREE_START" value="true"/>
          <column name="END_OF_FLOW" value="false"/>
          <column name="Activate" value="true"/>
          <column name="DUMMY" value="false"/>
          <column name="tStatCatcher Statistics" value="false"/>
          <column name="Help" value="org.talend.help.tMysqlInput"/>
          <column name="Update components" value="true"/>
          <column name="IREPORT_PATH" value=""/>
          <column name="JAVA_LIBRARY_PATH" value="C:\Program Files (x86)\Talend-Studio-6.3\studio\configuration\lib\java"/>
          <column name="Subjob color" value=""/>
          <column name="Title color" value=""/>
          <column name="Enable parallel execution" value="false"/>
          <column name="Number of parallel executions" value="2"/>
          <column name="" value="false"/>
          <column name="Property Type" value="repository: DB (MYSQL):MySQL_SOR"/>
          <column name="DB Version" value="MYSQL_5"/>
          <column name="Use an existing connection" value="false"/>
          <column name="Component List" value=""/>
          <column name="Host" value="&quot;localhost&quot;"/>
          <column name="Port" value="&quot;3306&quot;"/>
          <column name="Database" value="&quot;retail_sor_eu&quot;"/>
          <column name="Database Driver" value="MYSQL"/>
          <column name="Username" value="&quot;root&quot;"/>
          <column name="Password" value="************"/>
          <column name="REPOSITORY_ALLOW_AUTO_SWITCH" value="true"/>
          <column name="Schema" value="Built-In"/>
          <column name="Table Name" value="&quot;dimproduct&quot;"/>
          <column name="Query Type" value="Built-In"/>
          <column name="Guess Schema" value="&quot;&quot;"/>
          <column name="Query" value="&quot;SELECT 
  `dimproduct`.`Brand_ID`, 
  `dimproduct`.`ProductKey`, 
  `dimproduct`.`ProductName`, 
  `dimproduct`.`ProductDescription`, 
  `dimproduct`.`ProductSubcategoryLabel`, 
  `dimproduct`.`Manufacturer`, 
  `dimproduct`.`BrandName`, 
  `dimproduct`.`ClassID`, 
  `dimproduct`.`ClassName`, 
  `dimproduct`.`StyleID`, 
  `dimproduct`.`StyleName`, 
  `dimproduct`.`ColorID`, 
  `dimproduct`.`ColorName`, 
  `dimproduct`.`Size`, 
  `dimproduct`.`SizeRange`, 
  `dimproduct`.`SizeUnitMeasureID`, 
  `dimproduct`.`Weight`, 
  `dimproduct`.`WeightUnitMeasureID`, 
  `dimproduct`.`UnitOfMeasureID`, 
  `dimproduct`.`UnitOfMeasureName`, 
  `dimproduct`.`StockTypeID`, 
  `dimproduct`.`StockTypeName`, 
  `dimproduct`.`AvailableForSaleDate`, 
  `dimproduct`.`StopSaleDate`, 
  `dimproduct`.`Status`, 
  `dimproduct`.`ETLLoadID`, 
  `dimproduct`.`LoadDate`, 
  `dimproduct`.`UpdateDate`, 
  `dimproduct`.`SOR_ID`
FROM `dimproduct`&quot;"/>
          <column name="Specify a data source alias" value="false"/>
          <column name="Data source alias" value="&quot;&quot;"/>
          <column name="Mapping" value="mysql_id"/>
          <column name="Additional JDBC Parameters" value="&quot;noDatetimeStringSync=true&quot;"/>
          <column name="Encoding" value="&quot;ISO-8859-15&quot;"/>
          <column name="Enable stream" value="true"/>
          <column name="Trim all the String/Char columns" value="true"/>
          <column name="Trim column" value="[{TRIM=false, SCHEMA_COLUMN=Brand_ID}, {TRIM=false, SCHEMA_COLUMN=ProductKey}, {TRIM=false, SCHEMA_COLUMN=ProductName}, {TRIM=false, SCHEMA_COLUMN=ProductDescription}, {TRIM=false, SCHEMA_COLUMN=ProductSubcategoryLabel}, {TRIM=false, SCHEMA_COLUMN=Manufacturer}, {TRIM=false, SCHEMA_COLUMN=BrandName}, {TRIM=false, SCHEMA_COLUMN=ClassID}, {TRIM=false, SCHEMA_COLUMN=ClassName}, {TRIM=false, SCHEMA_COLUMN=StyleID}, {TRIM=false, SCHEMA_COLUMN=StyleName}, {TRIM=false, SCHEMA_COLUMN=ColorID}, {TRIM=false, SCHEMA_COLUMN=ColorName}, {TRIM=false, SCHEMA_COLUMN=Size}, {TRIM=false, SCHEMA_COLUMN=SizeRange}, {TRIM=false, SCHEMA_COLUMN=SizeUnitMeasureID}, {TRIM=false, SCHEMA_COLUMN=Weight}, {TRIM=false, SCHEMA_COLUMN=WeightUnitMeasureID}, {TRIM=false, SCHEMA_COLUMN=UnitOfMeasureID}, {TRIM=false, SCHEMA_COLUMN=UnitOfMeasureName}, {TRIM=false, SCHEMA_COLUMN=StockTypeID}, {TRIM=false, SCHEMA_COLUMN=StockTypeName}, {TRIM=false, SCHEMA_COLUMN=AvailableForSaleDate}, {TRIM=false, SCHEMA_COLUMN=StopSaleDate}, {TRIM=false, SCHEMA_COLUMN=Status}, {TRIM=false, SCHEMA_COLUMN=ETLLoadID}, {TRIM=false, SCHEMA_COLUMN=LoadDate}, {TRIM=false, SCHEMA_COLUMN=UpdateDate}, {TRIM=false, SCHEMA_COLUMN=SOR_ID}]"/>
          <column name="Label format" value="__TABLE__"/>
          <column name="Hint format" value="&lt;b&gt;__UNIQUE_NAME__&lt;/b&gt;&lt;br&gt;__COMMENT__"/>
          <column name="Connection format" value="row"/>
          <column name="Show Information" value="false"/>
          <column name="Comment" value=""/>
          <column name="Use an existing validation rule" value="false"/>
          <column name="Validation Rule Type" value=""/>
        </parameters>
        <schemas>
          <schema name="dimproduct">
            <column name="Brand_ID" key="true" type="String" length="24" precision="" nullable="false" comment=""/>
            <column name="ProductKey" key="false" type="int" length="10" precision="" nullable="false" comment=""/>
            <column name="ProductName" key="false" type="String" length="500" precision="" nullable="true" comment=""/>
            <column name="ProductDescription" key="false" type="String" length="400" precision="" nullable="true" comment=""/>
            <column name="ProductSubcategoryLabel" key="false" type="String" length="100" precision="" nullable="true" comment=""/>
            <column name="Manufacturer" key="false" type="String" length="50" precision="" nullable="true" comment=""/>
            <column name="BrandName" key="false" type="String" length="50" precision="" nullable="true" comment=""/>
            <column name="ClassID" key="false" type="String" length="10" precision="" nullable="true" comment=""/>
            <column name="ClassName" key="false" type="String" length="20" precision="" nullable="true" comment=""/>
            <column name="StyleID" key="false" type="String" length="10" precision="" nullable="true" comment=""/>
            <column name="StyleName" key="false" type="String" length="20" precision="" nullable="true" comment=""/>
            <column name="ColorID" key="false" type="String" length="10" precision="" nullable="true" comment=""/>
            <column name="ColorName" key="false" type="String" length="20" precision="" nullable="true" comment=""/>
            <column name="Size" key="false" type="String" length="50" precision="" nullable="true" comment=""/>
            <column name="SizeRange" key="false" type="String" length="50" precision="" nullable="true" comment=""/>
            <column name="SizeUnitMeasureID" key="false" type="String" length="20" precision="" nullable="true" comment=""/>
            <column name="Weight" key="false" type="Double" length="22" precision="" nullable="true" comment=""/>
            <column name="WeightUnitMeasureID" key="false" type="String" length="20" precision="" nullable="true" comment=""/>
            <column name="UnitOfMeasureID" key="false" type="String" length="10" precision="" nullable="true" comment=""/>
            <column name="UnitOfMeasureName" key="false" type="String" length="40" precision="" nullable="true" comment=""/>
            <column name="StockTypeID" key="false" type="String" length="10" precision="" nullable="true" comment=""/>
            <column name="StockTypeName" key="false" type="String" length="40" precision="" nullable="true" comment=""/>
            <column name="AvailableForSaleDate" key="false" type="java.util.Date" length="19" precision="" nullable="true" comment=""/>
            <column name="StopSaleDate" key="false" type="java.util.Date" length="19" precision="" nullable="true" comment=""/>
            <column name="Status" key="false" type="String" length="7" precision="" nullable="true" comment=""/>
            <column name="ETLLoadID" key="false" type="Integer" length="10" precision="" nullable="true" comment=""/>
            <column name="LoadDate" key="false" type="java.util.Date" length="19" precision="" nullable="true" comment=""/>
            <column name="UpdateDate" key="false" type="java.util.Date" length="19" precision="" nullable="true" comment=""/>
            <column name="SOR_ID" key="false" type="Integer" length="20" precision="" nullable="true" comment=""/>
          </schema>
        </schemas>
      </component>
      <component icon="pictures/tMysqlInput_2.png" uniqueName="tMysqlInput_2" label="__TABLE__">
        <input>none</input>
        <output link="tMap_1">tMap_1</output>
        <componentType>tMysqlInput</componentType>
        <parameters>
          <column name="Unique Name" value="tMysqlInput_2"/>
          <column name="Component Name" value="tMysqlInput"/>
          <column name="Version" value="0.102 (ALPHA)"/>
          <column name="Family" value="Databases/MySQL"/>
          <column name="Start" value="false"/>
          <column name="Startable" value="true"/>
          <column name="SUBTREE_START" value="false"/>
          <column name="END_OF_FLOW" value="false"/>
          <column name="Activate" value="true"/>
          <column name="DUMMY" value="false"/>
          <column name="tStatCatcher Statistics" value="false"/>
          <column name="Help" value="org.talend.help.tMysqlInput"/>
          <column name="Update components" value="true"/>
          <column name="IREPORT_PATH" value=""/>
          <column name="JAVA_LIBRARY_PATH" value="C:\Program Files (x86)\Talend-Studio-6.3\studio\configuration\lib\java"/>
          <column name="Subjob color" value=""/>
          <column name="Title color" value=""/>
          <column name="Enable parallel execution" value="false"/>
          <column name="Number of parallel executions" value="2"/>
          <column name="" value="false"/>
          <column name="Property Type" value="repository: DB (MYSQL):MySQL_SOR"/>
          <column name="DB Version" value="MYSQL_5"/>
          <column name="Use an existing connection" value="false"/>
          <column name="Component List" value=""/>
          <column name="Host" value="&quot;localhost&quot;"/>
          <column name="Port" value="&quot;3306&quot;"/>
          <column name="Database" value="&quot;retail_sor_eu&quot;"/>
          <column name="Database Driver" value="MYSQL"/>
          <column name="Username" value="&quot;root&quot;"/>
          <column name="Password" value="************"/>
          <column name="REPOSITORY_ALLOW_AUTO_SWITCH" value="true"/>
          <column name="Schema" value="Built-In"/>
          <column name="Table Name" value="&quot;dimproductsubcategory&quot;"/>
          <column name="Query Type" value="Built-In"/>
          <column name="Guess Schema" value="&quot;&quot;"/>
          <column name="Query" value="&quot;SELECT 
  `dimproductsubcategory`.`ProductSubcategoryLabel`, 
  `dimproductsubcategory`.`ProductSubcategoryName`, 
  `dimproductsubcategory`.`ProductSubcategoryDescription`, 
  `dimproductsubcategory`.`ProductCategoryLabel`
FROM `dimproductsubcategory`&quot;"/>
          <column name="Specify a data source alias" value="false"/>
          <column name="Data source alias" value="&quot;&quot;"/>
          <column name="Mapping" value="mysql_id"/>
          <column name="Additional JDBC Parameters" value="&quot;noDatetimeStringSync=true&quot;"/>
          <column name="Encoding" value="&quot;ISO-8859-15&quot;"/>
          <column name="Enable stream" value="true"/>
          <column name="Trim all the String/Char columns" value="true"/>
          <column name="Trim column" value="[{TRIM=false, SCHEMA_COLUMN=ProductSubcategoryLabel}, {TRIM=false, SCHEMA_COLUMN=ProductSubcategoryName}, {TRIM=false, SCHEMA_COLUMN=ProductSubcategoryDescription}, {TRIM=false, SCHEMA_COLUMN=ProductCategoryLabel}]"/>
          <column name="Label format" value="__TABLE__"/>
          <column name="Hint format" value="&lt;b&gt;__UNIQUE_NAME__&lt;/b&gt;&lt;br&gt;__COMMENT__"/>
          <column name="Connection format" value="row"/>
          <column name="Show Information" value="false"/>
          <column name="Comment" value=""/>
          <column name="Use an existing validation rule" value="false"/>
          <column name="Validation Rule Type" value=""/>
        </parameters>
        <schemas>
          <schema name="dimproductsubcategory">
            <column name="ProductSubcategoryLabel" key="true" type="String" length="100" precision="" nullable="false" comment=""/>
            <column name="ProductSubcategoryName" key="false" type="String" length="50" precision="" nullable="false" comment=""/>
            <column name="ProductSubcategoryDescription" key="false" type="String" length="100" precision="" nullable="true" comment=""/>
            <column name="ProductCategoryLabel" key="false" type="String" length="100" precision="" nullable="false" comment=""/>
          </schema>
        </schemas>
      </component>
      <component icon="pictures/tMysqlInput_3.png" uniqueName="tMysqlInput_3" label="__TABLE__">
        <input>none</input>
        <output link="tMap_1">tMap_1</output>
        <componentType>tMysqlInput</componentType>
        <parameters>
          <column name="Unique Name" value="tMysqlInput_3"/>
          <column name="Component Name" value="tMysqlInput"/>
          <column name="Version" value="0.102 (ALPHA)"/>
          <column name="Family" value="Databases/MySQL"/>
          <column name="Start" value="false"/>
          <column name="Startable" value="true"/>
          <column name="SUBTREE_START" value="false"/>
          <column name="END_OF_FLOW" value="false"/>
          <column name="Activate" value="true"/>
          <column name="DUMMY" value="false"/>
          <column name="tStatCatcher Statistics" value="false"/>
          <column name="Help" value="org.talend.help.tMysqlInput"/>
          <column name="Update components" value="true"/>
          <column name="IREPORT_PATH" value=""/>
          <column name="JAVA_LIBRARY_PATH" value="C:\Program Files (x86)\Talend-Studio-6.3\studio\configuration\lib\java"/>
          <column name="Subjob color" value=""/>
          <column name="Title color" value=""/>
          <column name="Enable parallel execution" value="false"/>
          <column name="Number of parallel executions" value="2"/>
          <column name="" value="false"/>
          <column name="Property Type" value="repository: DB (MYSQL):MySQL_SOR"/>
          <column name="DB Version" value="MYSQL_5"/>
          <column name="Use an existing connection" value="false"/>
          <column name="Component List" value=""/>
          <column name="Host" value="&quot;localhost&quot;"/>
          <column name="Port" value="&quot;3306&quot;"/>
          <column name="Database" value="&quot;retail_sor_eu&quot;"/>
          <column name="Database Driver" value="MYSQL"/>
          <column name="Username" value="&quot;root&quot;"/>
          <column name="Password" value="************"/>
          <column name="REPOSITORY_ALLOW_AUTO_SWITCH" value="true"/>
          <column name="Schema" value="Built-In"/>
          <column name="Table Name" value="&quot;dimproductcategory&quot;"/>
          <column name="Query Type" value="Built-In"/>
          <column name="Guess Schema" value="&quot;&quot;"/>
          <column name="Query" value="&quot;SELECT 
  `dimproductcategory`.`ProductCategoryLabel`, 
  `dimproductcategory`.`ProductCategoryName`, 
  `dimproductcategory`.`ProductCategoryDescription`
FROM `dimproductcategory`&quot;"/>
          <column name="Specify a data source alias" value="false"/>
          <column name="Data source alias" value="&quot;&quot;"/>
          <column name="Mapping" value="mysql_id"/>
          <column name="Additional JDBC Parameters" value="&quot;noDatetimeStringSync=true&quot;"/>
          <column name="Encoding" value="&quot;ISO-8859-15&quot;"/>
          <column name="Enable stream" value="true"/>
          <column name="Trim all the String/Char columns" value="true"/>
          <column name="Trim column" value="[{TRIM=false, SCHEMA_COLUMN=ProductCategoryLabel}, {TRIM=false, SCHEMA_COLUMN=ProductCategoryName}, {TRIM=false, SCHEMA_COLUMN=ProductCategoryDescription}]"/>
          <column name="Label format" value="__TABLE__"/>
          <column name="Hint format" value="&lt;b&gt;__UNIQUE_NAME__&lt;/b&gt;&lt;br&gt;__COMMENT__"/>
          <column name="Connection format" value="row"/>
          <column name="Show Information" value="false"/>
          <column name="Comment" value=""/>
          <column name="Use an existing validation rule" value="false"/>
          <column name="Validation Rule Type" value=""/>
        </parameters>
        <schemas>
          <schema name="dimproductcategory">
            <column name="ProductCategoryLabel" key="true" type="String" length="100" precision="" nullable="false" comment=""/>
            <column name="ProductCategoryName" key="false" type="String" length="30" precision="" nullable="false" comment=""/>
            <column name="ProductCategoryDescription" key="false" type="String" length="50" precision="" nullable="false" comment=""/>
          </schema>
        </schemas>
      </component>
    </internalNodeComponents>
    <externalNodeComponents>
      <component icon="pictures/CNTL_Job_Tracking_Stats_CHILD_1.png" uniqueName="CNTL_Job_Tracking_Stats_CHILD_1" label="CNTL_Job_Tracking_Stats_CHILD">
        <input>none</input>
        <output>none</output>
        <componentType>CNTL_Job_Tracking_Stats_CHILD</componentType>
        <parameters>
          <column name="Version">Latest</column>
          <column name="Show Information">false</column>
          <column name="Comment"></column>
        </parameters>
        <!--CNTL_Job_Tracking_Stats_CHILD_1-->
      </component>
      <component icon="pictures/tMap_1.png" uniqueName="tMap_1" label="__UNIQUE_NAME__">
        <input link="tMap_1">tMap_1</input>
        <input link="tMysqlInput_2">tMysqlInput_2</input>
        <input link="tMysqlInput_3">tMysqlInput_3</input>
        <input link="tMSSqlInput_1">tMSSqlInput_1</input>
        <output link="tMSSqlOutput_1">tMSSqlOutput_1</output>
        <componentType>tMap</componentType>
        <!--tMap_1-->
      </component>
    </externalNodeComponents>
    <connections>
      <connection label="Pro" lineStyle="0" metaname="tMysqlInput_1" offsetLabelX="0" offsetLabelY="0" source="tMysqlInput_1" target="tMap_1"/>
      <connection label="op" lineStyle="0" metaname="op" offsetLabelX="0" offsetLabelY="0" source="tMap_1" target="tMSSqlOutput_1"/>
      <connection label="ProSub" lineStyle="8" metaname="tMysqlInput_2" offsetLabelX="0" offsetLabelY="0" source="tMysqlInput_2" target="tMap_1"/>
      <connection label="ProCat" lineStyle="8" metaname="tMysqlInput_3" offsetLabelX="0" offsetLabelY="0" source="tMysqlInput_3" target="tMap_1"/>
      <connection label="Pro_Lkp" lineStyle="8" metaname="tMSSqlInput_1" offsetLabelX="0" offsetLabelY="0" source="tMSSqlInput_1" target="tMap_1"/>
    </connections>
  </job>
</project>
