<?xml version="1.1" encoding="UTF-8"?>

<project i18n.job.generated.documetation="Generated documentation" i18n.job.project.name="Project Name" i18n.job.generated.date="GENERATION DATE" i18n.job.author="AUTHOR" i18n.job.summary="Summary" i18n.job.project.description="Project Description" i18n.job.job.description="Description" i18n.job.job.preview.picture="Preview Picture" i18n.job.job.setting="Settings" i18n.job.context.list="Context List" i18n.job.component.list="Component List" i18n.job.components.description="Components Description" i18n.job.source.code="Source Code" i18n.job.properties="Properties" i18n.job.values="Values" i18n.job.name="Name" i18n.job.language="Language" i18n.job.description="Description" i18n.job.author.min="Author" i18n.job.version="Version" i18n.job.purpose="Purpose" i18n.job.status="Status" i18n.job.creation="Creation" i18n.job.modification="Modification" i18n.job.extract.settings="Extra settings" i18n.job.value="Value" i18n.job.stats.logs="Status &amp; Logs" i18n.job.context="Context" i18n.job.promt="Prompt" i18n.job.need.promt="Need Prompt?" i18n.job.type="Type" i18n.job.source="Source" i18n.job.component.name="Component Name" i18n.job.component.type="Component Type" i18n.job.component="Component" i18n.job.unique.name="UNIQUE NAME" i18n.job.input="INPUT(S)" i18n.job.label="LABEL" i18n.job.output="OUTPUT(S)" i18n.job.component.parameters="Component Parameters:" i18n.job.schema.for="Schema for " i18n.job.column="Column" i18n.job.key="Key" i18n.job.length="Length" i18n.job.precision="Precision" i18n.job.nullable="Nullable" i18n.job.comment="Comment" i18n.job.original.function.parameters="Original Function Parameters:" i18n.job.ended="ended" i18n.job.content="content" i18n.route.manifest.type="Type" i18n.route.manifest.value="Value" i18n.route.resource.name="Name" i18n.route.resource.version="Version" i18n.route.resource.path="Path" name="Final_Project" logo="pictures/logo.jpg" title="Generated by Talend Data Fabric" link="http://www.talend.com" language="java" generatedDate="Apr 30, 2017 12:31:55 AM" versionName="Talend Data Fabric VERSION " version="6.3.1.20161216_1026" docType="Jobs" company="">
  <pro-description><![CDATA[]]></pro-description>
  <job name="price_usd" author="user@talend.com" i18n.job.extract.settings.type="i18n.job.extract.settings" i18n.job.stats.logs.type="i18n.job.stats.logs" version="0.1" purpose="" status="" creation="Apr 24, 2017 4:30:30 AM" modification="Apr 24, 2017 4:35:23 AM">
    <description><![CDATA[<br/>]]></description>
    <preview picture="pictures/price_usd_0.1.png"/>
    <contextList>
      <context name="Default"/>
    </contextList>
    <jobSetting>
      <extra>
        <jobParameter name="COMP_DEFAULT_FILE_DIR" value=""/>
        <jobParameter name="Multi thread execution" value="false"/>
        <jobParameter name="Implicit tContextLoad" value="false"/>
      </extra>
      <Statslogs>
        <jobParameter name="Use statistics (tStatCatcher)" value="false"/>
        <jobParameter name="Use logs (tLogCatcher)" value="false"/>
        <jobParameter name="Use volumetrics (tFlowMeterCatcher)" value="false"/>
        <jobParameter name="On Console" value="false"/>
        <jobParameter name="On Files" value="false"/>
        <jobParameter name="On Databases" value="false"/>
        <jobParameter name="Catch components statistics" value="false"/>
        <jobParameter name="Catch runtime errors" value="true"/>
        <jobParameter name="Catch user errors" value="true"/>
        <jobParameter name="Catch user warnings" value="true"/>
      </Statslogs>
    </jobSetting>
    <componentList>
      <componentItem name="tFileInputExcel_1" link="tFileInputExcel_1" type="tFileInputExcel" leftTopX="320" leftTopY="96" rightBottomX="352" rightBottomY="128"/>
      <componentItem name="tMSSqlOutput_1" link="tMSSqlOutput_1" type="tMSSqlOutput" leftTopX="800" leftTopY="96" rightBottomX="832" rightBottomY="128"/>
      <componentItem name="tMap_1" link="tMap_1" type="tMap" leftTopX="576" leftTopY="96" rightBottomX="608" rightBottomY="128"/>
    </componentList>
    <internalNodeComponents>
      <component icon="pictures/tFileInputExcel_1.png" uniqueName="tFileInputExcel_1" label="price_usd_steps_all">
        <input>none</input>
        <output link="tMap_1">tMap_1</output>
        <componentType>tFileInputExcel</componentType>
        <parameters>
          <column name="Unique Name" value="tFileInputExcel_1"/>
          <column name="Component Name" value="tFileInputExcel"/>
          <column name="Version" value="0.102 (ALPHA)"/>
          <column name="Family" value="File/Input"/>
          <column name="Start" value="true"/>
          <column name="Startable" value="true"/>
          <column name="SUBTREE_START" value="true"/>
          <column name="END_OF_FLOW" value="false"/>
          <column name="Activate" value="true"/>
          <column name="DUMMY" value="false"/>
          <column name="tStatCatcher Statistics" value="false"/>
          <column name="Help" value="org.talend.help.tFileInputExcel"/>
          <column name="Update components" value="true"/>
          <column name="IREPORT_PATH" value=""/>
          <column name="JAVA_LIBRARY_PATH" value="C:\Program Files (x86)\Talend-Studio-6.3\studio\configuration\lib\java"/>
          <column name="Subjob color" value=""/>
          <column name="Title color" value=""/>
          <column name="Enable parallel execution" value="false"/>
          <column name="Number of parallel executions" value="2"/>
          <column name="" value="false"/>
          <column name="Property Type" value="repository: EXCEL:price_usd_steps_all"/>
          <column name="Read excel2007 file format(xlsx)" value="true"/>
          <column name="File name/Stream" value="&quot;C:/Users/prash/Downloads/Documents/DWBI/Team Project Final/SOR Flat Files/price_usd_steps_all.xlsx&quot;"/>
          <column name="All sheets" value="true"/>
          <column name="Sheet list" value="[]"/>
          <column name="Header" value="1"/>
          <column name="Footer" value="0"/>
          <column name="Limit" value=""/>
          <column name="Affect each sheet(header&amp;&amp;footer)" value="false"/>
          <column name="First column" value="1"/>
          <column name="Last column" value=""/>
          <column name="Die on error" value="false"/>
          <column name="REPOSITORY_ALLOW_AUTO_SWITCH" value="true"/>
          <column name="Schema" value="repository: EXCEL:price_usd_steps_all - metadata"/>
          <column name="Schema" value="repository: EXCEL:price_usd_steps_all - metadata"/>
          <column name="Advanced separator (for numbers)" value="false"/>
          <column name="Thousands separator" value="&quot;,&quot;"/>
          <column name="Decimal separator" value="&quot;.&quot;"/>
          <column name="Trim all columns" value="false"/>
          <column name="Check column to trim" value="[{TRIM=false, SCHEMA_COLUMN=ProductLabel}, {TRIM=false, SCHEMA_COLUMN=CurrencyKey}, {TRIM=false, SCHEMA_COLUMN=UnitPrice}, {TRIM=false, SCHEMA_COLUMN=SCD_EffectiveDate}, {TRIM=false, SCHEMA_COLUMN=Step}]"/>
          <column name="Convert date column to string" value="false"/>
          <column name="Check need convert date column" value="[{PATTERN=&quot;MM-dd-yyyy&quot;, SCHEMA_COLUMN=ProductLabel, CONVERTDATE=false}, {PATTERN=&quot;MM-dd-yyyy&quot;, SCHEMA_COLUMN=CurrencyKey, CONVERTDATE=false}, {PATTERN=&quot;MM-dd-yyyy&quot;, SCHEMA_COLUMN=UnitPrice, CONVERTDATE=false}, {PATTERN=&quot;MM-dd-yyyy&quot;, SCHEMA_COLUMN=SCD_EffectiveDate, CONVERTDATE=false}, {PATTERN=&quot;MM-dd-yyyy&quot;, SCHEMA_COLUMN=Step, CONVERTDATE=false}]"/>
          <column name="Encoding" value="&quot;windows-1252&quot;"/>
          <column name="Read real values for numbers" value="false"/>
          <column name="Stop reading on encountering empty rows" value="false"/>
          <column name="Don't validate the cells" value="false"/>
          <column name="Ignore the warning" value="false"/>
          <column name="Generation mode" value="USER_MODE"/>
          <column name="Label format" value="price_usd_steps_all"/>
          <column name="Hint format" value="&lt;b&gt;__UNIQUE_NAME__&lt;/b&gt;&lt;br&gt;__COMMENT__"/>
          <column name="Connection format" value="row"/>
          <column name="Show Information" value="false"/>
          <column name="Comment" value=""/>
          <column name="Use an existing validation rule" value="false"/>
          <column name="Validation Rule Type" value=""/>
        </parameters>
        <schemas>
          <schema name="metadata">
            <column name="ProductLabel" key="false" type="Integer" length="6" precision="" nullable="true" comment=""/>
            <column name="CurrencyKey" key="false" type="Integer" length="1" precision="" nullable="true" comment=""/>
            <column name="UnitPrice" key="false" type="Float" length="6" precision="3" nullable="true" comment=""/>
            <column name="SCD_EffectiveDate" key="false" type="java.util.Date" length="8" precision="" nullable="true" comment=""/>
            <column name="Step" key="false" type="Integer" length="1" precision="" nullable="true" comment=""/>
          </schema>
        </schemas>
      </component>
      <component icon="pictures/tMSSqlOutput_1.png" uniqueName="tMSSqlOutput_1" label="__UNIQUE_NAME__">
        <input link="tMap_1">tMap_1</input>
        <output>none</output>
        <componentType>tMSSqlOutput</componentType>
        <parameters>
          <column name="Unique Name" value="tMSSqlOutput_1"/>
          <column name="Component Name" value="tMSSqlOutput"/>
          <column name="Version" value="0.102 (ALPHA)"/>
          <column name="Family" value="Databases/MS_SQL_Server"/>
          <column name="Startable" value="false"/>
          <column name="SUBTREE_START" value="false"/>
          <column name="END_OF_FLOW" value="true"/>
          <column name="Activate" value="true"/>
          <column name="DUMMY" value="false"/>
          <column name="tStatCatcher Statistics" value="false"/>
          <column name="Help" value="org.talend.help.tMSSqlOutput"/>
          <column name="Update components" value="true"/>
          <column name="IREPORT_PATH" value=""/>
          <column name="JAVA_LIBRARY_PATH" value="C:\Program Files (x86)\Talend-Studio-6.3\studio\configuration\lib\java"/>
          <column name="Subjob color" value=""/>
          <column name="Title color" value=""/>
          <column name="Enable parallel execution" value="false"/>
          <column name="Number of parallel executions" value="2"/>
          <column name="" value="false"/>
          <column name="Property Type" value="repository: DB (MSSQL):SQLServer_Stage"/>
          <column name="Use an existing connection" value="false"/>
          <column name="Component List" value=""/>
          <column name="JDBC Provider" value="JTDS"/>
          <column name="Host" value="&quot;localhost&quot;"/>
          <column name="Port" value="&quot;1433&quot;"/>
          <column name="Schema" value="&quot;&quot;"/>
          <column name="Database" value="&quot;retail_stage&quot;"/>
          <column name="Database Driver" value="MSSQL"/>
          <column name="Username" value="&quot;sa&quot;"/>
          <column name="Password" value="************"/>
          <column name="Table" value="&quot;Import_Prices_USD&quot;"/>
          <column name="Action on table" value="DROP_IF_EXISTS_AND_CREATE"/>
          <column name="Turn on Identity insert" value="false"/>
          <column name="Action on data" value="INSERT"/>
          <column name="Specify identity field" value="false"/>
          <column name="Identity field" value="ProductLabel"/>
          <column name="Start value" value="1"/>
          <column name="Step" value="1"/>
          <column name="REPOSITORY_ALLOW_AUTO_SWITCH" value="true"/>
          <column name="Schema" value="Built-In"/>
          <column name="Reject Schema" value="Built-In"/>
          <column name="Specify a data source alias" value="false"/>
          <column name="Data source alias" value="&quot;&quot;"/>
          <column name="Die on error" value="true"/>
          <column name="Mapping" value="id_MSSQL"/>
          <column name="Additional JDBC Parameters" value="&quot;&quot;"/>
          <column name="Encoding" value="&quot;ISO-8859-15&quot;"/>
          <column name="Commit every" value="10000"/>
          <column name="Additional columns" value="[]"/>
          <column name="Use field options" value="false"/>
          <column name="Field options" value="[{UPDATE_KEY=false, DELETE_KEY=false, UPDATABLE=true, INSERTABLE=true, SCHEMA_COLUMN=ProductLabel}, {UPDATE_KEY=false, DELETE_KEY=false, UPDATABLE=true, INSERTABLE=true, SCHEMA_COLUMN=CurrencyKey}, {UPDATE_KEY=false, DELETE_KEY=false, UPDATABLE=true, INSERTABLE=true, SCHEMA_COLUMN=UnitPrice}, {UPDATE_KEY=false, DELETE_KEY=false, UPDATABLE=true, INSERTABLE=true, SCHEMA_COLUMN=SCD_EffectiveDate}, {UPDATE_KEY=false, DELETE_KEY=false, UPDATABLE=true, INSERTABLE=true, SCHEMA_COLUMN=Step}, {UPDATE_KEY=false, DELETE_KEY=false, UPDATABLE=true, INSERTABLE=true, SCHEMA_COLUMN=ImportDate}]"/>
          <column name="Ignore date out of range" value="false"/>
          <column name="Enable debug mode" value="false"/>
          <column name="Support null in &quot;SQL WHERE&quot; statement" value="false"/>
          <column name="Use Batch Size" value="true"/>
          <column name="Batch Size" value="10000"/>
          <column name="Label format" value="__UNIQUE_NAME__"/>
          <column name="Hint format" value="&lt;b&gt;__UNIQUE_NAME__&lt;/b&gt;&lt;br&gt;__COMMENT__"/>
          <column name="Connection format" value="row"/>
          <column name="Show Information" value="false"/>
          <column name="Comment" value=""/>
          <column name="Use an existing validation rule" value="false"/>
          <column name="Validation Rule Type" value=""/>
        </parameters>
        <schemas>
          <schema name="op">
            <column name="ProductLabel" key="false" type="Integer" length="6" precision="" nullable="true" comment=""/>
            <column name="CurrencyKey" key="false" type="Integer" length="1" precision="" nullable="true" comment=""/>
            <column name="UnitPrice" key="false" type="Float" length="6" precision="3" nullable="true" comment=""/>
            <column name="SCD_EffectiveDate" key="false" type="java.util.Date" length="8" precision="" nullable="true" comment=""/>
            <column name="Step" key="false" type="Integer" length="1" precision="" nullable="true" comment=""/>
            <column name="ImportDate" key="false" type="java.util.Date" length="" precision="" nullable="true" comment=""/>
          </schema>
        </schemas>
      </component>
    </internalNodeComponents>
    <externalNodeComponents>
      <component icon="pictures/tMap_1.png" uniqueName="tMap_1" label="__UNIQUE_NAME__" preview="pictures/external_preview_tMap_1.png">
        <input link="tFileInputExcel_1">tFileInputExcel_1</input>
        <output link="tMSSqlOutput_1">tMSSqlOutput_1</output>
        <componentType>tMap</componentType>
        <!--tMap_1-->
      </component>
    </externalNodeComponents>
    <connections>
      <connection label="row1" lineStyle="0" metaname="tFileInputExcel_1" offsetLabelX="0" offsetLabelY="0" source="tFileInputExcel_1" target="tMap_1"/>
      <connection label="op" lineStyle="0" metaname="op" offsetLabelX="0" offsetLabelY="0" source="tMap_1" target="tMSSqlOutput_1"/>
    </connections>
  </job>
</project>
