<?xml version="1.1" encoding="UTF-8"?>

<project i18n.job.generated.documetation="Generated documentation" i18n.job.project.name="Project Name" i18n.job.generated.date="GENERATION DATE" i18n.job.author="AUTHOR" i18n.job.summary="Summary" i18n.job.project.description="Project Description" i18n.job.job.description="Description" i18n.job.job.preview.picture="Preview Picture" i18n.job.job.setting="Settings" i18n.job.context.list="Context List" i18n.job.component.list="Component List" i18n.job.components.description="Components Description" i18n.job.source.code="Source Code" i18n.job.properties="Properties" i18n.job.values="Values" i18n.job.name="Name" i18n.job.language="Language" i18n.job.description="Description" i18n.job.author.min="Author" i18n.job.version="Version" i18n.job.purpose="Purpose" i18n.job.status="Status" i18n.job.creation="Creation" i18n.job.modification="Modification" i18n.job.extract.settings="Extra settings" i18n.job.value="Value" i18n.job.stats.logs="Status &amp; Logs" i18n.job.context="Context" i18n.job.promt="Prompt" i18n.job.need.promt="Need Prompt?" i18n.job.type="Type" i18n.job.source="Source" i18n.job.component.name="Component Name" i18n.job.component.type="Component Type" i18n.job.component="Component" i18n.job.unique.name="UNIQUE NAME" i18n.job.input="INPUT(S)" i18n.job.label="LABEL" i18n.job.output="OUTPUT(S)" i18n.job.component.parameters="Component Parameters:" i18n.job.schema.for="Schema for " i18n.job.column="Column" i18n.job.key="Key" i18n.job.length="Length" i18n.job.precision="Precision" i18n.job.nullable="Nullable" i18n.job.comment="Comment" i18n.job.original.function.parameters="Original Function Parameters:" i18n.job.ended="ended" i18n.job.content="content" i18n.route.manifest.type="Type" i18n.route.manifest.value="Value" i18n.route.resource.name="Name" i18n.route.resource.version="Version" i18n.route.resource.path="Path" name="Final_Project" logo="pictures/logo.jpg" title="Generated by Talend Data Fabric" link="http://www.talend.com" language="java" generatedDate="Apr 30, 2017 12:31:07 AM" versionName="Talend Data Fabric VERSION " version="6.3.1.20161216_1026" docType="Jobs" company="">
  <pro-description><![CDATA[]]></pro-description>
  <job name="Fact_Sales_OnlineSales" author="user@talend.com" i18n.job.extract.settings.type="i18n.job.extract.settings" i18n.job.stats.logs.type="i18n.job.stats.logs" version="0.1" purpose="" status="" creation="Apr 28, 2017 11:54:24 PM" modification="Apr 29, 2017 12:39:43 AM">
    <description><![CDATA[<br/>]]></description>
    <preview picture="pictures/Fact_Sales_OnlineSales_0.1.png"/>
    <contextList>
      <context name="Default"/>
    </contextList>
    <jobSetting>
      <extra>
        <jobParameter name="COMP_DEFAULT_FILE_DIR" value=""/>
        <jobParameter name="Multi thread execution" value="true"/>
        <jobParameter name="Implicit tContextLoad" value="false"/>
      </extra>
      <Statslogs>
        <jobParameter name="Use statistics (tStatCatcher)" value="false"/>
        <jobParameter name="Use logs (tLogCatcher)" value="false"/>
        <jobParameter name="Use volumetrics (tFlowMeterCatcher)" value="false"/>
        <jobParameter name="On Console" value="false"/>
        <jobParameter name="On Files" value="false"/>
        <jobParameter name="On Databases" value="false"/>
        <jobParameter name="Catch components statistics" value="false"/>
        <jobParameter name="Catch runtime errors" value="true"/>
        <jobParameter name="Catch user errors" value="true"/>
        <jobParameter name="Catch user warnings" value="true"/>
      </Statslogs>
    </jobSetting>
    <componentList>
      <componentItem name="tMSSqlInput_1" link="tMSSqlInput_1" type="tMSSqlInput" leftTopX="224" leftTopY="64" rightBottomX="256" rightBottomY="96"/>
      <componentItem name="tMSSqlOutput_1" link="tMSSqlOutput_1" type="tMSSqlOutput" leftTopX="800" leftTopY="64" rightBottomX="832" rightBottomY="96"/>
      <componentItem name="tMap_1" link="tMap_1" type="tMap" leftTopX="544" leftTopY="64" rightBottomX="576" rightBottomY="96"/>
    </componentList>
    <internalNodeComponents>
      <component icon="pictures/tMSSqlInput_1.png" uniqueName="tMSSqlInput_1" label="__TABLE__">
        <input>none</input>
        <output link="tMap_1">tMap_1</output>
        <componentType>tMSSqlInput</componentType>
        <parameters>
          <column name="Unique Name" value="tMSSqlInput_1"/>
          <column name="Component Name" value="tMSSqlInput"/>
          <column name="Version" value="0.102 (ALPHA)"/>
          <column name="Family" value="Databases/MS_SQL_Server"/>
          <column name="Start" value="true"/>
          <column name="Startable" value="true"/>
          <column name="SUBTREE_START" value="true"/>
          <column name="END_OF_FLOW" value="false"/>
          <column name="Activate" value="true"/>
          <column name="DUMMY" value="false"/>
          <column name="tStatCatcher Statistics" value="false"/>
          <column name="Help" value="org.talend.help.tMSSqlInput"/>
          <column name="Update components" value="true"/>
          <column name="IREPORT_PATH" value=""/>
          <column name="JAVA_LIBRARY_PATH" value="C:\Program Files (x86)\Talend-Studio-6.3\studio\configuration\lib\java"/>
          <column name="Subjob color" value=""/>
          <column name="Title color" value=""/>
          <column name="Enable parallel execution" value="false"/>
          <column name="Number of parallel executions" value="2"/>
          <column name="" value="false"/>
          <column name="Use an existing connection" value="false"/>
          <column name="Component List" value=""/>
          <column name="Property Type" value="repository: DB (MSSQL):SQLServer_Target"/>
          <column name="Host" value="&quot;localhost&quot;"/>
          <column name="JDBC Provider" value="JTDS"/>
          <column name="Database Driver" value="MSSQL"/>
          <column name="Port" value="&quot;1433&quot;"/>
          <column name="Schema" value="&quot;&quot;"/>
          <column name="Database" value="&quot;retail_dw&quot;"/>
          <column name="Username" value="&quot;sa&quot;"/>
          <column name="Password" value="************"/>
          <column name="REPOSITORY_ALLOW_AUTO_SWITCH" value="true"/>
          <column name="Schema" value="repository: DB (MSSQL):SQLServer_Target - FactOnlineSales"/>
          <column name="Table Name" value="&quot;FactOnlineSales&quot;"/>
          <column name="Query Type" value="Built-In"/>
          <column name="Guess Schema" value="&quot;&quot;"/>
          <column name="Query" value="&quot;SELECT FactOnlineSales.SalesSK,
		FactOnlineSales.SalesDateSK,
		FactOnlineSales.SalesDate,
		FactOnlineSales.CustomerSK,
		FactOnlineSales.ChannelSK,
		FactOnlineSales.StoreSK,
		FactOnlineSales.ProductSK,
		FactOnlineSales.PromotionSK,
		FactOnlineSales.GeographySK,
		FactOnlineSales.SalesOrderNumber,
		FactOnlineSales.SalesOrderLineNumber,
		FactOnlineSales.SalesQuantity,
		FactOnlineSales.ReturnQuantity,
		FactOnlineSales.SalesAmount,
		FactOnlineSales.ReturnAmount,
		FactOnlineSales.DiscountAmount,
		FactOnlineSales.TotalCost,
		FactOnlineSales.Local_CurrencySK,
		FactOnlineSales.SalesAmount_Local,
		FactOnlineSales.ReturnAmount_Local,
		FactOnlineSales.DiscountAmount_Local,
		FactOnlineSales.TotalCost_Local,
		FactOnlineSales.SOR_ID,
		FactOnlineSales.SOR_LoadDate,
		FactOnlineSales.SOR_UpdateDate,
		FactOnlineSales.DI_Job_ID,
		FactOnlineSales.DI_Create_Date,
		FactOnlineSales.DI_Modified_Date
FROM	FactOnlineSales&quot;"/>
          <column name="Specify a data source alias" value="false"/>
          <column name="Data source alias" value="&quot;&quot;"/>
          <column name="Mapping" value="id_MSSQL"/>
          <column name="Additional JDBC Parameters" value="&quot;&quot;"/>
          <column name="Encoding" value="&quot;ISO-8859-15&quot;"/>
          <column name="Trim all the String/Char columns" value="true"/>
          <column name="Trim column" value="[{TRIM=false, SCHEMA_COLUMN=SalesSK}, {TRIM=false, SCHEMA_COLUMN=SalesDateSK}, {TRIM=false, SCHEMA_COLUMN=SalesDate}, {TRIM=false, SCHEMA_COLUMN=CustomerSK}, {TRIM=false, SCHEMA_COLUMN=ChannelSK}, {TRIM=false, SCHEMA_COLUMN=StoreSK}, {TRIM=false, SCHEMA_COLUMN=ProductSK}, {TRIM=false, SCHEMA_COLUMN=PromotionSK}, {TRIM=false, SCHEMA_COLUMN=GeographySK}, {TRIM=false, SCHEMA_COLUMN=SalesOrderNumber}, {TRIM=false, SCHEMA_COLUMN=SalesOrderLineNumber}, {TRIM=false, SCHEMA_COLUMN=SalesQuantity}, {TRIM=false, SCHEMA_COLUMN=ReturnQuantity}, {TRIM=false, SCHEMA_COLUMN=SalesAmount}, {TRIM=false, SCHEMA_COLUMN=ReturnAmount}, {TRIM=false, SCHEMA_COLUMN=DiscountAmount}, {TRIM=false, SCHEMA_COLUMN=TotalCost}, {TRIM=false, SCHEMA_COLUMN=Local_CurrencySK}, {TRIM=false, SCHEMA_COLUMN=SalesAmount_Local}, {TRIM=false, SCHEMA_COLUMN=ReturnAmount_Local}, {TRIM=false, SCHEMA_COLUMN=DiscountAmount_Local}, {TRIM=false, SCHEMA_COLUMN=TotalCost_Local}, {TRIM=false, SCHEMA_COLUMN=SOR_ID}, {TRIM=false, SCHEMA_COLUMN=SOR_LoadDate}, {TRIM=false, SCHEMA_COLUMN=SOR_UpdateDate}, {TRIM=false, SCHEMA_COLUMN=DI_Job_ID}, {TRIM=false, SCHEMA_COLUMN=DI_Create_Date}, {TRIM=false, SCHEMA_COLUMN=DI_Modified_Date}]"/>
          <column name="Label format" value="__TABLE__"/>
          <column name="Hint format" value="&lt;b&gt;__UNIQUE_NAME__&lt;/b&gt;&lt;br&gt;__COMMENT__"/>
          <column name="Connection format" value="row"/>
          <column name="Show Information" value="false"/>
          <column name="Comment" value=""/>
          <column name="Use an existing validation rule" value="false"/>
          <column name="Validation Rule Type" value=""/>
        </parameters>
        <schemas>
          <schema name="FactOnlineSales">
            <column name="SalesSK" key="true" type="int" length="10" precision="" nullable="false" comment=""/>
            <column name="SalesDateSK" key="false" type="Integer" length="10" precision="" nullable="true" comment=""/>
            <column name="SalesDate" key="false" type="java.util.Date" length="10" precision="" nullable="true" comment=""/>
            <column name="CustomerSK" key="false" type="Integer" length="10" precision="" nullable="true" comment=""/>
            <column name="ChannelSK" key="false" type="Integer" length="10" precision="" nullable="true" comment=""/>
            <column name="StoreSK" key="false" type="Integer" length="10" precision="" nullable="true" comment=""/>
            <column name="ProductSK" key="false" type="Integer" length="10" precision="" nullable="true" comment=""/>
            <column name="PromotionSK" key="false" type="Integer" length="10" precision="" nullable="true" comment=""/>
            <column name="GeographySK" key="false" type="Integer" length="10" precision="" nullable="true" comment=""/>
            <column name="SalesOrderNumber" key="false" type="String" length="20" precision="" nullable="true" comment=""/>
            <column name="SalesOrderLineNumber" key="false" type="Integer" length="10" precision="" nullable="true" comment=""/>
            <column name="SalesQuantity" key="false" type="int" length="10" precision="" nullable="false" comment=""/>
            <column name="ReturnQuantity" key="false" type="Integer" length="10" precision="" nullable="true" comment=""/>
            <column name="SalesAmount" key="false" type="BigDecimal" length="15" precision="2" nullable="false" comment=""/>
            <column name="ReturnAmount" key="false" type="BigDecimal" length="15" precision="2" nullable="true" comment=""/>
            <column name="DiscountAmount" key="false" type="BigDecimal" length="15" precision="2" nullable="true" comment=""/>
            <column name="TotalCost" key="false" type="BigDecimal" length="15" precision="2" nullable="true" comment=""/>
            <column name="Local_CurrencySK" key="false" type="Integer" length="10" precision="" nullable="true" comment=""/>
            <column name="SalesAmount_Local" key="false" type="BigDecimal" length="15" precision="2" nullable="true" comment=""/>
            <column name="ReturnAmount_Local" key="false" type="BigDecimal" length="15" precision="2" nullable="true" comment=""/>
            <column name="DiscountAmount_Local" key="false" type="BigDecimal" length="15" precision="2" nullable="true" comment=""/>
            <column name="TotalCost_Local" key="false" type="BigDecimal" length="15" precision="2" nullable="true" comment=""/>
            <column name="SOR_ID" key="false" type="int" length="10" precision="" nullable="false" comment=""/>
            <column name="SOR_LoadDate" key="false" type="java.util.Date" length="23" precision="3" nullable="true" comment=""/>
            <column name="SOR_UpdateDate" key="false" type="java.util.Date" length="23" precision="3" nullable="true" comment=""/>
            <column name="DI_Job_ID" key="false" type="String" length="20" precision="" nullable="false" comment=""/>
            <column name="DI_Create_Date" key="false" type="java.util.Date" length="23" precision="3" nullable="false" comment=""/>
            <column name="DI_Modified_Date" key="false" type="java.util.Date" length="23" precision="3" nullable="false" comment=""/>
          </schema>
        </schemas>
      </component>
      <component icon="pictures/tMSSqlOutput_1.png" uniqueName="tMSSqlOutput_1" label="__TABLE__">
        <input link="tMap_1">tMap_1</input>
        <output>none</output>
        <componentType>tMSSqlOutput</componentType>
        <parameters>
          <column name="Unique Name" value="tMSSqlOutput_1"/>
          <column name="Component Name" value="tMSSqlOutput"/>
          <column name="Version" value="0.102 (ALPHA)"/>
          <column name="Family" value="Databases/MS_SQL_Server"/>
          <column name="Startable" value="false"/>
          <column name="SUBTREE_START" value="false"/>
          <column name="END_OF_FLOW" value="true"/>
          <column name="Activate" value="true"/>
          <column name="DUMMY" value="false"/>
          <column name="tStatCatcher Statistics" value="false"/>
          <column name="Help" value="org.talend.help.tMSSqlOutput"/>
          <column name="Update components" value="true"/>
          <column name="IREPORT_PATH" value=""/>
          <column name="JAVA_LIBRARY_PATH" value="C:\Program Files (x86)\Talend-Studio-6.3\studio\configuration\lib\java"/>
          <column name="Subjob color" value=""/>
          <column name="Title color" value=""/>
          <column name="Enable parallel execution" value="true"/>
          <column name="Number of parallel executions" value="2"/>
          <column name="" value="false"/>
          <column name="Property Type" value="repository: DB (MSSQL):SQLServer_Target"/>
          <column name="Use an existing connection" value="false"/>
          <column name="Component List" value=""/>
          <column name="JDBC Provider" value="JTDS"/>
          <column name="Host" value="&quot;localhost&quot;"/>
          <column name="Port" value="&quot;1433&quot;"/>
          <column name="Schema" value="&quot;&quot;"/>
          <column name="Database" value="&quot;retail_dw&quot;"/>
          <column name="Database Driver" value="MSSQL"/>
          <column name="Username" value="&quot;sa&quot;"/>
          <column name="Password" value="************"/>
          <column name="Table" value="&quot;FactSales&quot;"/>
          <column name="Action on table" value="NONE"/>
          <column name="Turn on Identity insert" value="false"/>
          <column name="Action on data" value="INSERT"/>
          <column name="Specify identity field" value="false"/>
          <column name="Identity field" value="SalesDateSK"/>
          <column name="Start value" value="1"/>
          <column name="Step" value="1"/>
          <column name="REPOSITORY_ALLOW_AUTO_SWITCH" value="true"/>
          <column name="Schema" value="Built-In"/>
          <column name="Reject Schema" value="Built-In"/>
          <column name="Specify a data source alias" value="false"/>
          <column name="Data source alias" value="&quot;&quot;"/>
          <column name="Die on error" value="true"/>
          <column name="Mapping" value="id_MSSQL"/>
          <column name="Additional JDBC Parameters" value="&quot;&quot;"/>
          <column name="Encoding" value="&quot;ISO-8859-15&quot;"/>
          <column name="Commit every" value="300000"/>
          <column name="Additional columns" value="[]"/>
          <column name="Use field options" value="false"/>
          <column name="Field options" value="[{UPDATE_KEY=false, DELETE_KEY=false, UPDATABLE=true, INSERTABLE=true, SCHEMA_COLUMN=SalesDateSK}, {UPDATE_KEY=false, DELETE_KEY=false, UPDATABLE=true, INSERTABLE=true, SCHEMA_COLUMN=SalesDate}, {UPDATE_KEY=false, DELETE_KEY=false, UPDATABLE=true, INSERTABLE=true, SCHEMA_COLUMN=ChannelSK}, {UPDATE_KEY=false, DELETE_KEY=false, UPDATABLE=true, INSERTABLE=true, SCHEMA_COLUMN=StoreSK}, {UPDATE_KEY=false, DELETE_KEY=false, UPDATABLE=true, INSERTABLE=true, SCHEMA_COLUMN=ProductSK}, {UPDATE_KEY=false, DELETE_KEY=false, UPDATABLE=true, INSERTABLE=true, SCHEMA_COLUMN=PromotionSK}, {UPDATE_KEY=false, DELETE_KEY=false, UPDATABLE=true, INSERTABLE=true, SCHEMA_COLUMN=GeographySK}, {UPDATE_KEY=false, DELETE_KEY=false, UPDATABLE=true, INSERTABLE=true, SCHEMA_COLUMN=SalesQuantity}, {UPDATE_KEY=false, DELETE_KEY=false, UPDATABLE=true, INSERTABLE=true, SCHEMA_COLUMN=ReturnQuantity}, {UPDATE_KEY=false, DELETE_KEY=false, UPDATABLE=true, INSERTABLE=true, SCHEMA_COLUMN=SalesAmount}, {UPDATE_KEY=false, DELETE_KEY=false, UPDATABLE=true, INSERTABLE=true, SCHEMA_COLUMN=ReturnAmount}, {UPDATE_KEY=false, DELETE_KEY=false, UPDATABLE=true, INSERTABLE=true, SCHEMA_COLUMN=DiscountAmount}, {UPDATE_KEY=false, DELETE_KEY=false, UPDATABLE=true, INSERTABLE=true, SCHEMA_COLUMN=TotalCost}, {UPDATE_KEY=false, DELETE_KEY=false, UPDATABLE=true, INSERTABLE=true, SCHEMA_COLUMN=Local_CurrencySK}, {UPDATE_KEY=false, DELETE_KEY=false, UPDATABLE=true, INSERTABLE=true, SCHEMA_COLUMN=SalesAmount_Local}, {UPDATE_KEY=false, DELETE_KEY=false, UPDATABLE=true, INSERTABLE=true, SCHEMA_COLUMN=ReturnAmount_Local}, {UPDATE_KEY=false, DELETE_KEY=false, UPDATABLE=true, INSERTABLE=true, SCHEMA_COLUMN=DiscountAmount_Local}, {UPDATE_KEY=false, DELETE_KEY=false, UPDATABLE=true, INSERTABLE=true, SCHEMA_COLUMN=TotalCost_Local}, {UPDATE_KEY=false, DELETE_KEY=false, UPDATABLE=true, INSERTABLE=true, SCHEMA_COLUMN=SOR_ID}, {UPDATE_KEY=false, DELETE_KEY=false, UPDATABLE=true, INSERTABLE=true, SCHEMA_COLUMN=SOR_LoadDate}, {UPDATE_KEY=false, DELETE_KEY=false, UPDATABLE=true, INSERTABLE=true, SCHEMA_COLUMN=SOR_UpdateDate}, {UPDATE_KEY=false, DELETE_KEY=false, UPDATABLE=true, INSERTABLE=true, SCHEMA_COLUMN=DI_Job_ID}]"/>
          <column name="Ignore date out of range" value="false"/>
          <column name="Enable debug mode" value="false"/>
          <column name="Support null in &quot;SQL WHERE&quot; statement" value="false"/>
          <column name="Use Batch Size" value="true"/>
          <column name="Batch Size" value="600000"/>
          <column name="Label format" value="__TABLE__"/>
          <column name="Hint format" value="&lt;b&gt;__UNIQUE_NAME__&lt;/b&gt;&lt;br&gt;__COMMENT__"/>
          <column name="Connection format" value="row"/>
          <column name="Show Information" value="false"/>
          <column name="Comment" value=""/>
          <column name="Use an existing validation rule" value="false"/>
          <column name="Validation Rule Type" value=""/>
        </parameters>
        <schemas>
          <schema name="FactSales">
            <column name="SalesDateSK" key="false" type="int" length="10" precision="" nullable="false" comment=""/>
            <column name="SalesDate" key="false" type="java.util.Date" length="10" precision="" nullable="false" comment=""/>
            <column name="ChannelSK" key="false" type="int" length="10" precision="" nullable="false" comment=""/>
            <column name="StoreSK" key="false" type="int" length="10" precision="" nullable="false" comment=""/>
            <column name="ProductSK" key="false" type="int" length="10" precision="" nullable="false" comment=""/>
            <column name="PromotionSK" key="false" type="int" length="10" precision="" nullable="false" comment=""/>
            <column name="GeographySK" key="false" type="int" length="10" precision="" nullable="false" comment=""/>
            <column name="SalesQuantity" key="false" type="int" length="10" precision="" nullable="false" comment=""/>
            <column name="ReturnQuantity" key="false" type="Integer" length="10" precision="" nullable="true" comment=""/>
            <column name="SalesAmount" key="false" type="BigDecimal" length="15" precision="2" nullable="false" comment=""/>
            <column name="ReturnAmount" key="false" type="BigDecimal" length="15" precision="2" nullable="true" comment=""/>
            <column name="DiscountAmount" key="false" type="BigDecimal" length="15" precision="2" nullable="true" comment=""/>
            <column name="TotalCost" key="false" type="BigDecimal" length="15" precision="2" nullable="true" comment=""/>
            <column name="Local_CurrencySK" key="false" type="Integer" length="10" precision="" nullable="true" comment=""/>
            <column name="SalesAmount_Local" key="false" type="BigDecimal" length="15" precision="2" nullable="true" comment=""/>
            <column name="ReturnAmount_Local" key="false" type="BigDecimal" length="15" precision="2" nullable="true" comment=""/>
            <column name="DiscountAmount_Local" key="false" type="BigDecimal" length="15" precision="2" nullable="true" comment=""/>
            <column name="TotalCost_Local" key="false" type="BigDecimal" length="15" precision="2" nullable="true" comment=""/>
            <column name="SOR_ID" key="false" type="int" length="10" precision="" nullable="false" comment=""/>
            <column name="SOR_LoadDate" key="false" type="java.util.Date" length="23" precision="3" nullable="true" comment=""/>
            <column name="SOR_UpdateDate" key="false" type="java.util.Date" length="23" precision="3" nullable="true" comment=""/>
            <column name="DI_Job_ID" key="false" type="String" length="20" precision="" nullable="false" comment=""/>
          </schema>
        </schemas>
      </component>
    </internalNodeComponents>
    <externalNodeComponents>
      <component icon="pictures/tMap_1.png" uniqueName="tMap_1" label="__UNIQUE_NAME__">
        <input link="tMSSqlInput_1">tMSSqlInput_1</input>
        <output link="tMSSqlOutput_1">tMSSqlOutput_1</output>
        <componentType>tMap</componentType>
        <!--tMap_1-->
      </component>
    </externalNodeComponents>
    <connections>
      <connection label="OnlineSales" lineStyle="0" metaname="tMSSqlInput_1" offsetLabelX="0" offsetLabelY="0" source="tMSSqlInput_1" target="tMap_1"/>
      <connection label="op_valid" lineStyle="0" metaname="op_valid" offsetLabelX="0" offsetLabelY="0" source="tMap_1" target="tMSSqlOutput_1"/>
    </connections>
  </job>
</project>
