<?xml version="1.1" encoding="UTF-8"?>

<externalNode i18n.job.component.parameters="Component Parameters:" i18n.job.properties="Properties" i18n.job.values="Values" i18n.mapper.table.for="Mapper table for " i18n.mapper.table.properties="Mapper table Properties" i18n.job.name="Name" i18n.tmap.matching.mode="Matching-mode" i18n.mapper.table.isminimized="isMinimized" i18n.tmap.isreject="isReject" i18n.tmap.isrejectinnnerjoin="isRejectInnerJoin" i18n.tmap.isinnerjoin="isInnerJoin" i18n.tmap.expressionfilter="expressionFilter" i18n.mapper.table.metadata.entries="Metadata Table Entries" i18n.job.type="Type" i18n.mapper.table.expression="Expression" i18n.tmap.isnullable="isNullable" i18n.tmap.constraint.entries="Constraint Table Entries" name="tMap_1" preview="pictures/__0fgQCsuEeeNwrMEsRsgcQ-tMap_1-PREVIEW.bmp">
  <parameters>
    <column name="tStatCatcher Statistics">false</column>
    <column name="Enable parallel execution">false</column>
    <column name="Mapping links display as:">AUTO</column>
    <column name="Temp data directory path:"></column>
    <column name="Max buffer size (nb of rows):">4000000</column>
    <column name="Ignore trailing zeros for BigDecimal">true</column>
    <column name="Show Information">false</column>
    <column name="Comment"><![CDATA[]]></column>
    <column name="Use an existing validation rule">false</column>
  </parameters>
  <mapperTable type="input">
    <table name="plan" matching-mode="UNIQUE_MATCH" lookup-mode="LOAD_ONCE" isMinimized="false" isReject="false" isRejectInnerJoin="false" isInnerJoin="false" isPersistent="false" expressionFilter="null" activateExpressionFilter="false" activateCondensedTool="false">
      <metadataTableEntries>
        <entry name="StrategyPlanSK" type="int" expression="" isNullable="false"/>
        <entry name="StrategyPlanKey" type="int" expression="" isNullable="false"/>
        <entry name="PlanDate" type="java.util.Date" expression="" isNullable="false"/>
        <entry name="EntityKey" type="int" expression="" isNullable="false"/>
        <entry name="ScenarioKey" type="int" expression="" isNullable="false"/>
        <entry name="AccountKey" type="int" expression="" isNullable="false"/>
        <entry name="CurrencyKey" type="int" expression="" isNullable="false"/>
        <entry name="ProductCategoryKey" type="Integer" expression="" isNullable="true"/>
        <entry name="PlanAmount" type="float" expression="" isNullable="false"/>
        <entry name="StoreKey" type="Integer" expression="" isNullable="true"/>
        <entry name="GeographyKey" type="Integer" expression="" isNullable="true"/>
      </metadataTableEntries>
    </table>
    <table name="entity" matching-mode="UNIQUE_MATCH" lookup-mode="LOAD_ONCE" isMinimized="true" isReject="false" isRejectInnerJoin="false" isInnerJoin="true" isPersistent="false" expressionFilter="null" activateExpressionFilter="false" activateCondensedTool="false">
      <metadataTableEntries>
        <entry name="EntitySK" type="int" expression="" isNullable="false"/>
        <entry name="EntityKey" type="int" expression="plan.EntityKey " isNullable="false"/>
      </metadataTableEntries>
    </table>
    <table name="account" matching-mode="UNIQUE_MATCH" lookup-mode="LOAD_ONCE" isMinimized="true" isReject="false" isRejectInnerJoin="false" isInnerJoin="true" isPersistent="false" expressionFilter="null" activateExpressionFilter="false" activateCondensedTool="false">
      <metadataTableEntries>
        <entry name="AccountSK" type="int" expression="" isNullable="false"/>
        <entry name="AccountKey" type="int" expression="plan.AccountKey " isNullable="false"/>
      </metadataTableEntries>
    </table>
    <table name="prodcateg" matching-mode="UNIQUE_MATCH" lookup-mode="LOAD_ONCE" isMinimized="true" isReject="false" isRejectInnerJoin="false" isInnerJoin="true" isPersistent="false" expressionFilter="null" activateExpressionFilter="false" activateCondensedTool="false">
      <metadataTableEntries>
        <entry name="ProductCategoryKey" type="int" expression="plan.ProductCategoryKey " isNullable="false"/>
      </metadataTableEntries>
    </table>
    <table name="scenario" matching-mode="UNIQUE_MATCH" lookup-mode="LOAD_ONCE" isMinimized="true" isReject="false" isRejectInnerJoin="false" isInnerJoin="true" isPersistent="false" expressionFilter="null" activateExpressionFilter="false" activateCondensedTool="false">
      <metadataTableEntries>
        <entry name="ScenarioSK" type="int" expression="" isNullable="false"/>
        <entry name="ScenarioKey" type="int" expression="plan.ScenarioKey " isNullable="false"/>
      </metadataTableEntries>
    </table>
  </mapperTable>
  <mapperTable type="output">
    <table name="op_valid" isMinimized="false" isReject="false" isRejectInnerJoin="false" isInnerJoin="false" isPersistent="false" expressionFilter="null" activateExpressionFilter="false" activateCondensedTool="false">
      <metadataTableEntries>
        <entry name="PlanDateSK" type="int" expression="Integer.parseInt(routines.TalendDate.formatDate(&quot;yyyyMMdd&quot;, plan.PlanDate)) " isNullable="false"/>
        <entry name="PlanDatekey" type="java.util.Date" expression="plan.PlanDate " isNullable="false"/>
        <entry name="EntityKey" type="int" expression="entity.EntitySK" isNullable="false"/>
        <entry name="ScenarioKey" type="int" expression="scenario.ScenarioSK " isNullable="false"/>
        <entry name="AccountKey" type="int" expression="account.AccountSK " isNullable="false"/>
        <entry name="ProductCategoryKey" type="Integer" expression="prodcateg.ProductCategoryKey " isNullable="true"/>
        <entry name="PlanAmount" type="float" expression="plan.PlanAmount" isNullable="false"/>
        <entry name="Local_CurrencySK" type="Integer" expression="plan.CurrencyKey " isNullable="true"/>
        <entry name="PlanAmount_Local" type="Float" expression="plan.PlanAmount" isNullable="true"/>
        <entry name="SOR_ID" type="int" expression="31" isNullable="false"/>
        <entry name="SOR_LoadDate" type="java.util.Date" expression="TalendDate.getCurrentDate()" isNullable="true"/>
        <entry name="SOR_UpdateDate" type="java.util.Date" expression="TalendDate.getCurrentDate()" isNullable="true"/>
        <entry name="DI_Job_ID" type="String" expression="context.getProperty(&quot;vRootPID&quot;)" isNullable="false"/>
      </metadataTableEntries>
    </table>
    <table name="op_invalid" isMinimized="false" isReject="false" isRejectInnerJoin="true" isInnerJoin="false" isPersistent="false" expressionFilter="null" activateExpressionFilter="false" activateCondensedTool="false">
      <metadataTableEntries>
        <entry name="PlanDateSK" type="int" expression="Integer.parseInt(routines.TalendDate.formatDate(&quot;yyyyMMdd&quot;, plan.PlanDate)) " isNullable="false"/>
        <entry name="PlanDatekey" type="java.util.Date" expression="plan.PlanDate " isNullable="false"/>
        <entry name="EntityKey" type="int" expression="entity.EntitySK" isNullable="false"/>
        <entry name="ScenarioKey" type="int" expression="scenario.ScenarioSK " isNullable="false"/>
        <entry name="AccountKey" type="int" expression="account.AccountSK" isNullable="false"/>
        <entry name="ProductCategoryKey" type="Integer" expression="prodcateg.ProductCategoryKey" isNullable="true"/>
        <entry name="PlanAmount" type="float" expression="plan.PlanAmount" isNullable="false"/>
        <entry name="Local_CurrencySK" type="Integer" expression="plan.CurrencyKey " isNullable="true"/>
        <entry name="PlanAmount_Local" type="Float" expression="plan.PlanAmount" isNullable="true"/>
        <entry name="RejectRow" type="Integer" expression="-1" isNullable="true"/>
        <entry name="RejectReason" type="String" expression="(
		(Relational.ISNULL(entity.EntitySK)|| entity.EntitySK == 0) ? &quot;Entity Identifier Invalid&quot; 

		:
		(
			(Relational.ISNULL(account.AccountSK)|| account.AccountSK == 0) ? &quot;Account Identifier Invalid&quot; 

			:
			(
				(Relational.ISNULL(prodcateg.ProductCategoryKey)|| prodcateg.ProductCategoryKey == 0) ? &quot;Product Category Identifier Invalid&quot; 
 

				: &quot;Invalid Data but cannot determine why&quot;
			)		
		) 
) " isNullable="true"/>
        <entry name="RejectReasonCode" type="Integer" expression="(
		(Relational.ISNULL(entity.EntitySK)|| entity.EntitySK == 0) ? 80 

		:
		(
			(Relational.ISNULL(account.AccountSK)|| account.AccountSK == 0) ? 70 

			:
			(
				(Relational.ISNULL(prodcateg.ProductCategoryKey)|| prodcateg.ProductCategoryKey == 0) ? 60 


				: -1
			)		
		) 
) " isNullable="true"/>
        <entry name="SOR_ID" type="int" expression="31" isNullable="false"/>
        <entry name="SOR_LoadDate" type="java.util.Date" expression="TalendDate.getCurrentDate()" isNullable="true"/>
        <entry name="SOR_UpdateDate" type="java.util.Date" expression="TalendDate.getCurrentDate()" isNullable="true"/>
        <entry name="DI_Job_ID" type="String" expression="context.getProperty(&quot;vRootPID&quot;)" isNullable="false"/>
      </metadataTableEntries>
    </table>
  </mapperTable>
  <mapperTable type="var">
    <table name="Var" isMinimized="true" isReject="false" isRejectInnerJoin="false" isInnerJoin="false" isPersistent="false" expressionFilter="null" activateExpressionFilter="false" activateCondensedTool="false"/>
  </mapperTable>
</externalNode>
