<?xml version="1.1" encoding="UTF-8"?>

<project i18n.job.generated.documetation="Generated documentation" i18n.job.project.name="Project Name" i18n.job.generated.date="GENERATION DATE" i18n.job.author="AUTHOR" i18n.job.summary="Summary" i18n.job.project.description="Project Description" i18n.job.job.description="Description" i18n.job.job.preview.picture="Preview Picture" i18n.job.job.setting="Settings" i18n.job.context.list="Context List" i18n.job.component.list="Component List" i18n.job.components.description="Components Description" i18n.job.source.code="Source Code" i18n.job.properties="Properties" i18n.job.values="Values" i18n.job.name="Name" i18n.job.language="Language" i18n.job.description="Description" i18n.job.author.min="Author" i18n.job.version="Version" i18n.job.purpose="Purpose" i18n.job.status="Status" i18n.job.creation="Creation" i18n.job.modification="Modification" i18n.job.extract.settings="Extra settings" i18n.job.value="Value" i18n.job.stats.logs="Status &amp; Logs" i18n.job.context="Context" i18n.job.promt="Prompt" i18n.job.need.promt="Need Prompt?" i18n.job.type="Type" i18n.job.source="Source" i18n.job.component.name="Component Name" i18n.job.component.type="Component Type" i18n.job.component="Component" i18n.job.unique.name="UNIQUE NAME" i18n.job.input="INPUT(S)" i18n.job.label="LABEL" i18n.job.output="OUTPUT(S)" i18n.job.component.parameters="Component Parameters:" i18n.job.schema.for="Schema for " i18n.job.column="Column" i18n.job.key="Key" i18n.job.length="Length" i18n.job.precision="Precision" i18n.job.nullable="Nullable" i18n.job.comment="Comment" i18n.job.original.function.parameters="Original Function Parameters:" i18n.job.ended="ended" i18n.job.content="content" i18n.route.manifest.type="Type" i18n.route.manifest.value="Value" i18n.route.resource.name="Name" i18n.route.resource.version="Version" i18n.route.resource.path="Path" name="Final_Project" logo="pictures/logo.jpg" title="Generated by Talend Data Fabric" link="http://www.talend.com" language="java" generatedDate="Apr 30, 2017 12:32:44 AM" versionName="Talend Data Fabric VERSION " version="6.3.1.20161216_1026" docType="Jobs" company="">
  <pro-description><![CDATA[]]></pro-description>
  <job name="Dimension_Loading" author="user@talend.com" i18n.job.extract.settings.type="i18n.job.extract.settings" i18n.job.stats.logs.type="i18n.job.stats.logs" version="0.1" purpose="" status="" creation="Apr 29, 2017 2:23:45 PM" modification="Apr 29, 2017 4:44:58 PM">
    <description><![CDATA[<br/>]]></description>
    <preview picture="pictures/Dimension_Loading_0.1.png"/>
    <contextList>
      <context name="Default"/>
    </contextList>
    <jobSetting>
      <extra>
        <jobParameter name="COMP_DEFAULT_FILE_DIR" value=""/>
        <jobParameter name="Multi thread execution" value="true"/>
        <jobParameter name="Implicit tContextLoad" value="false"/>
      </extra>
      <Statslogs>
        <jobParameter name="Use statistics (tStatCatcher)" value="false"/>
        <jobParameter name="Use logs (tLogCatcher)" value="false"/>
        <jobParameter name="Use volumetrics (tFlowMeterCatcher)" value="false"/>
        <jobParameter name="On Console" value="false"/>
        <jobParameter name="On Files" value="false"/>
        <jobParameter name="On Databases" value="false"/>
        <jobParameter name="Catch components statistics" value="false"/>
        <jobParameter name="Catch runtime errors" value="true"/>
        <jobParameter name="Catch user errors" value="true"/>
        <jobParameter name="Catch user warnings" value="true"/>
      </Statslogs>
    </jobSetting>
    <componentList>
      <componentItem name="tParallelize_1" link="tParallelize_1" type="tParallelize" leftTopX="64" leftTopY="192" rightBottomX="96" rightBottomY="224"/>
      <componentItem name="tParallelize_2" link="tParallelize_2" type="tParallelize" leftTopX="352" leftTopY="320" rightBottomX="384" rightBottomY="352"/>
      <componentItem name="tParallelize_3" link="tParallelize_3" type="tParallelize" leftTopX="864" leftTopY="160" rightBottomX="896" rightBottomY="192"/>
      <componentItem name="tRunJob_1" link="tRunJob_1" type="tRunJob" leftTopX="192" leftTopY="32" rightBottomX="224" rightBottomY="64"/>
      <componentItem name="tRunJob_10" link="tRunJob_10" type="tRunJob" leftTopX="736" leftTopY="256" rightBottomX="768" rightBottomY="288"/>
      <componentItem name="tRunJob_11" link="tRunJob_11" type="tRunJob" leftTopX="736" leftTopY="384" rightBottomX="768" rightBottomY="416"/>
      <componentItem name="tRunJob_12" link="tRunJob_12" type="tRunJob" leftTopX="992" leftTopY="256" rightBottomX="1024" rightBottomY="288"/>
      <componentItem name="tRunJob_13" link="tRunJob_13" type="tRunJob" leftTopX="992" leftTopY="384" rightBottomX="1024" rightBottomY="416"/>
      <componentItem name="tRunJob_14" link="tRunJob_14" type="tRunJob" leftTopX="64" leftTopY="352" rightBottomX="96" rightBottomY="384"/>
      <componentItem name="tRunJob_2" link="tRunJob_2" type="tRunJob" leftTopX="224" leftTopY="320" rightBottomX="256" rightBottomY="352"/>
      <componentItem name="tRunJob_3" link="tRunJob_3" type="tRunJob" leftTopX="512" leftTopY="256" rightBottomX="544" rightBottomY="288"/>
      <componentItem name="tRunJob_4" link="tRunJob_4" type="tRunJob" leftTopX="704" leftTopY="32" rightBottomX="736" rightBottomY="64"/>
      <componentItem name="tRunJob_5" link="tRunJob_5" type="tRunJob" leftTopX="864" leftTopY="32" rightBottomX="896" rightBottomY="64"/>
      <componentItem name="tRunJob_6" link="tRunJob_6" type="tRunJob" leftTopX="1056" leftTopY="32" rightBottomX="1088" rightBottomY="64"/>
      <componentItem name="tRunJob_7" link="tRunJob_7" type="tRunJob" leftTopX="352" leftTopY="32" rightBottomX="384" rightBottomY="64"/>
      <componentItem name="tRunJob_8" link="tRunJob_8" type="tRunJob" leftTopX="544" leftTopY="32" rightBottomX="576" rightBottomY="64"/>
      <componentItem name="tRunJob_9" link="tRunJob_9" type="tRunJob" leftTopX="512" leftTopY="384" rightBottomX="544" rightBottomY="416"/>
    </componentList>
    <internalNodeComponents>
      <component icon="pictures/tParallelize_1.png" uniqueName="tParallelize_1" label="__UNIQUE_NAME__">
        <input>none</input>
        <output link="tRunJob_1">tRunJob_1</output>
        <output link="tRunJob_7">tRunJob_7</output>
        <output link="tRunJob_8">tRunJob_8</output>
        <output link="tRunJob_4">tRunJob_4</output>
        <output link="tRunJob_5">tRunJob_5</output>
        <output link="tRunJob_6">tRunJob_6</output>
        <output link="tRunJob_2">tRunJob_2</output>
        <output link="tRunJob_14">tRunJob_14</output>
        <componentType>tParallelize</componentType>
        <parameters>
          <column name="Unique Name" value="tParallelize_1"/>
          <column name="Component Name" value="tParallelize"/>
          <column name="Version" value="0.101 (ALPHA)"/>
          <column name="Family" value="Orchestration"/>
          <column name="Start" value="true"/>
          <column name="Startable" value="true"/>
          <column name="SUBTREE_START" value="true"/>
          <column name="END_OF_FLOW" value="true"/>
          <column name="Activate" value="true"/>
          <column name="DUMMY" value="false"/>
          <column name="tStatCatcher Statistics" value="false"/>
          <column name="Help" value="org.talend.help.tParallelize"/>
          <column name="Update components" value="true"/>
          <column name="IREPORT_PATH" value=""/>
          <column name="JAVA_LIBRARY_PATH" value="C:\Program Files (x86)\Talend-Studio-6.3\studio\configuration\lib\java"/>
          <column name="Subjob color" value=""/>
          <column name="Title color" value=""/>
          <column name="Enable parallel execution" value="false"/>
          <column name="Number of parallel executions" value="2"/>
          <column name="" value="false"/>
          <column name="Wait for" value="All"/>
          <column name="Sleep Duration" value="100"/>
          <column name="Die when one of parallelize subjobs fails" value="true"/>
          <column name="Label format" value="__UNIQUE_NAME__"/>
          <column name="Hint format" value="&lt;b&gt;__UNIQUE_NAME__&lt;/b&gt;&lt;br&gt;__COMMENT__"/>
          <column name="Connection format" value="row"/>
          <column name="Show Information" value="false"/>
          <column name="Comment" value=""/>
          <column name="Use an existing validation rule" value="false"/>
          <column name="Validation Rule Type" value=""/>
        </parameters>
      </component>
      <component icon="pictures/tParallelize_2.png" uniqueName="tParallelize_2" label="__UNIQUE_NAME__">
        <input link="tRunJob_2">tRunJob_2</input>
        <output link="tRunJob_3">tRunJob_3</output>
        <output link="tRunJob_9">tRunJob_9</output>
        <componentType>tParallelize</componentType>
        <parameters>
          <column name="Unique Name" value="tParallelize_2"/>
          <column name="Component Name" value="tParallelize"/>
          <column name="Version" value="0.101 (ALPHA)"/>
          <column name="Family" value="Orchestration"/>
          <column name="Start" value="false"/>
          <column name="Startable" value="true"/>
          <column name="SUBTREE_START" value="true"/>
          <column name="END_OF_FLOW" value="true"/>
          <column name="Activate" value="true"/>
          <column name="DUMMY" value="false"/>
          <column name="tStatCatcher Statistics" value="false"/>
          <column name="Help" value="org.talend.help.tParallelize"/>
          <column name="Update components" value="true"/>
          <column name="IREPORT_PATH" value=""/>
          <column name="JAVA_LIBRARY_PATH" value="C:\Program Files (x86)\Talend-Studio-6.3\studio\configuration\lib\java"/>
          <column name="Subjob color" value=""/>
          <column name="Title color" value=""/>
          <column name="Enable parallel execution" value="false"/>
          <column name="Number of parallel executions" value="2"/>
          <column name="" value="false"/>
          <column name="Wait for" value="All"/>
          <column name="Sleep Duration" value="100"/>
          <column name="Die when one of parallelize subjobs fails" value="true"/>
          <column name="Label format" value="__UNIQUE_NAME__"/>
          <column name="Hint format" value="&lt;b&gt;__UNIQUE_NAME__&lt;/b&gt;&lt;br&gt;__COMMENT__"/>
          <column name="Connection format" value="row"/>
          <column name="Show Information" value="false"/>
          <column name="Comment" value=""/>
          <column name="Use an existing validation rule" value="false"/>
          <column name="Validation Rule Type" value=""/>
        </parameters>
      </component>
      <component icon="pictures/tParallelize_3.png" uniqueName="tParallelize_3" label="__UNIQUE_NAME__">
        <input link="tRunJob_5">tRunJob_5</input>
        <output link="tRunJob_10">tRunJob_10</output>
        <output link="tRunJob_12">tRunJob_12</output>
        <output link="tRunJob_11">tRunJob_11</output>
        <output link="tRunJob_13">tRunJob_13</output>
        <componentType>tParallelize</componentType>
        <parameters>
          <column name="Unique Name" value="tParallelize_3"/>
          <column name="Component Name" value="tParallelize"/>
          <column name="Version" value="0.101 (ALPHA)"/>
          <column name="Family" value="Orchestration"/>
          <column name="Start" value="false"/>
          <column name="Startable" value="true"/>
          <column name="SUBTREE_START" value="true"/>
          <column name="END_OF_FLOW" value="true"/>
          <column name="Activate" value="true"/>
          <column name="DUMMY" value="false"/>
          <column name="tStatCatcher Statistics" value="false"/>
          <column name="Help" value="org.talend.help.tParallelize"/>
          <column name="Update components" value="true"/>
          <column name="IREPORT_PATH" value=""/>
          <column name="JAVA_LIBRARY_PATH" value="C:\Program Files (x86)\Talend-Studio-6.3\studio\configuration\lib\java"/>
          <column name="Subjob color" value=""/>
          <column name="Title color" value=""/>
          <column name="Enable parallel execution" value="false"/>
          <column name="Number of parallel executions" value="2"/>
          <column name="" value="false"/>
          <column name="Wait for" value="All"/>
          <column name="Sleep Duration" value="100"/>
          <column name="Die when one of parallelize subjobs fails" value="true"/>
          <column name="Label format" value="__UNIQUE_NAME__"/>
          <column name="Hint format" value="&lt;b&gt;__UNIQUE_NAME__&lt;/b&gt;&lt;br&gt;__COMMENT__"/>
          <column name="Connection format" value="row"/>
          <column name="Show Information" value="false"/>
          <column name="Comment" value=""/>
          <column name="Use an existing validation rule" value="false"/>
          <column name="Validation Rule Type" value=""/>
        </parameters>
      </component>
      <component icon="pictures/tRunJob_1.png" uniqueName="tRunJob_1" label="__PROCESS__">
        <input link="tParallelize_1">tParallelize_1</input>
        <output>none</output>
        <componentType>tRunJob</componentType>
        <parameters>
          <column name="Unique Name" value="tRunJob_1"/>
          <column name="Component Name" value="tRunJob"/>
          <column name="Version" value="0.101 (ALPHA)"/>
          <column name="Family" value="System|Orchestration"/>
          <column name="Start" value="false"/>
          <column name="Startable" value="true"/>
          <column name="SUBTREE_START" value="true"/>
          <column name="END_OF_FLOW" value="true"/>
          <column name="Activate" value="true"/>
          <column name="DUMMY" value="false"/>
          <column name="tStatCatcher Statistics" value="false"/>
          <column name="Help" value="org.talend.help.tRunJob"/>
          <column name="Update components" value="true"/>
          <column name="IREPORT_PATH" value=""/>
          <column name="JAVA_LIBRARY_PATH" value="C:\Program Files (x86)\Talend-Studio-6.3\studio\configuration\lib\java"/>
          <column name="Subjob color" value=""/>
          <column name="Title color" value=""/>
          <column name="Enable parallel execution" value="false"/>
          <column name="Number of parallel executions" value="2"/>
          <column name="" value="false"/>
          <column name="REPOSITORY_ALLOW_AUTO_SWITCH" value="true"/>
          <column name="Schema" value="Built-In"/>
          <column name="Use dynamic job" value="false"/>
          <column name="Context job" value=""/>
          <column name="Job" value="DimCurrency"/>
          <column name="Context" value="Default"/>
          <column name="Use an independent process to run subjob" value="false"/>
          <column name="Die on child error" value="true"/>
          <column name="Transmit whole context" value="false"/>
          <column name="Context Param" value="[]"/>
          <column name="Propagate the child result to the output schema" value="false"/>
          <column name="Print Parameters" value="false"/>
          <column name="Transmit original context value(if uncheck, there will convert context value to string type before transmiting.)" value="true"/>
          <column name="Label format" value="__PROCESS__"/>
          <column name="Hint format" value="&lt;b&gt;__UNIQUE_NAME__&lt;/b&gt;&lt;br&gt;__COMMENT__"/>
          <column name="Connection format" value="row"/>
          <column name="Show Information" value="false"/>
          <column name="Comment" value=""/>
          <column name="Use an existing validation rule" value="false"/>
          <column name="Validation Rule Type" value=""/>
        </parameters>
        <schemas>
          <schema name="tRunJob_1"/>
        </schemas>
      </component>
      <component icon="pictures/tRunJob_10.png" uniqueName="tRunJob_10" label="__PROCESS__">
        <input link="tParallelize_3">tParallelize_3</input>
        <output>none</output>
        <componentType>tRunJob</componentType>
        <parameters>
          <column name="Unique Name" value="tRunJob_10"/>
          <column name="Component Name" value="tRunJob"/>
          <column name="Version" value="0.101 (ALPHA)"/>
          <column name="Family" value="System|Orchestration"/>
          <column name="Start" value="false"/>
          <column name="Startable" value="true"/>
          <column name="SUBTREE_START" value="true"/>
          <column name="END_OF_FLOW" value="true"/>
          <column name="Activate" value="true"/>
          <column name="DUMMY" value="false"/>
          <column name="tStatCatcher Statistics" value="false"/>
          <column name="Help" value="org.talend.help.tRunJob"/>
          <column name="Update components" value="true"/>
          <column name="IREPORT_PATH" value=""/>
          <column name="JAVA_LIBRARY_PATH" value="C:\Program Files (x86)\Talend-Studio-6.3\studio\configuration\lib\java"/>
          <column name="Subjob color" value=""/>
          <column name="Title color" value=""/>
          <column name="Enable parallel execution" value="false"/>
          <column name="Number of parallel executions" value="2"/>
          <column name="" value="false"/>
          <column name="REPOSITORY_ALLOW_AUTO_SWITCH" value="true"/>
          <column name="Schema" value="Built-In"/>
          <column name="Use dynamic job" value="false"/>
          <column name="Context job" value=""/>
          <column name="Job" value="DimCustomer_Company"/>
          <column name="Context" value="Default"/>
          <column name="Use an independent process to run subjob" value="false"/>
          <column name="Die on child error" value="true"/>
          <column name="Transmit whole context" value="false"/>
          <column name="Context Param" value="[]"/>
          <column name="Propagate the child result to the output schema" value="false"/>
          <column name="Print Parameters" value="false"/>
          <column name="Transmit original context value(if uncheck, there will convert context value to string type before transmiting.)" value="true"/>
          <column name="Label format" value="__PROCESS__"/>
          <column name="Hint format" value="&lt;b&gt;__UNIQUE_NAME__&lt;/b&gt;&lt;br&gt;__COMMENT__"/>
          <column name="Connection format" value="row"/>
          <column name="Show Information" value="false"/>
          <column name="Comment" value=""/>
          <column name="Use an existing validation rule" value="false"/>
          <column name="Validation Rule Type" value=""/>
        </parameters>
        <schemas>
          <schema name="tRunJob_10"/>
        </schemas>
      </component>
      <component icon="pictures/tRunJob_11.png" uniqueName="tRunJob_11" label="__PROCESS__">
        <input link="tParallelize_3">tParallelize_3</input>
        <output>none</output>
        <componentType>tRunJob</componentType>
        <parameters>
          <column name="Unique Name" value="tRunJob_11"/>
          <column name="Component Name" value="tRunJob"/>
          <column name="Version" value="0.101 (ALPHA)"/>
          <column name="Family" value="System|Orchestration"/>
          <column name="Start" value="false"/>
          <column name="Startable" value="true"/>
          <column name="SUBTREE_START" value="true"/>
          <column name="END_OF_FLOW" value="true"/>
          <column name="Activate" value="true"/>
          <column name="DUMMY" value="false"/>
          <column name="tStatCatcher Statistics" value="false"/>
          <column name="Help" value="org.talend.help.tRunJob"/>
          <column name="Update components" value="true"/>
          <column name="IREPORT_PATH" value=""/>
          <column name="JAVA_LIBRARY_PATH" value="C:\Program Files (x86)\Talend-Studio-6.3\studio\configuration\lib\java"/>
          <column name="Subjob color" value=""/>
          <column name="Title color" value=""/>
          <column name="Enable parallel execution" value="false"/>
          <column name="Number of parallel executions" value="2"/>
          <column name="" value="false"/>
          <column name="REPOSITORY_ALLOW_AUTO_SWITCH" value="true"/>
          <column name="Schema" value="Built-In"/>
          <column name="Use dynamic job" value="false"/>
          <column name="Context job" value=""/>
          <column name="Job" value="DimCustomer_Person"/>
          <column name="Context" value="Default"/>
          <column name="Use an independent process to run subjob" value="false"/>
          <column name="Die on child error" value="true"/>
          <column name="Transmit whole context" value="false"/>
          <column name="Context Param" value="[]"/>
          <column name="Propagate the child result to the output schema" value="false"/>
          <column name="Print Parameters" value="false"/>
          <column name="Transmit original context value(if uncheck, there will convert context value to string type before transmiting.)" value="true"/>
          <column name="Label format" value="__PROCESS__"/>
          <column name="Hint format" value="&lt;b&gt;__UNIQUE_NAME__&lt;/b&gt;&lt;br&gt;__COMMENT__"/>
          <column name="Connection format" value="row"/>
          <column name="Show Information" value="false"/>
          <column name="Comment" value=""/>
          <column name="Use an existing validation rule" value="false"/>
          <column name="Validation Rule Type" value=""/>
        </parameters>
        <schemas>
          <schema name="tRunJob_11"/>
        </schemas>
      </component>
      <component icon="pictures/tRunJob_12.png" uniqueName="tRunJob_12" label="__PROCESS__">
        <input link="tParallelize_3">tParallelize_3</input>
        <output>none</output>
        <componentType>tRunJob</componentType>
        <parameters>
          <column name="Unique Name" value="tRunJob_12"/>
          <column name="Component Name" value="tRunJob"/>
          <column name="Version" value="0.101 (ALPHA)"/>
          <column name="Family" value="System|Orchestration"/>
          <column name="Start" value="false"/>
          <column name="Startable" value="true"/>
          <column name="SUBTREE_START" value="true"/>
          <column name="END_OF_FLOW" value="true"/>
          <column name="Activate" value="true"/>
          <column name="DUMMY" value="false"/>
          <column name="tStatCatcher Statistics" value="false"/>
          <column name="Help" value="org.talend.help.tRunJob"/>
          <column name="Update components" value="true"/>
          <column name="IREPORT_PATH" value=""/>
          <column name="JAVA_LIBRARY_PATH" value="C:\Program Files (x86)\Talend-Studio-6.3\studio\configuration\lib\java"/>
          <column name="Subjob color" value=""/>
          <column name="Title color" value=""/>
          <column name="Enable parallel execution" value="false"/>
          <column name="Number of parallel executions" value="2"/>
          <column name="" value="false"/>
          <column name="REPOSITORY_ALLOW_AUTO_SWITCH" value="true"/>
          <column name="Schema" value="Built-In"/>
          <column name="Use dynamic job" value="false"/>
          <column name="Context job" value=""/>
          <column name="Job" value="DimSalesTerritory"/>
          <column name="Context" value="Default"/>
          <column name="Use an independent process to run subjob" value="false"/>
          <column name="Die on child error" value="true"/>
          <column name="Transmit whole context" value="false"/>
          <column name="Context Param" value="[]"/>
          <column name="Propagate the child result to the output schema" value="false"/>
          <column name="Print Parameters" value="false"/>
          <column name="Transmit original context value(if uncheck, there will convert context value to string type before transmiting.)" value="true"/>
          <column name="Label format" value="__PROCESS__"/>
          <column name="Hint format" value="&lt;b&gt;__UNIQUE_NAME__&lt;/b&gt;&lt;br&gt;__COMMENT__"/>
          <column name="Connection format" value="row"/>
          <column name="Show Information" value="false"/>
          <column name="Comment" value=""/>
          <column name="Use an existing validation rule" value="false"/>
          <column name="Validation Rule Type" value=""/>
        </parameters>
        <schemas>
          <schema name="tRunJob_12"/>
        </schemas>
      </component>
      <component icon="pictures/tRunJob_13.png" uniqueName="tRunJob_13" label="__PROCESS__">
        <input link="tParallelize_3">tParallelize_3</input>
        <output>none</output>
        <componentType>tRunJob</componentType>
        <parameters>
          <column name="Unique Name" value="tRunJob_13"/>
          <column name="Component Name" value="tRunJob"/>
          <column name="Version" value="0.101 (ALPHA)"/>
          <column name="Family" value="System|Orchestration"/>
          <column name="Start" value="false"/>
          <column name="Startable" value="true"/>
          <column name="SUBTREE_START" value="true"/>
          <column name="END_OF_FLOW" value="true"/>
          <column name="Activate" value="true"/>
          <column name="DUMMY" value="false"/>
          <column name="tStatCatcher Statistics" value="false"/>
          <column name="Help" value="org.talend.help.tRunJob"/>
          <column name="Update components" value="true"/>
          <column name="IREPORT_PATH" value=""/>
          <column name="JAVA_LIBRARY_PATH" value="C:\Program Files (x86)\Talend-Studio-6.3\studio\configuration\lib\java"/>
          <column name="Subjob color" value=""/>
          <column name="Title color" value=""/>
          <column name="Enable parallel execution" value="false"/>
          <column name="Number of parallel executions" value="2"/>
          <column name="" value="false"/>
          <column name="REPOSITORY_ALLOW_AUTO_SWITCH" value="true"/>
          <column name="Schema" value="Built-In"/>
          <column name="Use dynamic job" value="false"/>
          <column name="Context job" value=""/>
          <column name="Job" value="DimStore"/>
          <column name="Context" value="Default"/>
          <column name="Use an independent process to run subjob" value="false"/>
          <column name="Die on child error" value="true"/>
          <column name="Transmit whole context" value="false"/>
          <column name="Context Param" value="[]"/>
          <column name="Propagate the child result to the output schema" value="false"/>
          <column name="Print Parameters" value="false"/>
          <column name="Transmit original context value(if uncheck, there will convert context value to string type before transmiting.)" value="true"/>
          <column name="Label format" value="__PROCESS__"/>
          <column name="Hint format" value="&lt;b&gt;__UNIQUE_NAME__&lt;/b&gt;&lt;br&gt;__COMMENT__"/>
          <column name="Connection format" value="row"/>
          <column name="Show Information" value="false"/>
          <column name="Comment" value=""/>
          <column name="Use an existing validation rule" value="false"/>
          <column name="Validation Rule Type" value=""/>
        </parameters>
        <schemas>
          <schema name="tRunJob_13"/>
        </schemas>
      </component>
      <component icon="pictures/tRunJob_14.png" uniqueName="tRunJob_14" label="__PROCESS__">
        <input link="tParallelize_1">tParallelize_1</input>
        <output>none</output>
        <componentType>tRunJob</componentType>
        <parameters>
          <column name="Unique Name" value="tRunJob_14"/>
          <column name="Component Name" value="tRunJob"/>
          <column name="Version" value="0.101 (ALPHA)"/>
          <column name="Family" value="System|Orchestration"/>
          <column name="Start" value="false"/>
          <column name="Startable" value="true"/>
          <column name="SUBTREE_START" value="true"/>
          <column name="END_OF_FLOW" value="true"/>
          <column name="Activate" value="true"/>
          <column name="DUMMY" value="false"/>
          <column name="tStatCatcher Statistics" value="false"/>
          <column name="Help" value="org.talend.help.tRunJob"/>
          <column name="Update components" value="true"/>
          <column name="IREPORT_PATH" value=""/>
          <column name="JAVA_LIBRARY_PATH" value="C:\Program Files (x86)\Talend-Studio-6.3\studio\configuration\lib\java"/>
          <column name="Subjob color" value=""/>
          <column name="Title color" value=""/>
          <column name="Enable parallel execution" value="false"/>
          <column name="Number of parallel executions" value="2"/>
          <column name="" value="false"/>
          <column name="REPOSITORY_ALLOW_AUTO_SWITCH" value="true"/>
          <column name="Schema" value="Built-In"/>
          <column name="Use dynamic job" value="false"/>
          <column name="Context job" value=""/>
          <column name="Job" value="DimSOR_SORSystem"/>
          <column name="Context" value="Default"/>
          <column name="Use an independent process to run subjob" value="false"/>
          <column name="Die on child error" value="true"/>
          <column name="Transmit whole context" value="false"/>
          <column name="Context Param" value="[]"/>
          <column name="Propagate the child result to the output schema" value="false"/>
          <column name="Print Parameters" value="false"/>
          <column name="Transmit original context value(if uncheck, there will convert context value to string type before transmiting.)" value="true"/>
          <column name="Label format" value="__PROCESS__"/>
          <column name="Hint format" value="&lt;b&gt;__UNIQUE_NAME__&lt;/b&gt;&lt;br&gt;__COMMENT__"/>
          <column name="Connection format" value="row"/>
          <column name="Show Information" value="false"/>
          <column name="Comment" value=""/>
          <column name="Use an existing validation rule" value="false"/>
          <column name="Validation Rule Type" value=""/>
        </parameters>
        <schemas>
          <schema name="tRunJob_14"/>
        </schemas>
      </component>
      <component icon="pictures/tRunJob_2.png" uniqueName="tRunJob_2" label="__PROCESS__">
        <input link="tParallelize_1">tParallelize_1</input>
        <output link="tParallelize_2">tParallelize_2</output>
        <componentType>tRunJob</componentType>
        <parameters>
          <column name="Unique Name" value="tRunJob_2"/>
          <column name="Component Name" value="tRunJob"/>
          <column name="Version" value="0.101 (ALPHA)"/>
          <column name="Family" value="System|Orchestration"/>
          <column name="Start" value="false"/>
          <column name="Startable" value="true"/>
          <column name="SUBTREE_START" value="true"/>
          <column name="END_OF_FLOW" value="true"/>
          <column name="Activate" value="true"/>
          <column name="DUMMY" value="false"/>
          <column name="tStatCatcher Statistics" value="false"/>
          <column name="Help" value="org.talend.help.tRunJob"/>
          <column name="Update components" value="true"/>
          <column name="IREPORT_PATH" value=""/>
          <column name="JAVA_LIBRARY_PATH" value="C:\Program Files (x86)\Talend-Studio-6.3\studio\configuration\lib\java"/>
          <column name="Subjob color" value=""/>
          <column name="Title color" value=""/>
          <column name="Enable parallel execution" value="false"/>
          <column name="Number of parallel executions" value="2"/>
          <column name="" value="false"/>
          <column name="REPOSITORY_ALLOW_AUTO_SWITCH" value="true"/>
          <column name="Schema" value="Built-In"/>
          <column name="Use dynamic job" value="false"/>
          <column name="Context job" value=""/>
          <column name="Job" value="DimProduct"/>
          <column name="Context" value="Default"/>
          <column name="Use an independent process to run subjob" value="false"/>
          <column name="Die on child error" value="true"/>
          <column name="Transmit whole context" value="false"/>
          <column name="Context Param" value="[]"/>
          <column name="Propagate the child result to the output schema" value="false"/>
          <column name="Print Parameters" value="false"/>
          <column name="Transmit original context value(if uncheck, there will convert context value to string type before transmiting.)" value="true"/>
          <column name="Label format" value="__PROCESS__"/>
          <column name="Hint format" value="&lt;b&gt;__UNIQUE_NAME__&lt;/b&gt;&lt;br&gt;__COMMENT__"/>
          <column name="Connection format" value="row"/>
          <column name="Show Information" value="false"/>
          <column name="Comment" value=""/>
          <column name="Use an existing validation rule" value="false"/>
          <column name="Validation Rule Type" value=""/>
        </parameters>
        <schemas>
          <schema name="tRunJob_2"/>
        </schemas>
      </component>
      <component icon="pictures/tRunJob_3.png" uniqueName="tRunJob_3" label="__PROCESS__">
        <input link="tParallelize_2">tParallelize_2</input>
        <output>none</output>
        <componentType>tRunJob</componentType>
        <parameters>
          <column name="Unique Name" value="tRunJob_3"/>
          <column name="Component Name" value="tRunJob"/>
          <column name="Version" value="0.101 (ALPHA)"/>
          <column name="Family" value="System|Orchestration"/>
          <column name="Start" value="false"/>
          <column name="Startable" value="true"/>
          <column name="SUBTREE_START" value="true"/>
          <column name="END_OF_FLOW" value="true"/>
          <column name="Activate" value="true"/>
          <column name="DUMMY" value="false"/>
          <column name="tStatCatcher Statistics" value="false"/>
          <column name="Help" value="org.talend.help.tRunJob"/>
          <column name="Update components" value="true"/>
          <column name="IREPORT_PATH" value=""/>
          <column name="JAVA_LIBRARY_PATH" value="C:\Program Files (x86)\Talend-Studio-6.3\studio\configuration\lib\java"/>
          <column name="Subjob color" value=""/>
          <column name="Title color" value=""/>
          <column name="Enable parallel execution" value="false"/>
          <column name="Number of parallel executions" value="2"/>
          <column name="" value="false"/>
          <column name="REPOSITORY_ALLOW_AUTO_SWITCH" value="true"/>
          <column name="Schema" value="Built-In"/>
          <column name="Use dynamic job" value="false"/>
          <column name="Context job" value=""/>
          <column name="Job" value="DimProductCost"/>
          <column name="Context" value="Default"/>
          <column name="Use an independent process to run subjob" value="false"/>
          <column name="Die on child error" value="true"/>
          <column name="Transmit whole context" value="false"/>
          <column name="Context Param" value="[]"/>
          <column name="Propagate the child result to the output schema" value="false"/>
          <column name="Print Parameters" value="false"/>
          <column name="Transmit original context value(if uncheck, there will convert context value to string type before transmiting.)" value="true"/>
          <column name="Label format" value="__PROCESS__"/>
          <column name="Hint format" value="&lt;b&gt;__UNIQUE_NAME__&lt;/b&gt;&lt;br&gt;__COMMENT__"/>
          <column name="Connection format" value="row"/>
          <column name="Show Information" value="false"/>
          <column name="Comment" value=""/>
          <column name="Use an existing validation rule" value="false"/>
          <column name="Validation Rule Type" value=""/>
        </parameters>
        <schemas>
          <schema name="tRunJob_3"/>
        </schemas>
      </component>
      <component icon="pictures/tRunJob_4.png" uniqueName="tRunJob_4" label="__PROCESS__">
        <input link="tParallelize_1">tParallelize_1</input>
        <output>none</output>
        <componentType>tRunJob</componentType>
        <parameters>
          <column name="Unique Name" value="tRunJob_4"/>
          <column name="Component Name" value="tRunJob"/>
          <column name="Version" value="0.101 (ALPHA)"/>
          <column name="Family" value="System|Orchestration"/>
          <column name="Start" value="false"/>
          <column name="Startable" value="true"/>
          <column name="SUBTREE_START" value="true"/>
          <column name="END_OF_FLOW" value="true"/>
          <column name="Activate" value="true"/>
          <column name="DUMMY" value="false"/>
          <column name="tStatCatcher Statistics" value="false"/>
          <column name="Help" value="org.talend.help.tRunJob"/>
          <column name="Update components" value="true"/>
          <column name="IREPORT_PATH" value=""/>
          <column name="JAVA_LIBRARY_PATH" value="C:\Program Files (x86)\Talend-Studio-6.3\studio\configuration\lib\java"/>
          <column name="Subjob color" value=""/>
          <column name="Title color" value=""/>
          <column name="Enable parallel execution" value="false"/>
          <column name="Number of parallel executions" value="2"/>
          <column name="" value="false"/>
          <column name="REPOSITORY_ALLOW_AUTO_SWITCH" value="true"/>
          <column name="Schema" value="Built-In"/>
          <column name="Use dynamic job" value="false"/>
          <column name="Context job" value=""/>
          <column name="Job" value="DimDate"/>
          <column name="Context" value="Default"/>
          <column name="Use an independent process to run subjob" value="false"/>
          <column name="Die on child error" value="true"/>
          <column name="Transmit whole context" value="false"/>
          <column name="Context Param" value="[]"/>
          <column name="Propagate the child result to the output schema" value="false"/>
          <column name="Print Parameters" value="false"/>
          <column name="Transmit original context value(if uncheck, there will convert context value to string type before transmiting.)" value="true"/>
          <column name="Label format" value="__PROCESS__"/>
          <column name="Hint format" value="&lt;b&gt;__UNIQUE_NAME__&lt;/b&gt;&lt;br&gt;__COMMENT__"/>
          <column name="Connection format" value="row"/>
          <column name="Show Information" value="false"/>
          <column name="Comment" value=""/>
          <column name="Use an existing validation rule" value="false"/>
          <column name="Validation Rule Type" value=""/>
        </parameters>
        <schemas>
          <schema name="tRunJob_4"/>
        </schemas>
      </component>
      <component icon="pictures/tRunJob_5.png" uniqueName="tRunJob_5" label="__PROCESS__">
        <input link="tParallelize_1">tParallelize_1</input>
        <output link="tParallelize_3">tParallelize_3</output>
        <componentType>tRunJob</componentType>
        <parameters>
          <column name="Unique Name" value="tRunJob_5"/>
          <column name="Component Name" value="tRunJob"/>
          <column name="Version" value="0.101 (ALPHA)"/>
          <column name="Family" value="System|Orchestration"/>
          <column name="Start" value="false"/>
          <column name="Startable" value="true"/>
          <column name="SUBTREE_START" value="true"/>
          <column name="END_OF_FLOW" value="true"/>
          <column name="Activate" value="true"/>
          <column name="DUMMY" value="false"/>
          <column name="tStatCatcher Statistics" value="false"/>
          <column name="Help" value="org.talend.help.tRunJob"/>
          <column name="Update components" value="true"/>
          <column name="IREPORT_PATH" value=""/>
          <column name="JAVA_LIBRARY_PATH" value="C:\Program Files (x86)\Talend-Studio-6.3\studio\configuration\lib\java"/>
          <column name="Subjob color" value=""/>
          <column name="Title color" value=""/>
          <column name="Enable parallel execution" value="false"/>
          <column name="Number of parallel executions" value="2"/>
          <column name="" value="false"/>
          <column name="REPOSITORY_ALLOW_AUTO_SWITCH" value="true"/>
          <column name="Schema" value="Built-In"/>
          <column name="Use dynamic job" value="false"/>
          <column name="Context job" value=""/>
          <column name="Job" value="DimGeography"/>
          <column name="Context" value="Default"/>
          <column name="Use an independent process to run subjob" value="false"/>
          <column name="Die on child error" value="true"/>
          <column name="Transmit whole context" value="false"/>
          <column name="Context Param" value="[]"/>
          <column name="Propagate the child result to the output schema" value="false"/>
          <column name="Print Parameters" value="false"/>
          <column name="Transmit original context value(if uncheck, there will convert context value to string type before transmiting.)" value="true"/>
          <column name="Label format" value="__PROCESS__"/>
          <column name="Hint format" value="&lt;b&gt;__UNIQUE_NAME__&lt;/b&gt;&lt;br&gt;__COMMENT__"/>
          <column name="Connection format" value="row"/>
          <column name="Show Information" value="false"/>
          <column name="Comment" value=""/>
          <column name="Use an existing validation rule" value="false"/>
          <column name="Validation Rule Type" value=""/>
        </parameters>
        <schemas>
          <schema name="tRunJob_5"/>
        </schemas>
      </component>
      <component icon="pictures/tRunJob_6.png" uniqueName="tRunJob_6" label="__PROCESS__">
        <input link="tParallelize_1">tParallelize_1</input>
        <output>none</output>
        <componentType>tRunJob</componentType>
        <parameters>
          <column name="Unique Name" value="tRunJob_6"/>
          <column name="Component Name" value="tRunJob"/>
          <column name="Version" value="0.101 (ALPHA)"/>
          <column name="Family" value="System|Orchestration"/>
          <column name="Start" value="false"/>
          <column name="Startable" value="true"/>
          <column name="SUBTREE_START" value="true"/>
          <column name="END_OF_FLOW" value="true"/>
          <column name="Activate" value="true"/>
          <column name="DUMMY" value="false"/>
          <column name="tStatCatcher Statistics" value="false"/>
          <column name="Help" value="org.talend.help.tRunJob"/>
          <column name="Update components" value="true"/>
          <column name="IREPORT_PATH" value=""/>
          <column name="JAVA_LIBRARY_PATH" value="C:\Program Files (x86)\Talend-Studio-6.3\studio\configuration\lib\java"/>
          <column name="Subjob color" value=""/>
          <column name="Title color" value=""/>
          <column name="Enable parallel execution" value="false"/>
          <column name="Number of parallel executions" value="2"/>
          <column name="" value="false"/>
          <column name="REPOSITORY_ALLOW_AUTO_SWITCH" value="true"/>
          <column name="Schema" value="Built-In"/>
          <column name="Use dynamic job" value="false"/>
          <column name="Context job" value=""/>
          <column name="Job" value="DimPromotion"/>
          <column name="Context" value="Default"/>
          <column name="Use an independent process to run subjob" value="false"/>
          <column name="Die on child error" value="true"/>
          <column name="Transmit whole context" value="false"/>
          <column name="Context Param" value="[]"/>
          <column name="Propagate the child result to the output schema" value="false"/>
          <column name="Print Parameters" value="false"/>
          <column name="Transmit original context value(if uncheck, there will convert context value to string type before transmiting.)" value="true"/>
          <column name="Label format" value="__PROCESS__"/>
          <column name="Hint format" value="&lt;b&gt;__UNIQUE_NAME__&lt;/b&gt;&lt;br&gt;__COMMENT__"/>
          <column name="Connection format" value="row"/>
          <column name="Show Information" value="false"/>
          <column name="Comment" value=""/>
          <column name="Use an existing validation rule" value="false"/>
          <column name="Validation Rule Type" value=""/>
        </parameters>
        <schemas>
          <schema name="tRunJob_6"/>
        </schemas>
      </component>
      <component icon="pictures/tRunJob_7.png" uniqueName="tRunJob_7" label="__PROCESS__">
        <input link="tParallelize_1">tParallelize_1</input>
        <output>none</output>
        <componentType>tRunJob</componentType>
        <parameters>
          <column name="Unique Name" value="tRunJob_7"/>
          <column name="Component Name" value="tRunJob"/>
          <column name="Version" value="0.101 (ALPHA)"/>
          <column name="Family" value="System|Orchestration"/>
          <column name="Start" value="false"/>
          <column name="Startable" value="true"/>
          <column name="SUBTREE_START" value="true"/>
          <column name="END_OF_FLOW" value="true"/>
          <column name="Activate" value="true"/>
          <column name="DUMMY" value="false"/>
          <column name="tStatCatcher Statistics" value="false"/>
          <column name="Help" value="org.talend.help.tRunJob"/>
          <column name="Update components" value="true"/>
          <column name="IREPORT_PATH" value=""/>
          <column name="JAVA_LIBRARY_PATH" value="C:\Program Files (x86)\Talend-Studio-6.3\studio\configuration\lib\java"/>
          <column name="Subjob color" value=""/>
          <column name="Title color" value=""/>
          <column name="Enable parallel execution" value="false"/>
          <column name="Number of parallel executions" value="2"/>
          <column name="" value="false"/>
          <column name="REPOSITORY_ALLOW_AUTO_SWITCH" value="true"/>
          <column name="Schema" value="Built-In"/>
          <column name="Use dynamic job" value="false"/>
          <column name="Context job" value=""/>
          <column name="Job" value="FactExchangeRate"/>
          <column name="Context" value="Default"/>
          <column name="Use an independent process to run subjob" value="false"/>
          <column name="Die on child error" value="true"/>
          <column name="Transmit whole context" value="false"/>
          <column name="Context Param" value="[]"/>
          <column name="Propagate the child result to the output schema" value="false"/>
          <column name="Print Parameters" value="false"/>
          <column name="Transmit original context value(if uncheck, there will convert context value to string type before transmiting.)" value="true"/>
          <column name="Label format" value="__PROCESS__"/>
          <column name="Hint format" value="&lt;b&gt;__UNIQUE_NAME__&lt;/b&gt;&lt;br&gt;__COMMENT__"/>
          <column name="Connection format" value="row"/>
          <column name="Show Information" value="false"/>
          <column name="Comment" value=""/>
          <column name="Use an existing validation rule" value="false"/>
          <column name="Validation Rule Type" value=""/>
        </parameters>
        <schemas>
          <schema name="tRunJob_7"/>
        </schemas>
      </component>
      <component icon="pictures/tRunJob_8.png" uniqueName="tRunJob_8" label="__PROCESS__">
        <input link="tParallelize_1">tParallelize_1</input>
        <output>none</output>
        <componentType>tRunJob</componentType>
        <parameters>
          <column name="Unique Name" value="tRunJob_8"/>
          <column name="Component Name" value="tRunJob"/>
          <column name="Version" value="0.101 (ALPHA)"/>
          <column name="Family" value="System|Orchestration"/>
          <column name="Start" value="false"/>
          <column name="Startable" value="true"/>
          <column name="SUBTREE_START" value="true"/>
          <column name="END_OF_FLOW" value="true"/>
          <column name="Activate" value="true"/>
          <column name="DUMMY" value="false"/>
          <column name="tStatCatcher Statistics" value="false"/>
          <column name="Help" value="org.talend.help.tRunJob"/>
          <column name="Update components" value="true"/>
          <column name="IREPORT_PATH" value=""/>
          <column name="JAVA_LIBRARY_PATH" value="C:\Program Files (x86)\Talend-Studio-6.3\studio\configuration\lib\java"/>
          <column name="Subjob color" value=""/>
          <column name="Title color" value=""/>
          <column name="Enable parallel execution" value="false"/>
          <column name="Number of parallel executions" value="2"/>
          <column name="" value="false"/>
          <column name="REPOSITORY_ALLOW_AUTO_SWITCH" value="true"/>
          <column name="Schema" value="Built-In"/>
          <column name="Use dynamic job" value="false"/>
          <column name="Context job" value=""/>
          <column name="Job" value="Reject_Codes"/>
          <column name="Context" value="Default"/>
          <column name="Use an independent process to run subjob" value="false"/>
          <column name="Die on child error" value="true"/>
          <column name="Transmit whole context" value="false"/>
          <column name="Context Param" value="[]"/>
          <column name="Propagate the child result to the output schema" value="false"/>
          <column name="Print Parameters" value="false"/>
          <column name="Transmit original context value(if uncheck, there will convert context value to string type before transmiting.)" value="true"/>
          <column name="Label format" value="__PROCESS__"/>
          <column name="Hint format" value="&lt;b&gt;__UNIQUE_NAME__&lt;/b&gt;&lt;br&gt;__COMMENT__"/>
          <column name="Connection format" value="row"/>
          <column name="Show Information" value="false"/>
          <column name="Comment" value=""/>
          <column name="Use an existing validation rule" value="false"/>
          <column name="Validation Rule Type" value=""/>
        </parameters>
        <schemas>
          <schema name="tRunJob_8"/>
        </schemas>
      </component>
      <component icon="pictures/tRunJob_9.png" uniqueName="tRunJob_9" label="__PROCESS__">
        <input link="tParallelize_2">tParallelize_2</input>
        <output>none</output>
        <componentType>tRunJob</componentType>
        <parameters>
          <column name="Unique Name" value="tRunJob_9"/>
          <column name="Component Name" value="tRunJob"/>
          <column name="Version" value="0.101 (ALPHA)"/>
          <column name="Family" value="System|Orchestration"/>
          <column name="Start" value="false"/>
          <column name="Startable" value="true"/>
          <column name="SUBTREE_START" value="true"/>
          <column name="END_OF_FLOW" value="true"/>
          <column name="Activate" value="true"/>
          <column name="DUMMY" value="false"/>
          <column name="tStatCatcher Statistics" value="false"/>
          <column name="Help" value="org.talend.help.tRunJob"/>
          <column name="Update components" value="true"/>
          <column name="IREPORT_PATH" value=""/>
          <column name="JAVA_LIBRARY_PATH" value="C:\Program Files (x86)\Talend-Studio-6.3\studio\configuration\lib\java"/>
          <column name="Subjob color" value=""/>
          <column name="Title color" value=""/>
          <column name="Enable parallel execution" value="false"/>
          <column name="Number of parallel executions" value="2"/>
          <column name="" value="false"/>
          <column name="REPOSITORY_ALLOW_AUTO_SWITCH" value="true"/>
          <column name="Schema" value="Built-In"/>
          <column name="Use dynamic job" value="false"/>
          <column name="Context job" value=""/>
          <column name="Job" value="DimProductPrice"/>
          <column name="Context" value="Default"/>
          <column name="Use an independent process to run subjob" value="false"/>
          <column name="Die on child error" value="true"/>
          <column name="Transmit whole context" value="false"/>
          <column name="Context Param" value="[]"/>
          <column name="Propagate the child result to the output schema" value="false"/>
          <column name="Print Parameters" value="false"/>
          <column name="Transmit original context value(if uncheck, there will convert context value to string type before transmiting.)" value="true"/>
          <column name="Label format" value="__PROCESS__"/>
          <column name="Hint format" value="&lt;b&gt;__UNIQUE_NAME__&lt;/b&gt;&lt;br&gt;__COMMENT__"/>
          <column name="Connection format" value="row"/>
          <column name="Show Information" value="false"/>
          <column name="Comment" value=""/>
          <column name="Use an existing validation rule" value="false"/>
          <column name="Validation Rule Type" value=""/>
        </parameters>
        <schemas>
          <schema name="tRunJob_9"/>
        </schemas>
      </component>
    </internalNodeComponents>
    <externalNodeComponents/>
    <connections>
      <connection label="Parallelize" lineStyle="13" metaname="tParallelize_1" offsetLabelX="0" offsetLabelY="0" source="tParallelize_1" target="tRunJob_1"/>
      <connection label="Parallelize" lineStyle="13" metaname="tParallelize_1" offsetLabelX="0" offsetLabelY="0" source="tParallelize_1" target="tRunJob_7"/>
      <connection label="Parallelize" lineStyle="13" metaname="tParallelize_1" offsetLabelX="0" offsetLabelY="0" source="tParallelize_1" target="tRunJob_8"/>
      <connection label="Parallelize" lineStyle="13" metaname="tParallelize_1" offsetLabelX="0" offsetLabelY="0" source="tParallelize_1" target="tRunJob_4"/>
      <connection label="Parallelize" lineStyle="13" metaname="tParallelize_1" offsetLabelX="0" offsetLabelY="0" source="tParallelize_1" target="tRunJob_5"/>
      <connection label="Parallelize" lineStyle="13" metaname="tParallelize_1" offsetLabelX="0" offsetLabelY="0" source="tParallelize_1" target="tRunJob_6"/>
      <connection label="Parallelize" lineStyle="13" metaname="tParallelize_1" offsetLabelX="0" offsetLabelY="0" source="tParallelize_1" target="tRunJob_2"/>
      <connection label="Parallelize" lineStyle="13" metaname="tParallelize_1" offsetLabelX="0" offsetLabelY="0" source="tParallelize_1" target="tRunJob_14"/>
      <connection label="OnSubjobOk" lineStyle="1" metaname="tRunJob_5" offsetLabelX="0" offsetLabelY="0" source="tRunJob_5" target="tParallelize_3"/>
      <connection label="OnSubjobOk" lineStyle="1" metaname="tRunJob_2" offsetLabelX="0" offsetLabelY="0" source="tRunJob_2" target="tParallelize_2"/>
      <connection label="Parallelize" lineStyle="13" metaname="tParallelize_2" offsetLabelX="0" offsetLabelY="0" source="tParallelize_2" target="tRunJob_3"/>
      <connection label="Parallelize" lineStyle="13" metaname="tParallelize_2" offsetLabelX="0" offsetLabelY="0" source="tParallelize_2" target="tRunJob_9"/>
      <connection label="Parallelize" lineStyle="13" metaname="tParallelize_3" offsetLabelX="0" offsetLabelY="0" source="tParallelize_3" target="tRunJob_10"/>
      <connection label="Parallelize" lineStyle="13" metaname="tParallelize_3" offsetLabelX="0" offsetLabelY="0" source="tParallelize_3" target="tRunJob_12"/>
      <connection label="Parallelize" lineStyle="13" metaname="tParallelize_3" offsetLabelX="0" offsetLabelY="0" source="tParallelize_3" target="tRunJob_11"/>
      <connection label="Parallelize" lineStyle="13" metaname="tParallelize_3" offsetLabelX="0" offsetLabelY="0" source="tParallelize_3" target="tRunJob_13"/>
    </connections>
  </job>
</project>
